-- phpMyAdmin SQL Dump
-- version 4.6.5.2
-- https://www.phpmyadmin.net/
--
-- Host: 127.0.0.1
-- Generation Time: Feb 23, 2017 at 06:32 PM
-- Server version: 5.6.25
-- PHP Version: 5.5.27

SET SQL_MODE = "NO_AUTO_VALUE_ON_ZERO";
SET time_zone = "+00:00";


/*!40101 SET @OLD_CHARACTER_SET_CLIENT=@@CHARACTER_SET_CLIENT */;
/*!40101 SET @OLD_CHARACTER_SET_RESULTS=@@CHARACTER_SET_RESULTS */;
/*!40101 SET @OLD_COLLATION_CONNECTION=@@COLLATION_CONNECTION */;
/*!40101 SET NAMES utf8mb4 */;

--
-- Database: `schoolerp`
--

-- --------------------------------------------------------

--
-- Table structure for table `academicyear`
--

CREATE TABLE `academicyear` (
  `academic_id` int(11) NOT NULL,
  `session_name` varchar(32) NOT NULL,
  `status` int(2) NOT NULL
) ENGINE=InnoDB DEFAULT CHARSET=latin1;

--
-- Dumping data for table `academicyear`
--

INSERT INTO `academicyear` (`academic_id`, `session_name`, `status`) VALUES
(1, '2011 - 2012', 1),
(2, '2014 - 2015', 1),
(4, '2012 - 2013', 0),
(6, '2010 -2011', 0),
(11, '2015 - 2016', 0),
(12, '2016 - 2017', 0),
(13, '2017 - 2018', 0);

-- --------------------------------------------------------

--
-- Table structure for table `accountant`
--

CREATE TABLE `accountant` (
  `accountant_id` int(11) NOT NULL,
  `name` varchar(64) NOT NULL,
  `email` varchar(64) NOT NULL,
  `password` varchar(32) NOT NULL,
  `phone` longtext NOT NULL,
  `address` longtext NOT NULL
) ENGINE=InnoDB DEFAULT CHARSET=latin1;

--
-- Dumping data for table `accountant`
--

INSERT INTO `accountant` (`accountant_id`, `name`, `email`, `password`, `phone`, `address`) VALUES
(1, 'Ltest', 'accountant@gmail.com', '1234', '875649379', 'kalf alsdfjas ldfj');

-- --------------------------------------------------------

--
-- Table structure for table `admin`
--

CREATE TABLE `admin` (
  `admin_id` int(11) NOT NULL,
  `name` longtext COLLATE utf8_unicode_ci NOT NULL,
  `email` longtext COLLATE utf8_unicode_ci NOT NULL,
  `password` longtext COLLATE utf8_unicode_ci NOT NULL,
  `level` longtext COLLATE utf8_unicode_ci NOT NULL
) ENGINE=InnoDB DEFAULT CHARSET=utf8 COLLATE=utf8_unicode_ci;

--
-- Dumping data for table `admin`
--

INSERT INTO `admin` (`admin_id`, `name`, `email`, `password`, `level`) VALUES
(1, 'Testadmin', 'admin@gmail.com', '1234', '1');

-- --------------------------------------------------------

--
-- Table structure for table `assignments`
--

CREATE TABLE `assignments` (
  `assignment_id` int(11) NOT NULL,
  `assignment_teacher` varchar(128) NOT NULL,
  `assignment_title` longtext CHARACTER SET utf8 COLLATE utf8_unicode_ci NOT NULL,
  `assignment` longtext CHARACTER SET utf8 COLLATE utf8_unicode_ci NOT NULL,
  `class_id` int(11) NOT NULL,
  `subject_id` int(11) NOT NULL,
  `teacher_id` int(11) NOT NULL,
  `assignment_attachment` text CHARACTER SET utf8 COLLATE utf8_unicode_ci,
  `posted_on` int(11) NOT NULL,
  `create_timestamp` int(11) NOT NULL
) ENGINE=InnoDB DEFAULT CHARSET=latin1;

-- --------------------------------------------------------

--
-- Table structure for table `attendence`
--

CREATE TABLE `attendence` (
  `attendence_id` int(11) NOT NULL,
  `student_id` int(11) NOT NULL,
  `class_id` int(11) NOT NULL,
  `present` int(11) NOT NULL,
  `month` int(11) NOT NULL
) ENGINE=InnoDB DEFAULT CHARSET=latin1;

--
-- Dumping data for table `attendence`
--

INSERT INTO `attendence` (`attendence_id`, `student_id`, `class_id`, `present`, `month`) VALUES
(1, 144, 45, 0, 1),
(2, 169, 45, 0, 1),
(3, 170, 45, 0, 1),
(4, 171, 45, 0, 1),
(5, 172, 45, 0, 1),
(6, 173, 45, 0, 1),
(7, 174, 45, 0, 1),
(8, 175, 45, 0, 1),
(9, 176, 45, 0, 1),
(10, 194, 45, 0, 1),
(11, 195, 45, 0, 1),
(12, 197, 45, 0, 1),
(13, 198, 45, 0, 1),
(14, 199, 45, 0, 1),
(15, 200, 45, 0, 1),
(16, 201, 45, 0, 1),
(17, 202, 45, 0, 1),
(18, 203, 45, 0, 1),
(19, 204, 45, 0, 1),
(20, 205, 45, 0, 1),
(21, 5, 4, 0, 2),
(22, 217, 3, 21, 1),
(23, 217, 3, 21, 2),
(24, 145, 52, 0, 1),
(25, 146, 52, 0, 1),
(26, 147, 52, 0, 1),
(27, 148, 52, 0, 1),
(28, 149, 52, 0, 1),
(29, 187, 52, 0, 1),
(30, 191, 52, 0, 1),
(31, 145, 52, 0, 2),
(32, 146, 52, 0, 2),
(33, 147, 52, 0, 2),
(34, 148, 52, 0, 2),
(35, 149, 52, 0, 2),
(36, 187, 52, 0, 2),
(37, 191, 52, 0, 2),
(38, 145, 52, 0, 5),
(39, 146, 52, 0, 5),
(40, 147, 52, 0, 5),
(41, 148, 52, 0, 5),
(42, 149, 52, 0, 5),
(43, 187, 52, 0, 5),
(44, 191, 52, 0, 5),
(45, 217, 3, 22, 3),
(46, 217, 3, 10, 4),
(47, 216, 4, 0, 1),
(48, 217, 4, 0, 1),
(49, 215, 4, 0, 2),
(50, 218, 4, 0, 2),
(51, 219, 4, 0, 2),
(52, 220, 4, 0, 2),
(53, 215, 4, 0, 1),
(54, 218, 4, 0, 1),
(55, 219, 4, 0, 1),
(56, 220, 4, 0, 1),
(57, 221, 3, 20, 1),
(58, 222, 3, 19, 1),
(59, 221, 3, 20, 3),
(60, 222, 3, 20, 3),
(61, 221, 3, 23, 2),
(62, 222, 3, 16, 2),
(63, 221, 3, 0, 4),
(64, 222, 3, 12, 4),
(65, 221, 3, 0, 5),
(66, 222, 3, 12, 5),
(67, 221, 3, 0, 6),
(68, 222, 3, 12, 6),
(69, 221, 3, 0, 7),
(70, 222, 3, 13, 7),
(71, 221, 3, 0, 8),
(72, 222, 3, 19, 8),
(73, 221, 3, 0, 9),
(74, 222, 3, 16, 9),
(75, 221, 3, 0, 10),
(76, 222, 3, 19, 10),
(77, 221, 3, 0, 11),
(78, 222, 3, 22, 11),
(79, 221, 3, 0, 12),
(80, 222, 3, 25, 12),
(81, 223, 3, 0, 1),
(82, 224, 3, 0, 1),
(83, 225, 3, 0, 1),
(84, 226, 3, 0, 1),
(85, 227, 3, 0, 1),
(86, 228, 3, 0, 1),
(87, 229, 3, 0, 1),
(88, 230, 3, 0, 1),
(89, 224, 3, 0, 3),
(90, 225, 3, 0, 3),
(91, 226, 3, 0, 3),
(92, 227, 3, 0, 3),
(93, 228, 3, 0, 3),
(94, 229, 3, 0, 3),
(95, 230, 3, 0, 3),
(96, 233, 10, 0, 9),
(97, 251, 24, 22, 1),
(98, 252, 24, 25, 1),
(99, 253, 24, 20, 1),
(100, 251, 24, 222222, 2),
(101, 252, 24, 0, 2),
(102, 253, 24, 0, 2),
(103, 251, 24, 3, 3),
(104, 252, 24, 2, 3),
(105, 255, 24, 1, 3),
(106, 241, 3, 0, 1),
(107, 256, 24, 0, 3),
(108, 258, 24, 0, 3),
(109, 261, 24, 0, 3),
(110, 255, 24, 23, 1),
(111, 256, 24, 12, 1),
(112, 258, 24, 13, 1),
(113, 261, 24, 10, 1),
(114, 240, 6, 0, 1),
(115, 250, 3, 0, 1),
(116, 250, 3, 0, 3),
(117, 263, 3, 0, 3),
(118, 264, 24, 0, 0),
(119, 265, 24, 0, 0),
(120, 251, 24, 7, 5),
(121, 252, 24, 2, 5),
(122, 255, 24, 5, 5),
(123, 256, 24, 6, 5),
(124, 258, 24, 11, 5),
(125, 261, 24, 9, 5),
(126, 264, 24, 7, 5),
(127, 265, 24, 12, 5),
(128, 251, 24, 0, 7),
(129, 252, 24, 0, 7),
(130, 255, 24, 0, 7),
(131, 256, 24, 0, 7),
(132, 258, 24, 0, 7),
(133, 261, 24, 0, 7),
(134, 264, 24, 0, 7),
(135, 265, 24, 0, 7),
(136, 266, 24, 31, 7),
(137, 234, 12, 0, 3),
(138, 263, 3, 0, 1),
(139, 250, 3, 0, 2),
(140, 263, 3, 0, 2),
(141, 6, 22, 3, 2),
(142, 7, 22, 2, 2),
(143, 8, 22, 0, 2),
(144, 9, 22, 0, 2),
(145, 10, 22, 0, 2),
(146, 18, 25, 0, 2),
(147, 19, 25, 0, 2),
(148, 20, 25, 0, 2),
(149, 21, 25, 0, 2),
(150, 22, 25, 0, 2),
(151, 23, 25, 0, 2),
(152, 24, 25, 0, 2),
(153, 25, 25, 0, 2),
(154, 26, 25, 0, 2),
(155, 27, 25, 0, 2),
(156, 18, 25, 0, 3),
(157, 19, 25, 0, 3),
(158, 20, 25, 0, 3),
(159, 21, 25, 0, 3),
(160, 22, 25, 0, 3),
(161, 23, 25, 0, 3),
(162, 24, 25, 0, 3),
(163, 25, 25, 0, 3),
(164, 26, 25, 0, 3),
(165, 27, 25, 0, 3),
(166, 28, 22, 24, 4),
(167, 29, 22, 24, 4),
(168, 30, 22, 21, 4),
(169, 31, 22, 19, 4),
(170, 32, 22, 21, 4),
(171, 28, 22, 0, 1),
(172, 29, 22, 0, 1),
(173, 30, 22, 0, 1),
(174, 31, 22, 0, 1),
(175, 32, 22, 0, 1),
(176, 38, 22, 15, 1),
(177, 28, 22, 0, 6),
(178, 29, 22, 0, 6),
(179, 30, 22, 0, 6),
(180, 31, 22, 0, 6),
(181, 32, 22, 0, 6),
(182, 38, 22, 0, 6),
(183, 33, 23, 15, 6),
(184, 33, 23, 0, 2),
(185, 29, 22, 0, 7),
(186, 30, 22, 0, 7),
(187, 31, 22, 10, 7),
(188, 32, 22, 0, 7),
(189, 38, 22, 0, 7),
(190, 40, 30, 0, 5),
(191, 43, 30, 0, 5),
(192, 44, 30, 0, 5),
(193, 1, 1, 24, 7),
(194, 2, 1, 24, 7),
(195, 1, 2, 0, 7),
(196, 2, 2, 0, 7),
(197, 1, 1, 0, 1),
(198, 2, 1, 0, 1),
(199, 3, 1, 0, 1),
(200, 4, 1, 0, 1),
(201, 5, 1, 0, 1),
(202, 6, 1, 0, 1),
(203, 7, 1, 0, 1),
(204, 8, 1, 0, 1),
(205, 1, 3, 0, 1),
(206, 2, 3, 0, 1);

-- --------------------------------------------------------

--
-- Table structure for table `book`
--

CREATE TABLE `book` (
  `name` longtext COLLATE utf8_unicode_ci NOT NULL,
  `book_id` int(11) NOT NULL,
  `description` longtext COLLATE utf8_unicode_ci NOT NULL,
  `author` longtext COLLATE utf8_unicode_ci NOT NULL,
  `class_id` longtext COLLATE utf8_unicode_ci NOT NULL,
  `status` longtext COLLATE utf8_unicode_ci NOT NULL,
  `price` longtext COLLATE utf8_unicode_ci NOT NULL,
  `books_category_id` int(10) NOT NULL,
  `no_of_copies` int(10) NOT NULL
) ENGINE=InnoDB DEFAULT CHARSET=utf8 COLLATE=utf8_unicode_ci;

-- --------------------------------------------------------

--
-- Table structure for table `books_category`
--

CREATE TABLE `books_category` (
  `books_category_id` int(11) NOT NULL,
  `books_category_name` varchar(100) NOT NULL
) ENGINE=InnoDB DEFAULT CHARSET=latin1;

--
-- Dumping data for table `books_category`
--

INSERT INTO `books_category` (`books_category_id`, `books_category_name`) VALUES
(8, 'Mathematics'),
(9, 'Hindi'),
(10, 'Science'),
(11, 'Social Studies'),
(12, 'English'),
(14, 'Telgu'),
(15, 'GK12345'),
(16, 'hhh'),
(17, 'Mathematics'),
(18, 'Mathematics'),
(19, 'DANCE BOOK'),
(20, 'BIO');

-- --------------------------------------------------------

--
-- Table structure for table `calendar`
--

CREATE TABLE `calendar` (
  `date` date NOT NULL,
  `data` varchar(255) NOT NULL,
  `user_id` int(11) DEFAULT NULL,
  `category_id` int(11) NOT NULL
) ENGINE=MyISAM DEFAULT CHARSET=utf8;

--
-- Dumping data for table `calendar`
--

INSERT INTO `calendar` (`date`, `data`, `user_id`, `category_id`) VALUES
('2014-04-17', 'school function', 1, 0),
('2014-04-23', 'movie lunch ', 1, 0),
('2014-04-24', 'marriage function', 1, 0),
('2014-05-15', 'jai fooolw uop', 1, 0),
('2014-05-23', 'film function rama naidu stduio , 3 leD VANS REQUIRED', 1, 0),
('2014-05-31', 'HTDYCUGCU', 1, 0),
('2014-08-15', 'flim event', 1, 0),
('2014-08-01', 'flim events', 1, 0),
('2014-08-08', 'cultural events', 1, 0),
('2014-08-21', 'uuuu', 1, 0),
('2014-09-03', 'k', 1, 0),
('2014-09-06', 'Me at go', 1, 0),
('2014-11-14', 'how ar eyou ', 1, 0),
('2014-11-11', 'hello', 1, 0),
('2014-12-04', 'hai', 0, 0),
('2015-01-10', 'WEEE', 1, 0),
('2015-01-12', 'teachers day', 0, 0),
('2015-01-13', 'xgnxg', 0, 0),
('2015-01-05', 'ghghjgj', 0, 0),
('2015-01-17', 'hyd', 0, 0),
('2015-02-12', 'test', 0, 0),
('2015-01-31', 'fddyfgh', 0, 0),
('2015-01-02', 'testing-2', 0, 0),
('2015-01-24', 'testing-1\n', 0, 0),
('2015-01-04', 'ggggg', 0, 0),
('2015-01-25', 'testing even', 0, 0),
('2015-01-26', 'ksadfl jlasf', 0, 0),
('2015-01-27', 'testing-7', 0, 0),
('2015-01-28', 'testing-8', 0, 0),
('2015-01-29', 'testing-9', 0, 0),
('2014-12-01', 'monday', 0, 0),
('2015-01-09', 'jlkhuihyuhjkh', 0, 0),
('2015-01-08', 'bhutan', 0, 0),
('2015-01-30', 'aikya birthday', 0, 0),
('2015-01-01', '//K/KlL:', 0, 0),
('2015-02-01', 'hai', 0, 0),
('2015-02-15', 'Diwali', 0, 0),
('2015-02-14', 'birthday', 0, 0),
('2015-02-18', 'holidays from 18th feb', 0, 0),
('2015-02-13', 'news', 0, 3),
('2015-02-05', 'exams', 0, 2),
('2015-11-28', 'Importance of the Day', 0, 0),
('2016-03-26', 'asdfasf', 0, 0),
('2016-04-08', 'registered', 0, 0),
('2016-05-12', '454545', 0, 0),
('2017-01-19', 'demo', 0, 0),
('2017-01-26', 'Republic Day Celebration...!!!!!', 0, 0);

-- --------------------------------------------------------

--
-- Table structure for table `cce_assessment`
--

CREATE TABLE `cce_assessment` (
  `term_id` int(11) NOT NULL,
  `term_name` varchar(255) NOT NULL,
  `term_start_date` int(11) NOT NULL,
  `term_end_date` int(11) NOT NULL
) ENGINE=InnoDB DEFAULT CHARSET=latin1;

--
-- Dumping data for table `cce_assessment`
--

INSERT INTO `cce_assessment` (`term_id`, `term_name`, `term_start_date`, `term_end_date`) VALUES
(1, 'Term 1', 1443744000, 1443744555),
(2, 'Term 2', 1438646400, 0),
(3, 'TERM 3', 1428217200, 1430377200);

-- --------------------------------------------------------

--
-- Table structure for table `cce_assessment_assign`
--

CREATE TABLE `cce_assessment_assign` (
  `assessement_id` int(11) NOT NULL,
  `term_name` varchar(128) NOT NULL,
  `assessement_type` varchar(128) NOT NULL,
  `assessement_name` varchar(128) NOT NULL,
  `assessement_weightage` int(11) NOT NULL
) ENGINE=InnoDB DEFAULT CHARSET=latin1;

--
-- Dumping data for table `cce_assessment_assign`
--

INSERT INTO `cce_assessment_assign` (`assessement_id`, `term_name`, `assessement_type`, `assessement_name`, `assessement_weightage`) VALUES
(1, '1', 'Formative', 'FA1', 10),
(2, '1', 'Formative', 'FA11', 10),
(3, '2', 'Formative', 'FA2', 10),
(4, '2', 'Formative', 'FA22', 10);

-- --------------------------------------------------------

--
-- Table structure for table `cce_attendance`
--

CREATE TABLE `cce_attendance` (
  `attendance_id` int(11) NOT NULL,
  `attendance_class_id` int(11) NOT NULL,
  `attendance_student_id` int(11) NOT NULL,
  `attendance_term1_present` int(11) NOT NULL,
  `attendance_term2_present` int(11) NOT NULL
) ENGINE=InnoDB DEFAULT CHARSET=latin1;

--
-- Dumping data for table `cce_attendance`
--

INSERT INTO `cce_attendance` (`attendance_id`, `attendance_class_id`, `attendance_student_id`, `attendance_term1_present`, `attendance_term2_present`) VALUES
(1, 6, 240, 0, 0),
(2, 6, 241, 0, 0),
(3, 6, 262, 0, 0),
(4, 3, 250, 0, 0),
(5, 3, 263, 0, 0);

-- --------------------------------------------------------

--
-- Table structure for table `cce_category`
--

CREATE TABLE `cce_category` (
  `cce_id` int(11) NOT NULL,
  `category` varchar(255) NOT NULL
) ENGINE=InnoDB DEFAULT CHARSET=latin1;

--
-- Dumping data for table `cce_category`
--

INSERT INTO `cce_category` (`cce_id`, `category`) VALUES
(1, 'Scholastic Areas'),
(2, 'Co-scholastic areas'),
(3, 'Co-Scholastic Activities');

-- --------------------------------------------------------

--
-- Table structure for table `cce_class_indicator`
--

CREATE TABLE `cce_class_indicator` (
  `ci_id` int(11) NOT NULL,
  `class` varchar(128) NOT NULL,
  `category_name` varchar(128) NOT NULL,
  `skill_name` varchar(128) NOT NULL,
  `indicator_name` varchar(128) NOT NULL,
  `indicator_checked` int(2) NOT NULL,
  `indicator_grade` varchar(8) NOT NULL
) ENGINE=InnoDB DEFAULT CHARSET=latin1;

--
-- Dumping data for table `cce_class_indicator`
--

INSERT INTO `cce_class_indicator` (`ci_id`, `class`, `category_name`, `skill_name`, `indicator_name`, `indicator_checked`, `indicator_grade`) VALUES
(1, '25', '1', '1', '1', 0, ''),
(2, '25', '2', '2', '2', 0, ''),
(3, '25', '3', '6', '3', 0, ''),
(4, '24', '1', '1', '1', 1, 'A'),
(5, '24', '2', '2', '2', 1, 'C'),
(6, '24', '3', '6', '3', 1, 'B'),
(7, '22', '1', '1', '1', 1, 'B'),
(8, '22', '2', '2', '2', 0, ''),
(9, '22', '3', '6', '3', 0, ''),
(10, '23', '1', '1', '1', 0, ''),
(11, '23', '2', '2', '2', 0, ''),
(12, '23', '2', '5', '4', 0, ''),
(13, '23', '3', '6', '3', 0, ''),
(14, '22', '2', '5', '4', 0, ''),
(15, '1', '1', '1', '1', 0, ''),
(16, '1', '2', '2', '2', 0, ''),
(17, '1', '2', '5', '4', 0, ''),
(18, '1', '3', '6', '3', 0, ''),
(19, '3', '1', '1', '1', 0, ''),
(20, '3', '2', '2', '2', 0, ''),
(21, '3', '2', '5', '4', 0, ''),
(22, '3', '3', '6', '3', 0, ''),
(23, '2', '1', '1', '1', 0, ''),
(24, '2', '2', '2', '2', 0, ''),
(25, '2', '2', '5', '4', 0, ''),
(26, '2', '3', '6', '3', 0, ''),
(27, '4', '1', '1', '1', 0, ''),
(28, '4', '2', '2', '2', 0, ''),
(29, '4', '2', '5', '4', 0, ''),
(30, '4', '3', '6', '3', 0, '');

-- --------------------------------------------------------

--
-- Table structure for table `cce_grades`
--

CREATE TABLE `cce_grades` (
  `grade_id` int(11) NOT NULL,
  `set_name` varchar(255) NOT NULL,
  `grade_name` varchar(255) NOT NULL,
  `lower_bound` int(11) NOT NULL,
  `upper_bound` int(11) NOT NULL,
  `grade_points` int(11) NOT NULL
) ENGINE=InnoDB DEFAULT CHARSET=latin1;

--
-- Dumping data for table `cce_grades`
--

INSERT INTO `cce_grades` (`grade_id`, `set_name`, `grade_name`, `lower_bound`, `upper_bound`, `grade_points`) VALUES
(1, '1', 'A1', 91, 100, 10),
(2, '1', 'B1', 81, 90, 9),
(3, '2', 'DANCE', 3, 10, 10),
(4, '1', 'C1', 71, 80, 8);

-- --------------------------------------------------------

--
-- Table structure for table `cce_gradesets`
--

CREATE TABLE `cce_gradesets` (
  `set_id` int(11) NOT NULL,
  `set_name` varchar(255) NOT NULL
) ENGINE=InnoDB DEFAULT CHARSET=latin1;

--
-- Dumping data for table `cce_gradesets`
--

INSERT INTO `cce_gradesets` (`set_id`, `set_name`) VALUES
(1, 'Scholastic GradeSet'),
(2, '1');

-- --------------------------------------------------------

--
-- Table structure for table `cce_grade_skills`
--

CREATE TABLE `cce_grade_skills` (
  `grade_skill_id` int(11) NOT NULL,
  `grade_set` varchar(128) NOT NULL,
  `category_name` varchar(128) NOT NULL,
  `skill_name` varchar(128) NOT NULL
) ENGINE=InnoDB DEFAULT CHARSET=latin1;

--
-- Dumping data for table `cce_grade_skills`
--

INSERT INTO `cce_grade_skills` (`grade_skill_id`, `grade_set`, `category_name`, `skill_name`) VALUES
(1, '1', '2', '3'),
(2, '1', '2', '4');

-- --------------------------------------------------------

--
-- Table structure for table `cce_indicators`
--

CREATE TABLE `cce_indicators` (
  `indicator_id` int(11) NOT NULL,
  `category_name` varchar(255) NOT NULL,
  `parent_skill` varchar(25) NOT NULL,
  `indicator_name` longtext NOT NULL
) ENGINE=InnoDB DEFAULT CHARSET=latin1;

--
-- Dumping data for table `cce_indicators`
--

INSERT INTO `cce_indicators` (`indicator_id`, `category_name`, `parent_skill`, `indicator_name`) VALUES
(1, '1', '1', 'Needs to view problems as stepping stones to success'),
(2, '2', '2', 'Fairly good in identifying and stating the problem'),
(3, '3', '6', 'Is extraordinarily versatile at vocal and instrumental music'),
(4, '2', '5', 'SERIOUS');

-- --------------------------------------------------------

--
-- Table structure for table `cce_max_attendance`
--

CREATE TABLE `cce_max_attendance` (
  `max_attendance_id` int(11) NOT NULL,
  `max_attendance_term1` int(11) NOT NULL,
  `max_attendance_term2` int(11) NOT NULL
) ENGINE=InnoDB DEFAULT CHARSET=latin1;

--
-- Dumping data for table `cce_max_attendance`
--

INSERT INTO `cce_max_attendance` (`max_attendance_id`, `max_attendance_term1`, `max_attendance_term2`) VALUES
(1, 350, 420);

-- --------------------------------------------------------

--
-- Table structure for table `cce_skills`
--

CREATE TABLE `cce_skills` (
  `skill_id` int(11) NOT NULL,
  `category_name` varchar(128) NOT NULL,
  `skill_name` varchar(128) NOT NULL,
  `parent_skill` varchar(128) NOT NULL
) ENGINE=InnoDB DEFAULT CHARSET=latin1;

--
-- Dumping data for table `cce_skills`
--

INSERT INTO `cce_skills` (`skill_id`, `category_name`, `skill_name`, `parent_skill`) VALUES
(1, '1', 'Performing Arts', 'none'),
(2, '2', 'Life Skills ', 'none'),
(3, '2', 'Self Awareness', '2'),
(4, '2', 'Problem Solving', '2'),
(5, '2', 'Thinking Skills', '2'),
(6, '3', 'Health and Physical Education', 'none'),
(7, '1', 'SINGING', '1');

-- --------------------------------------------------------

--
-- Table structure for table `cce_tests`
--

CREATE TABLE `cce_tests` (
  `test_id` int(11) NOT NULL,
  `test_name` varchar(225) NOT NULL,
  `test_assessement_id` int(11) NOT NULL,
  `test_class_id` int(11) NOT NULL,
  `test_status` int(11) NOT NULL DEFAULT '1',
  `test_added_date` datetime NOT NULL,
  `test_modifiled_date` datetime NOT NULL,
  `test_delete` varchar(10) NOT NULL DEFAULT '0'
) ENGINE=InnoDB DEFAULT CHARSET=latin1;

--
-- Dumping data for table `cce_tests`
--

INSERT INTO `cce_tests` (`test_id`, `test_name`, `test_assessement_id`, `test_class_id`, `test_status`, `test_added_date`, `test_modifiled_date`, `test_delete`) VALUES
(1, 'Test', 1, 6, 1, '2015-02-11 13:00:28', '0000-00-00 00:00:00', '0'),
(2, 'Test Name', 2, 6, 1, '2015-02-11 13:00:40', '0000-00-00 00:00:00', '0'),
(3, 'My Test', 3, 6, 1, '2015-02-11 13:00:55', '2015-02-11 13:01:06', '1');

-- --------------------------------------------------------

--
-- Table structure for table `class`
--

CREATE TABLE `class` (
  `class_id` int(11) NOT NULL,
  `name` longtext COLLATE utf8_unicode_ci NOT NULL,
  `name_numeric` longtext COLLATE utf8_unicode_ci NOT NULL,
  `teacher_id` int(11) NOT NULL
) ENGINE=InnoDB DEFAULT CHARSET=utf8 COLLATE=utf8_unicode_ci;

--
-- Dumping data for table `class`
--

INSERT INTO `class` (`class_id`, `name`, `name_numeric`, `teacher_id`) VALUES
(1, 'LKG - A', 'SECTION', 1),
(2, 'LKG - B', 'SECTION', 2),
(3, 'PG', '21', 5),
(4, 'Class I', '1', 5);

-- --------------------------------------------------------

--
-- Table structure for table `classnotice`
--

CREATE TABLE `classnotice` (
  `notice_id` int(11) NOT NULL,
  `notice_class` varchar(32) NOT NULL,
  `notice_title` longtext NOT NULL,
  `notice` longtext NOT NULL,
  `create_timestamp` int(11) NOT NULL
) ENGINE=InnoDB DEFAULT CHARSET=latin1;

--
-- Dumping data for table `classnotice`
--

INSERT INTO `classnotice` (`notice_id`, `notice_class`, `notice_title`, `notice`, `create_timestamp`) VALUES
(1, '4', 'class notice testing-1', 'testing message sending here....', 1412467200),
(2, '46', 'test notice-2', 'testing message-2', 1414540800),
(5, '45', 'asdfas', 'asdfasd asdf asdfas', 1421449200),
(6, '46', 'Suresh', 'mytesting notice will be enter here...<br>', 1420844400),
(7, '4', 'kputpeuptj', 'thjd', 1419897600),
(8, '24', 'External exams ', 'Time table', 78796800),
(9, '22', 'Internal', 'eggdfgdfg', 1512086400),
(10, '24', 'Telangana Bandh ', 'Holidays', 0),
(16, '21', 'assignmnet 1 ', '<b>dsaddsds</b>', 1424304000),
(17, '21', 'slip test ', '<ul><li>slip test from march 1st to march 5th &nbsp;from 3rd class students</li></ul>', 1424217600),
(18, '25', 'DIWALI', 'HAPPY DIWALI', 1425196800),
(19, '27', 'DANCE', '', 1430722800),
(20, '', '', '', 0),
(21, '', '', '', 0),
(23, '', '', '', 0),
(24, '23', '', '', 0),
(25, '', '', '', 0),
(26, '23', '', '', 0),
(27, '26', 'dsfsd', 'dsfsdfds', 0),
(28, '27', 'm', '', 0),
(29, '26', 'fghgf', 'hfghfgh', 0),
(30, '25', 'fdsdfd', 'dfsdf', 0),
(31, '29', 'ABC', 'ABC', 1436598000),
(32, '1', 'PTM', 'Hi', 1455836400);

-- --------------------------------------------------------

--
-- Table structure for table `class_routine`
--

CREATE TABLE `class_routine` (
  `class_routine_id` int(11) NOT NULL,
  `class_id` int(11) NOT NULL,
  `subject_id` int(11) NOT NULL,
  `time_start` int(11) NOT NULL,
  `time_start_min` int(3) NOT NULL,
  `time_end` int(11) NOT NULL,
  `time_end_min` int(3) NOT NULL,
  `day` longtext COLLATE utf8_unicode_ci NOT NULL
) ENGINE=InnoDB DEFAULT CHARSET=utf8 COLLATE=utf8_unicode_ci;

--
-- Dumping data for table `class_routine`
--

INSERT INTO `class_routine` (`class_routine_id`, `class_id`, `subject_id`, `time_start`, `time_start_min`, `time_end`, `time_end_min`, `day`) VALUES
(1, 1, 1, 9, 0, 10, 0, 'monday'),
(2, 1, 2, 10, 0, 11, 0, 'monday'),
(3, 1, 3, 11, 0, 12, 0, 'monday'),
(4, 1, 3, 9, 0, 10, 0, 'tuesday'),
(5, 3, 3, 8, 0, 10, 0, 'monday');

-- --------------------------------------------------------

--
-- Table structure for table `class_wise_fees`
--

CREATE TABLE `class_wise_fees` (
  `fee_amount_id` int(11) NOT NULL,
  `class` int(11) NOT NULL,
  `fee_category` int(11) NOT NULL,
  `fee_amount` int(11) NOT NULL
) ENGINE=InnoDB DEFAULT CHARSET=latin1;

-- --------------------------------------------------------

--
-- Table structure for table `daily_attendence`
--

CREATE TABLE `daily_attendence` (
  `daily_attendence_id` int(11) NOT NULL,
  `student_id` int(11) NOT NULL,
  `class_id` int(11) NOT NULL,
  `present_flag` varchar(10) NOT NULL,
  `reason_for_absent` varchar(225) NOT NULL,
  `present_date` date NOT NULL
) ENGINE=InnoDB DEFAULT CHARSET=latin1;

--
-- Dumping data for table `daily_attendence`
--

INSERT INTO `daily_attendence` (`daily_attendence_id`, `student_id`, `class_id`, `present_flag`, `reason_for_absent`, `present_date`) VALUES
(7, 222, 3, 'P', '', '2015-01-12'),
(8, 221, 4, 'P', '', '2015-01-12'),
(9, 221, 4, 'A', '', '2015-01-13'),
(10, 221, 4, 'P', '', '2015-01-14'),
(11, 222, 3, 'A', '', '2015-01-13'),
(12, 221, 3, 'P', '', '2015-01-09'),
(13, 222, 3, 'P', '', '2015-01-09'),
(14, 221, 3, 'A', '', '2015-01-06'),
(15, 224, 3, 'P', '', '2015-01-06'),
(16, 225, 3, 'P', '', '2015-01-06'),
(17, 226, 3, 'P', '', '2015-01-06'),
(18, 227, 3, 'P', '', '2015-01-06'),
(19, 228, 3, 'P', '', '2015-01-06'),
(20, 229, 3, 'P', '', '2015-01-06'),
(21, 230, 3, 'P', '', '2015-01-06'),
(22, 221, 3, 'P', '', '2015-01-15'),
(23, 222, 3, 'P', '', '2015-01-15'),
(24, 224, 3, 'A', '', '2015-01-15'),
(25, 225, 3, 'P', '', '2015-01-15'),
(26, 226, 3, 'P', '', '2015-01-15'),
(27, 227, 3, 'P', '', '2015-01-15'),
(28, 228, 3, 'P', '', '2015-01-15'),
(29, 229, 3, 'P', '', '2015-01-15'),
(30, 230, 3, 'P', '', '2015-01-15'),
(31, 223, 4, 'P', '', '2015-01-17'),
(32, 234, 4, 'A', '', '2015-01-17'),
(33, 223, 4, 'A', '', '1970-01-01'),
(34, 234, 4, 'P', '', '1970-01-01'),
(35, 223, 4, 'P', '', '2015-01-19'),
(36, 234, 4, 'P', '', '2015-01-19'),
(37, 234, 3, 'A', '', '1970-01-01'),
(38, 240, 3, 'P', '', '1970-01-01'),
(39, 241, 3, 'P', '', '1970-01-01'),
(40, 240, 3, 'A', '', '2015-01-22'),
(41, 241, 3, 'A', '', '2015-01-22'),
(42, 251, 24, 'A', '', '1970-01-01'),
(43, 252, 24, 'P', '', '1970-01-01'),
(44, 255, 24, 'A', '', '1970-01-01'),
(45, 251, 24, 'A', '', '2014-01-12'),
(46, 252, 24, 'P', '', '2014-01-12'),
(47, 255, 24, 'P', '', '2014-01-12'),
(48, 240, 6, 'P', '', '2015-01-02'),
(49, 241, 3, 'A', '', '2015-01-26'),
(50, 241, 3, 'A', '', '2015-01-27'),
(51, 234, 12, 'P', '', '2015-01-27'),
(52, 241, 3, 'P', '', '2015-01-30'),
(53, 251, 24, 'P', '', '2015-01-01'),
(54, 252, 24, 'P', '', '2015-01-01'),
(55, 255, 24, 'P', '', '2015-01-01'),
(56, 256, 24, 'P', '', '2015-01-01'),
(57, 258, 24, 'P', '', '2015-01-01'),
(58, 261, 24, 'P', '', '2015-01-01'),
(59, 251, 24, 'P', '', '2015-08-01'),
(60, 252, 24, 'P', '', '2015-08-01'),
(61, 255, 24, 'P', '', '2015-08-01'),
(62, 256, 24, 'P', '', '2015-08-01'),
(63, 258, 24, 'P', '', '2015-08-01'),
(64, 261, 24, 'P', '', '2015-08-01'),
(65, 240, 6, 'A', '', '1970-01-01'),
(66, 241, 6, 'P', '', '1970-01-01'),
(67, 250, 6, 'P', '', '1970-01-01'),
(68, 240, 3, 'A', '', '2015-02-02'),
(69, 241, 3, 'P', '', '2015-02-02'),
(70, 250, 3, 'P', '', '2015-02-02'),
(71, 240, 3, 'P', '', '2015-01-01'),
(72, 241, 3, 'P', '', '2015-01-01'),
(73, 250, 3, 'P', '', '2015-01-01'),
(74, 234, 12, 'P', '', '2015-02-03'),
(75, 241, 3, 'P', '', '2015-02-01'),
(76, 250, 3, 'P', '', '2015-02-01'),
(77, 241, 3, 'P', '', '2015-02-04'),
(78, 250, 3, 'P', '', '2015-02-04'),
(79, 251, 24, 'A', '', '2015-02-03'),
(80, 252, 24, 'P', '', '2015-02-03'),
(81, 255, 24, 'P', '', '2015-02-03'),
(82, 256, 24, 'A', '', '2015-02-03'),
(83, 258, 24, 'P', '', '2015-02-03'),
(84, 261, 24, 'A', '', '2015-02-03'),
(85, 250, 3, 'P', '', '2015-05-02'),
(86, 240, 6, 'A', '', '2015-02-25'),
(87, 241, 6, 'P', '', '2015-02-25'),
(88, 262, 6, 'P', '', '2015-02-25'),
(89, 251, 24, 'P', '', '2015-10-02'),
(90, 252, 24, 'P', '', '2015-10-02'),
(91, 255, 24, 'P', '', '2015-10-02'),
(92, 256, 24, 'P', '', '2015-10-02'),
(93, 258, 24, 'P', '', '2015-10-02'),
(94, 261, 24, 'P', '', '2015-10-02'),
(95, 264, 24, 'P', '', '2015-10-02'),
(96, 265, 24, 'P', '', '2015-10-02'),
(97, 266, 24, 'P', '', '2015-10-02'),
(98, 250, 3, 'P', '', '2015-02-12'),
(99, 263, 3, 'P', '', '2015-02-12'),
(100, 250, 3, 'P', '', '2015-02-17'),
(101, 263, 3, 'P', '', '2015-02-17'),
(102, 240, 6, 'A', '', '2015-02-12'),
(103, 241, 6, 'P', '', '2015-02-12'),
(104, 262, 6, 'P', '', '2015-02-12'),
(105, 250, 3, 'A', '', '2015-02-13'),
(106, 263, 3, 'P', '', '2015-02-13'),
(107, 250, 3, 'A', '', '2015-02-14'),
(108, 263, 3, 'P', '', '2015-02-14'),
(109, 250, 3, 'P', '', '2015-01-11'),
(110, 263, 3, 'A', '', '2015-01-11'),
(111, 257, 17, 'P', '', '2015-02-16'),
(112, 1, 21, 'P', '', '1970-01-01'),
(113, 1, 21, 'P', '', '2015-02-08'),
(114, 1, 21, 'P', '', '2015-03-02'),
(115, 1, 21, 'P', '', '2015-02-18'),
(116, 2, 21, 'P', '', '2015-02-18'),
(117, 1, 21, 'A', '', '2015-02-17'),
(118, 2, 21, 'A', '', '2015-02-17'),
(119, 3, 3, 'P', '', '2015-02-18'),
(120, 3, 3, 'P', '', '2015-11-02'),
(121, 6, 22, 'P', '', '1970-01-01'),
(122, 7, 22, 'P', '', '1970-01-01'),
(123, 8, 22, 'P', '', '1970-01-01'),
(124, 9, 22, 'P', '', '1970-01-01'),
(125, 10, 22, 'A', '', '1970-01-01'),
(126, 6, 22, 'P', '', '2015-12-02'),
(127, 7, 22, 'P', '', '2015-12-02'),
(128, 8, 22, 'P', '', '2015-12-02'),
(129, 9, 22, 'P', '', '2015-12-02'),
(130, 10, 22, 'P', '', '2015-12-02'),
(131, 17, 22, 'P', '', '2015-12-02'),
(132, 6, 22, 'A', '', '2015-02-20'),
(133, 7, 22, 'P', '', '2015-02-20'),
(134, 8, 22, 'A', '', '2015-02-20'),
(135, 9, 22, 'A', '', '2015-02-20'),
(136, 10, 22, 'P', '', '2015-02-20'),
(137, 17, 22, 'P', '', '2015-02-20'),
(138, 6, 22, 'A', '', '2015-02-21'),
(139, 7, 22, 'P', '', '2015-02-21'),
(140, 8, 22, 'P', '', '2015-02-21'),
(141, 9, 22, 'P', '', '2015-02-21'),
(142, 10, 22, 'P', '', '2015-02-21'),
(143, 17, 22, 'P', '', '2015-02-21'),
(144, 18, 25, 'A', '', '1969-12-31'),
(145, 19, 25, 'P', '', '1969-12-31'),
(146, 20, 25, 'P', '', '1969-12-31'),
(147, 21, 25, 'P', '', '1969-12-31'),
(148, 22, 25, 'P', '', '1969-12-31'),
(149, 23, 25, 'P', '', '1969-12-31'),
(150, 24, 25, 'P', '', '1969-12-31'),
(151, 25, 25, 'P', '', '1969-12-31'),
(152, 26, 25, 'P', '', '1969-12-31'),
(153, 27, 25, 'P', '', '1969-12-31'),
(154, 28, 25, 'P', '', '1969-12-31'),
(155, 29, 25, 'P', '', '1969-12-31'),
(156, 30, 25, 'P', '', '1969-12-31'),
(157, 18, 25, 'A', '', '1969-12-07'),
(158, 19, 25, 'P', '', '1969-12-07'),
(159, 20, 25, 'P', '', '1969-12-07'),
(160, 21, 25, 'A', '', '1969-12-07'),
(161, 22, 25, 'P', '', '1969-12-07'),
(162, 23, 25, 'P', '', '1969-12-07'),
(163, 24, 25, 'P', '', '1969-12-07'),
(164, 25, 25, 'P', '', '1969-12-07'),
(165, 26, 25, 'P', '', '1969-12-07'),
(166, 27, 25, 'P', '', '1969-12-07'),
(167, 28, 25, 'P', '', '1969-12-07'),
(168, 29, 25, 'P', '', '1969-12-07'),
(169, 30, 25, 'P', '', '1969-12-07'),
(170, 18, 25, 'A', '', '2015-02-24'),
(171, 19, 25, 'P', '', '2015-02-24'),
(172, 20, 25, 'P', '', '2015-02-24'),
(173, 21, 25, 'P', '', '2015-02-24'),
(174, 22, 25, 'P', '', '2015-02-24'),
(175, 23, 25, 'P', '', '2015-02-24'),
(176, 24, 25, 'P', '', '2015-02-24'),
(177, 25, 25, 'P', '', '2015-02-24'),
(178, 26, 25, 'P', '', '2015-02-24'),
(179, 27, 25, 'P', '', '2015-02-24'),
(180, 28, 25, 'P', '', '2015-02-24'),
(181, 29, 25, 'P', '', '2015-02-24'),
(182, 30, 25, 'P', '', '2015-02-24'),
(183, 31, 25, 'P', '', '2015-02-24'),
(184, 32, 25, 'P', '', '2015-02-24'),
(185, 18, 25, 'P', '', '2015-03-01'),
(186, 19, 25, 'A', '', '2015-03-01'),
(187, 20, 25, 'A', '', '2015-03-01'),
(188, 21, 25, 'A', '', '2015-03-01'),
(189, 22, 25, 'P', '', '2015-03-01'),
(190, 23, 25, 'A', '', '2015-03-01'),
(191, 24, 25, 'P', '', '2015-03-01'),
(192, 25, 25, 'P', '', '2015-03-01'),
(193, 26, 25, 'P', '', '2015-03-01'),
(194, 27, 25, 'P', '', '2015-03-01'),
(195, 28, 22, 'A', '', '2015-03-03'),
(196, 29, 22, 'P', '', '2015-03-03'),
(197, 30, 22, 'P', '', '2015-03-03'),
(198, 31, 22, 'P', '', '2015-03-03'),
(199, 32, 22, 'P', '', '2015-03-03'),
(200, 28, 22, 'A', '', '2015-03-02'),
(201, 29, 22, 'A', '', '2015-03-02'),
(202, 30, 22, 'P', '', '2015-03-02'),
(203, 31, 22, 'P', '', '2015-03-02'),
(204, 32, 22, 'P', '', '2015-03-02'),
(205, 28, 22, 'A', '', '2015-03-07'),
(206, 29, 22, 'P', '', '2015-03-07'),
(207, 30, 22, 'P', '', '2015-03-07'),
(208, 31, 22, 'P', '', '2015-03-07'),
(209, 32, 22, 'P', '', '2015-03-07'),
(210, 28, 22, 'P', '', '2015-04-04'),
(211, 29, 22, 'A', '', '2015-04-04'),
(212, 30, 22, 'P', '', '2015-04-04'),
(213, 31, 22, 'P', '', '2015-04-04'),
(214, 32, 22, 'P', '', '2015-04-04'),
(215, 28, 22, 'A', '', '2015-08-04'),
(216, 29, 22, 'P', '', '2015-08-04'),
(217, 30, 22, 'A', '', '2015-08-04'),
(218, 31, 22, 'P', '', '2015-08-04'),
(219, 32, 22, 'P', '', '2015-08-04'),
(220, 38, 22, 'A', '', '2015-08-04'),
(221, 28, 22, 'P', '', '2015-09-04'),
(222, 29, 22, 'P', '', '2015-09-04'),
(223, 30, 22, 'P', '', '2015-09-04'),
(224, 31, 22, 'P', '', '2015-09-04'),
(225, 32, 22, 'P', '', '2015-09-04'),
(226, 38, 22, 'P', '', '2015-09-04'),
(227, 33, 23, 'P', '', '2015-04-06'),
(228, 28, 22, 'P', '', '2015-04-06'),
(229, 29, 22, 'P', '', '2015-04-06'),
(230, 30, 22, 'P', '', '2015-04-06'),
(231, 31, 22, 'P', '', '2015-04-06'),
(232, 32, 22, 'P', '', '2015-04-06'),
(233, 38, 22, 'P', '', '2015-04-06'),
(234, 33, 23, 'A', '', '1969-12-31'),
(235, 34, 24, 'P', '', '1969-12-07'),
(236, 35, 24, 'P', '', '1969-12-07'),
(237, 36, 24, 'P', '', '1969-12-07'),
(238, 37, 24, 'A', '', '1969-12-07'),
(239, 18, 25, 'P', '', '2015-02-01'),
(240, 19, 25, 'P', '', '2015-02-01'),
(241, 20, 25, 'P', '', '2015-02-01'),
(242, 21, 25, 'P', '', '2015-02-01'),
(243, 22, 25, 'P', '', '2015-02-01'),
(244, 23, 25, 'P', '', '2015-02-01'),
(245, 24, 25, 'P', '', '2015-02-01'),
(246, 25, 25, 'P', '', '2015-02-01'),
(247, 26, 25, 'P', '', '2015-02-01'),
(248, 27, 25, 'P', '', '2015-02-01'),
(249, 18, 25, 'P', '', '2015-01-02'),
(250, 19, 25, 'P', '', '2015-01-02'),
(251, 20, 25, 'P', '', '2015-01-02'),
(252, 21, 25, 'P', '', '2015-01-02'),
(253, 22, 25, 'P', '', '2015-01-02'),
(254, 23, 25, 'P', '', '2015-01-02'),
(255, 24, 25, 'P', '', '2015-01-02'),
(256, 25, 25, 'P', '', '2015-01-02'),
(257, 26, 25, 'P', '', '2015-01-02'),
(258, 27, 25, 'P', '', '2015-01-02'),
(259, 18, 25, 'P', '', '2015-04-04'),
(260, 19, 25, 'P', '', '2015-04-04'),
(261, 20, 25, 'P', '', '2015-04-04'),
(262, 21, 25, 'P', '', '2015-04-04'),
(263, 22, 25, 'P', '', '2015-04-04'),
(264, 23, 25, 'P', '', '2015-04-04'),
(265, 24, 25, 'P', '', '2015-04-04'),
(266, 25, 25, 'P', '', '2015-04-04'),
(267, 26, 25, 'P', '', '2015-04-04'),
(268, 27, 25, 'P', '', '2015-04-04'),
(269, 18, 25, 'P', '', '2015-04-05'),
(270, 19, 25, 'P', '', '2015-04-05'),
(271, 20, 25, 'P', '', '2015-04-05'),
(272, 21, 25, 'P', '', '2015-04-05'),
(273, 22, 25, 'P', '', '2015-04-05'),
(274, 23, 25, 'P', '', '2015-04-05'),
(275, 24, 25, 'P', '', '2015-04-05'),
(276, 25, 25, 'P', '', '2015-04-05'),
(277, 26, 25, 'P', '', '2015-04-05'),
(278, 27, 25, 'P', '', '2015-04-05'),
(279, 18, 25, 'P', '', '2015-03-04'),
(280, 19, 25, 'P', '', '2015-03-04'),
(281, 20, 25, 'P', '', '2015-03-04'),
(282, 21, 25, 'P', '', '2015-03-04'),
(283, 22, 25, 'P', '', '2015-03-04'),
(284, 23, 25, 'P', '', '2015-03-04'),
(285, 24, 25, 'P', '', '2015-03-04'),
(286, 25, 25, 'P', '', '2015-03-04'),
(287, 26, 25, 'P', '', '2015-03-04'),
(288, 27, 25, 'P', '', '2015-03-04'),
(289, 28, 22, 'P', '', '2015-02-01'),
(290, 29, 22, 'P', '', '2015-02-01'),
(291, 30, 22, 'P', '', '2015-02-01'),
(292, 31, 22, 'P', '', '2015-02-01'),
(293, 32, 22, 'P', '', '2015-02-01'),
(294, 38, 22, 'P', '', '2015-02-01'),
(295, 28, 22, 'P', '', '2014-02-01'),
(296, 29, 22, 'P', '', '2014-02-01'),
(297, 30, 22, 'P', '', '2014-02-01'),
(298, 31, 22, 'P', '', '2014-02-01'),
(299, 32, 22, 'P', '', '2014-02-01'),
(300, 38, 22, 'P', '', '2014-02-01'),
(301, 28, 22, 'P', '', '2015-06-23'),
(302, 29, 22, 'P', '', '2015-06-23'),
(303, 30, 22, 'P', '', '2015-06-23'),
(304, 31, 22, 'P', '', '2015-06-23'),
(305, 32, 22, 'P', '', '2015-06-23'),
(306, 38, 22, 'P', '', '2015-06-23'),
(307, 28, 22, 'P', '', '1969-12-31'),
(308, 29, 22, 'P', '', '1969-12-31'),
(309, 30, 22, 'P', '', '1969-12-31'),
(310, 31, 22, 'P', '', '1969-12-31'),
(311, 32, 22, 'P', '', '1969-12-31'),
(312, 38, 22, 'A', '', '1969-12-31'),
(313, 28, 22, 'P', '', '1969-12-07'),
(314, 29, 22, 'P', '', '1969-12-07'),
(315, 30, 22, 'P', '', '1969-12-07'),
(316, 31, 22, 'P', '', '1969-12-07'),
(317, 32, 22, 'P', '', '1969-12-07'),
(318, 38, 22, 'P', '', '1969-12-07'),
(319, 29, 22, 'P', '', '2015-06-11'),
(320, 30, 22, 'P', '', '2015-06-11'),
(321, 31, 22, 'P', '', '2015-06-11'),
(322, 32, 22, 'P', '', '2015-06-11'),
(323, 38, 22, 'P', '', '2015-06-11'),
(324, 29, 22, 'P', '', '2015-07-11'),
(325, 30, 22, 'P', '', '2015-07-11'),
(326, 31, 22, 'A', '', '2015-07-11'),
(327, 32, 22, 'P', '', '2015-07-11'),
(328, 38, 22, 'P', '', '2015-07-11'),
(329, 33, 23, 'A', '', '2015-07-10'),
(330, 29, 22, 'P', '', '2015-07-10'),
(331, 30, 22, 'P', '', '2015-07-10'),
(332, 31, 22, 'P', '', '2015-07-10'),
(333, 32, 22, 'P', '', '2015-07-10'),
(334, 38, 22, 'P', '', '2015-07-10'),
(335, 29, 22, 'P', '', '2015-07-12'),
(336, 30, 22, 'P', '', '2015-07-12'),
(337, 31, 22, 'P', '', '2015-07-12'),
(338, 32, 22, 'P', '', '2015-07-12'),
(339, 38, 22, 'P', '', '2015-07-12'),
(340, 29, 22, 'P', '', '2015-07-13'),
(341, 30, 22, 'P', '', '2015-07-13'),
(342, 31, 22, 'P', '', '2015-07-13'),
(343, 32, 22, 'P', '', '2015-07-13'),
(344, 38, 22, 'P', '', '2015-07-13'),
(345, 29, 22, 'P', '', '2015-07-09'),
(346, 30, 22, 'A', '', '2015-07-09'),
(347, 31, 22, 'P', '', '2015-07-09'),
(348, 32, 22, 'P', '', '2015-07-09'),
(349, 38, 22, 'P', '', '2015-07-09'),
(350, 29, 22, 'P', '', '2015-08-01'),
(351, 30, 22, 'A', '', '2015-08-01'),
(352, 31, 22, 'P', '', '2015-08-01'),
(353, 32, 22, 'P', '', '2015-08-01'),
(354, 38, 22, 'P', '', '2015-08-01'),
(355, 42, 22, 'P', '', '2015-08-01'),
(356, 45, 22, 'P', '', '2015-08-01'),
(357, 29, 22, 'A', '', '2015-08-02'),
(358, 30, 22, 'P', '', '2015-08-02'),
(359, 31, 22, 'P', '', '2015-08-02'),
(360, 32, 22, 'P', '', '2015-08-02'),
(361, 38, 22, 'P', '', '2015-08-02'),
(362, 42, 22, 'P', '', '2015-08-02'),
(363, 45, 22, 'A', '', '2015-08-02'),
(364, 29, 22, 'P', '', '2015-08-03'),
(365, 30, 22, 'P', '', '2015-08-03'),
(366, 31, 22, 'P', '', '2015-08-03'),
(367, 32, 22, 'A', '', '2015-08-03'),
(368, 38, 22, 'P', '', '2015-08-03'),
(369, 42, 22, 'P', '', '2015-08-03'),
(370, 45, 22, 'P', '', '2015-08-03'),
(371, 1, 1, 'P', '', '2015-07-12'),
(372, 1, 1, 'P', '', '2015-07-01'),
(373, 2, 1, 'P', '', '2015-07-01'),
(374, 1, 1, 'P', '', '2015-07-02'),
(375, 2, 1, 'P', '', '2015-07-02'),
(376, 1, 1, 'P', '', '2015-07-03'),
(377, 2, 1, 'P', '', '2015-07-03'),
(378, 1, 1, 'P', '', '2015-07-04'),
(379, 2, 1, 'P', '', '2015-07-04'),
(380, 1, 2, 'P', '', '2015-07-15'),
(381, 2, 2, 'P', '', '2015-07-15'),
(382, 1, 1, 'A', '', '2015-07-18'),
(383, 2, 1, 'P', '', '2015-07-18'),
(384, 1, 1, 'A', '', '2015-07-17'),
(385, 2, 1, 'P', '', '2015-07-17'),
(386, 1, 1, 'P', '', '2015-07-19'),
(387, 2, 1, 'P', '', '2015-07-19'),
(388, 1, 1, 'P', '', '2015-07-20'),
(389, 2, 1, 'A', '', '2015-07-20'),
(390, 1, 1, 'P', '', '2015-10-22'),
(391, 2, 1, 'P', '', '2015-10-22'),
(392, 1, 1, 'P', '', '2015-10-23'),
(393, 2, 1, 'P', '', '2015-10-23'),
(394, 1, 1, 'A', '', '1970-01-01'),
(395, 2, 1, 'P', '', '1970-01-01'),
(396, 1, 1, 'P', '', '2015-10-21'),
(397, 2, 1, 'P', '', '2015-10-21'),
(398, 1, 1, 'P', '', '2015-10-24'),
(399, 2, 1, 'P', '', '2015-10-24'),
(400, 1, 1, 'A', '', '2016-02-18'),
(401, 2, 1, 'P', '', '2016-02-18'),
(402, 1, 1, 'A', '', '2016-02-19'),
(403, 2, 1, 'P', '', '2016-02-19'),
(404, 1, 1, 'P', '', '2016-02-20'),
(405, 2, 1, 'P', '', '2016-02-20'),
(406, 1, 1, 'P', '', '2016-02-16'),
(407, 2, 1, 'P', '', '2016-02-16'),
(408, 3, 1, 'P', '', '2016-02-16'),
(409, 4, 1, 'P', '', '2016-02-16'),
(410, 5, 1, 'P', '', '2016-02-16'),
(411, 6, 1, 'P', '', '2016-02-16'),
(412, 7, 1, 'P', '', '2016-02-16'),
(413, 8, 1, 'P', '', '2016-02-16'),
(414, 1, 1, 'P', '', '2016-03-08'),
(415, 2, 1, 'P', '', '2016-03-08'),
(416, 3, 1, 'P', '', '2016-03-08'),
(417, 4, 1, 'P', '', '2016-03-08'),
(418, 5, 1, 'P', '', '2016-03-08'),
(419, 6, 1, 'P', '', '2016-03-08'),
(420, 7, 1, 'P', '', '2016-03-08'),
(421, 8, 1, 'P', '', '2016-03-08'),
(422, 1, 1, 'P', '', '2016-03-09'),
(423, 2, 1, 'P', '', '2016-03-09'),
(424, 3, 1, 'P', '', '2016-03-09'),
(425, 4, 1, 'P', '', '2016-03-09'),
(426, 5, 1, 'P', '', '2016-03-09'),
(427, 6, 1, 'P', '', '2016-03-09'),
(428, 7, 1, 'P', '', '2016-03-09'),
(429, 8, 1, 'P', '', '2016-03-09'),
(430, 1, 1, 'P', '', '2016-03-21'),
(431, 2, 1, 'P', '', '2016-03-21'),
(432, 3, 1, 'P', '', '2016-03-21'),
(433, 4, 1, 'P', '', '2016-03-21'),
(434, 5, 1, 'P', '', '2016-03-21'),
(435, 6, 1, 'P', '', '2016-03-21'),
(436, 7, 1, 'P', '', '2016-03-21'),
(437, 8, 1, 'P', '', '2016-03-21'),
(438, 1, 1, 'A', '', '2016-04-20'),
(439, 2, 1, 'A', '', '2016-04-20'),
(440, 3, 1, 'P', '', '2016-04-20'),
(441, 4, 1, 'P', '', '2016-04-20'),
(442, 5, 1, 'P', '', '2016-04-20'),
(443, 6, 1, 'P', '', '2016-04-20'),
(444, 7, 1, 'P', '', '2016-04-20'),
(445, 8, 1, 'P', '', '2016-04-20'),
(446, 1, 1, 'P', '', '2016-05-09'),
(447, 2, 1, 'P', '', '2016-05-09'),
(448, 3, 1, 'P', '', '2016-05-09'),
(449, 4, 1, 'P', '', '2016-05-09'),
(450, 5, 1, 'P', '', '2016-05-09'),
(451, 6, 1, 'P', '', '2016-05-09'),
(452, 7, 1, 'P', '', '2016-05-09'),
(453, 8, 1, 'P', '', '2016-05-09'),
(454, 9, 1, 'P', '', '2016-05-09'),
(455, 1, 1, 'P', '', '2016-05-12'),
(456, 2, 1, 'P', '', '2016-05-12'),
(457, 3, 1, 'A', '', '2016-05-12'),
(458, 4, 1, 'P', '', '2016-05-12'),
(459, 5, 1, 'A', '', '2016-05-12'),
(460, 6, 1, 'P', '', '2016-05-12'),
(461, 7, 1, 'P', '', '2016-05-12'),
(462, 8, 1, 'P', '', '2016-05-12'),
(463, 9, 1, 'P', '', '2016-05-12'),
(464, 1, 1, 'P', '', '2016-05-13'),
(465, 2, 1, 'P', '', '2016-05-13'),
(466, 3, 1, 'P', '', '2016-05-13'),
(467, 4, 1, 'P', '', '2016-05-13'),
(468, 5, 1, 'P', '', '2016-05-13'),
(469, 6, 1, 'P', '', '2016-05-13'),
(470, 7, 1, 'P', '', '2016-05-13'),
(471, 8, 1, 'P', '', '2016-05-13'),
(472, 9, 1, 'P', '', '2016-05-13'),
(473, 1, 1, 'P', '', '2016-05-17'),
(474, 2, 1, 'P', '', '2016-05-17'),
(475, 3, 1, 'P', '', '2016-05-17'),
(476, 4, 1, 'P', '', '2016-05-17'),
(477, 5, 1, 'P', '', '2016-05-17'),
(478, 6, 1, 'P', '', '2016-05-17'),
(479, 7, 1, 'P', '', '2016-05-17'),
(480, 8, 1, 'P', '', '2016-05-17'),
(481, 9, 1, 'P', '', '2016-05-17'),
(482, 1, 1, 'P', '', '2016-05-04'),
(483, 2, 1, 'P', '', '2016-05-04'),
(484, 3, 1, 'P', '', '2016-05-04'),
(485, 4, 1, 'P', '', '2016-05-04'),
(486, 5, 1, 'P', '', '2016-05-04'),
(487, 6, 1, 'P', '', '2016-05-04'),
(488, 7, 1, 'P', '', '2016-05-04'),
(489, 8, 1, 'P', '', '2016-05-04'),
(490, 9, 1, 'P', '', '2016-05-04'),
(491, 1, 1, 'P', '', '2016-05-29'),
(492, 2, 1, 'P', '', '2016-05-29'),
(493, 3, 1, 'P', '', '2016-05-29'),
(494, 4, 1, 'P', '', '2016-05-29'),
(495, 5, 1, 'P', '', '2016-05-29'),
(496, 6, 1, 'P', '', '2016-05-29'),
(497, 7, 1, 'P', '', '2016-05-29'),
(498, 8, 1, 'P', '', '2016-05-29'),
(499, 9, 1, 'P', '', '2016-05-29'),
(500, 1, 1, 'A', '', '2017-01-13'),
(501, 2, 1, 'A', '', '2017-01-13'),
(502, 3, 1, 'P', '', '2017-01-13'),
(503, 4, 1, 'P', '', '2017-01-13'),
(504, 5, 1, 'P', '', '2017-01-13'),
(505, 6, 1, 'P', '', '2017-01-13'),
(506, 7, 1, 'P', '', '2017-01-13'),
(507, 8, 1, 'P', '', '2017-01-13'),
(508, 9, 1, 'P', '', '2017-01-13'),
(509, 1, 1, 'P', '', '2017-01-18'),
(510, 2, 1, 'P', '', '2017-01-18'),
(511, 3, 1, 'P', '', '2017-01-18'),
(512, 4, 1, 'P', '', '2017-01-18'),
(513, 5, 1, 'P', '', '2017-01-18'),
(514, 6, 1, 'P', '', '2017-01-18'),
(515, 7, 1, 'P', '', '2017-01-18'),
(516, 8, 1, 'P', '', '2017-01-18'),
(517, 9, 1, 'P', '', '2017-01-18'),
(518, 1, 1, 'P', '', '2017-01-24'),
(519, 2, 1, 'P', '', '2017-01-24'),
(520, 3, 1, 'P', '', '2017-01-24'),
(521, 1, 1, 'P', '', '2017-01-28'),
(522, 2, 1, 'A', '', '2017-01-28'),
(523, 3, 1, 'P', '', '2017-01-28'),
(524, 2, 1, 'P', '', '2017-02-02'),
(525, 3, 1, 'P', '', '2017-02-02'),
(526, 2, 1, 'P', '', '2017-02-06'),
(527, 3, 1, 'P', '', '2017-02-06'),
(528, 2, 1, 'A', '', '2017-02-07'),
(529, 3, 1, 'P', '', '2017-02-07'),
(530, 2, 1, 'P', '', '2017-02-12'),
(531, 3, 1, 'P', '', '2017-02-12'),
(532, 1, 3, 'P', '', '2017-02-16'),
(533, 2, 3, 'P', '', '2017-02-16'),
(534, 3, 2, 'P', '', '2016-02-03'),
(535, 3, 2, 'A', '', '2017-02-18'),
(536, 1, 3, 'A', '', '2017-02-18'),
(537, 2, 3, 'P', '', '2017-02-18');

-- --------------------------------------------------------

--
-- Table structure for table `daily_staffattendence`
--

CREATE TABLE `daily_staffattendence` (
  `daily_attendence_id` int(11) NOT NULL,
  `staff_type` varchar(32) NOT NULL,
  `staff_id` int(11) NOT NULL,
  `present_flag` varchar(11) NOT NULL,
  `reason_for_absent` varchar(225) NOT NULL,
  `present_date` date NOT NULL
) ENGINE=InnoDB DEFAULT CHARSET=latin1;

--
-- Dumping data for table `daily_staffattendence`
--

INSERT INTO `daily_staffattendence` (`daily_attendence_id`, `staff_type`, `staff_id`, `present_flag`, `reason_for_absent`, `present_date`) VALUES
(1, 'teaching', 19, 'A', '', '2015-01-12'),
(2, 'teaching', 20, 'P', '', '2015-01-12'),
(3, 'teaching', 22, 'P', '', '2015-01-12'),
(4, 'teaching', 23, 'P', '', '2015-01-12'),
(5, 'teaching', 24, 'P', '', '2015-01-12'),
(6, 'teaching', 25, 'P', '', '2015-01-12'),
(7, 'teaching', 26, 'P', '', '2015-01-12'),
(8, 'teaching', 27, 'P', '', '2015-01-12'),
(9, 'teaching', 19, 'P', '', '2015-01-13'),
(10, 'teaching', 20, 'P', '', '2015-01-13'),
(11, 'teaching', 23, 'P', '', '2015-01-13'),
(12, 'teaching', 24, 'P', '', '2015-01-13'),
(13, 'teaching', 26, 'A', '', '2015-01-13'),
(14, 'teaching', 27, 'P', '', '2015-01-13'),
(15, 'teaching', 19, 'P', '', '2015-01-14'),
(16, 'teaching', 20, 'P', '', '2015-01-14'),
(17, 'teaching', 23, 'P', '', '2015-01-14'),
(18, 'teaching', 24, 'P', '', '2015-01-14'),
(19, 'teaching', 26, 'P', '', '2015-01-14'),
(20, 'teaching', 27, 'P', '', '2015-01-14'),
(21, 'nonteaching', 19, 'P', '', '2015-02-04'),
(22, 'nonteaching', 20, 'P', '', '2015-02-04'),
(23, 'nonteaching', 24, 'P', '', '2015-02-04'),
(24, 'nonteaching', 25, 'P', '', '2015-02-04'),
(25, 'nonteaching', 26, 'P', '', '2015-02-04'),
(26, 'nonteaching', 27, 'P', '', '2015-02-04'),
(27, 'nonteaching', 28, 'P', '', '2015-02-04'),
(28, 'nonteaching', 29, 'P', '', '2015-02-04'),
(29, 'nonteaching', 30, 'P', '', '2015-02-04'),
(30, 'nonteaching', 31, 'P', '', '2015-02-04'),
(31, 'nonteaching', 32, 'P', '', '2015-02-04'),
(32, 'nonteaching', 33, 'P', '', '2015-02-04'),
(33, 'nonteaching', 34, 'P', '', '2015-02-04'),
(34, 'nonteaching', 35, 'P', '', '2015-02-04'),
(35, 'nonteaching', 36, 'P', '', '2015-02-04'),
(36, 'nonteaching', 37, 'P', '', '2015-02-04'),
(37, 'nonteaching', 38, 'P', '', '2015-02-04'),
(38, 'teaching', 19, 'A', '', '2015-02-12'),
(39, 'teaching', 20, 'A', '', '2015-02-12'),
(40, 'teaching', 23, 'P', '', '2015-02-12'),
(41, 'teaching', 24, 'P', '', '2015-02-12'),
(42, 'teaching', 26, 'P', '', '2015-02-12'),
(43, 'teaching', 27, 'P', '', '2015-02-12'),
(44, 'teaching', 28, 'P', '', '2015-02-12'),
(45, 'teaching', 30, 'P', '', '2015-02-12'),
(46, 'teaching', 31, 'P', '', '2015-02-12'),
(47, 'teaching', 32, 'P', '', '2015-02-12'),
(48, 'teaching', 33, 'P', '', '2015-02-12'),
(49, 'teaching', 34, 'P', '', '2015-02-12'),
(50, 'teaching', 35, 'P', '', '2015-02-12'),
(51, 'teaching', 36, 'P', '', '2015-02-12'),
(52, 'teaching', 37, 'P', '', '2015-02-12'),
(53, 'teaching', 38, 'P', '', '2015-02-12'),
(54, 'teaching', 39, 'P', '', '2015-02-12'),
(55, 'teaching', 40, 'P', '', '2015-02-12'),
(56, 'teaching', 41, 'P', '', '2015-02-12'),
(57, 'teaching', 42, 'P', '', '2015-02-12'),
(58, 'teaching', 43, 'P', '', '2015-02-12'),
(59, 'teaching', 44, 'P', '', '2015-02-12'),
(60, 'teaching', 19, 'P', '', '2015-02-02'),
(61, 'teaching', 20, 'P', '', '2015-02-02'),
(62, 'teaching', 23, 'P', '', '2015-02-02'),
(63, 'teaching', 24, 'P', '', '2015-02-02'),
(64, 'teaching', 26, 'P', '', '2015-02-02'),
(65, 'teaching', 27, 'P', '', '2015-02-02'),
(66, 'teaching', 28, 'P', '', '2015-02-02'),
(67, 'teaching', 30, 'P', '', '2015-02-02'),
(68, 'teaching', 31, 'P', '', '2015-02-02'),
(69, 'teaching', 32, 'P', '', '2015-02-02'),
(70, 'teaching', 33, 'P', '', '2015-02-02'),
(71, 'teaching', 34, 'P', '', '2015-02-02'),
(72, 'teaching', 35, 'P', '', '2015-02-02'),
(73, 'teaching', 36, 'P', '', '2015-02-02'),
(74, 'teaching', 37, 'P', '', '2015-02-02'),
(75, 'teaching', 38, 'P', '', '2015-02-02'),
(76, 'teaching', 39, 'P', '', '2015-02-02'),
(77, 'teaching', 40, 'P', '', '2015-02-02'),
(78, 'teaching', 41, 'P', '', '2015-02-02'),
(79, 'teaching', 42, 'P', '', '2015-02-02'),
(80, 'teaching', 43, 'P', '', '2015-02-02'),
(81, 'teaching', 44, 'P', '', '2015-02-02'),
(82, 'teaching', 19, 'P', '', '2015-02-13'),
(83, 'teaching', 20, 'A', '', '2015-02-13'),
(84, 'teaching', 23, 'P', '', '2015-02-13'),
(85, 'teaching', 24, 'P', '', '2015-02-13'),
(86, 'teaching', 26, 'P', '', '2015-02-13'),
(87, 'teaching', 27, 'P', '', '2015-02-13'),
(88, 'teaching', 28, 'P', '', '2015-02-13'),
(89, 'teaching', 30, 'P', '', '2015-02-13'),
(90, 'teaching', 31, 'P', '', '2015-02-13'),
(91, 'teaching', 32, 'P', '', '2015-02-13'),
(92, 'teaching', 33, 'P', '', '2015-02-13'),
(93, 'teaching', 34, 'P', '', '2015-02-13'),
(94, 'teaching', 35, 'P', '', '2015-02-13'),
(95, 'teaching', 36, 'P', '', '2015-02-13'),
(96, 'teaching', 37, 'P', '', '2015-02-13'),
(97, 'teaching', 38, 'P', '', '2015-02-13'),
(98, 'teaching', 39, 'P', '', '2015-02-13'),
(99, 'teaching', 40, 'P', '', '2015-02-13'),
(100, 'teaching', 41, 'P', '', '2015-02-13'),
(101, 'teaching', 42, 'P', '', '2015-02-13'),
(102, 'teaching', 43, 'P', '', '2015-02-13'),
(103, 'teaching', 44, 'P', '', '2015-02-13'),
(104, 'teaching', 19, 'A', '', '2015-02-11'),
(105, 'teaching', 20, 'A', '', '2015-02-11'),
(106, 'teaching', 23, 'P', '', '2015-02-11'),
(107, 'teaching', 24, 'P', '', '2015-02-11'),
(108, 'teaching', 26, 'P', '', '2015-02-11'),
(109, 'teaching', 27, 'P', '', '2015-02-11'),
(110, 'teaching', 28, 'P', '', '2015-02-11'),
(111, 'teaching', 30, 'P', '', '2015-02-11'),
(112, 'teaching', 31, 'P', '', '2015-02-11'),
(113, 'teaching', 32, 'P', '', '2015-02-11'),
(114, 'teaching', 33, 'P', '', '2015-02-11'),
(115, 'teaching', 34, 'P', '', '2015-02-11'),
(116, 'teaching', 35, 'P', '', '2015-02-11'),
(117, 'teaching', 36, 'P', '', '2015-02-11'),
(118, 'teaching', 37, 'P', '', '2015-02-11'),
(119, 'teaching', 38, 'P', '', '2015-02-11'),
(120, 'teaching', 39, 'P', '', '2015-02-11'),
(121, 'teaching', 40, 'P', '', '2015-02-11'),
(122, 'teaching', 41, 'P', '', '2015-02-11'),
(123, 'teaching', 42, 'P', '', '2015-02-11'),
(124, 'teaching', 43, 'P', '', '2015-02-11'),
(125, 'teaching', 44, 'P', '', '2015-02-11'),
(126, 'teaching', 19, 'P', '', '1970-01-01'),
(127, 'teaching', 20, 'P', '', '1970-01-01'),
(128, 'teaching', 23, 'P', '', '1970-01-01'),
(129, 'teaching', 24, 'P', '', '1970-01-01'),
(130, 'teaching', 26, 'P', '', '1970-01-01'),
(131, 'teaching', 27, 'P', '', '1970-01-01'),
(132, 'teaching', 28, 'P', '', '1970-01-01'),
(133, 'teaching', 30, 'P', '', '1970-01-01'),
(134, 'teaching', 31, 'P', '', '1970-01-01'),
(135, 'teaching', 32, 'P', '', '1970-01-01'),
(136, 'teaching', 33, 'P', '', '1970-01-01'),
(137, 'teaching', 34, 'P', '', '1970-01-01'),
(138, 'teaching', 35, 'P', '', '1970-01-01'),
(139, 'teaching', 36, 'P', '', '1970-01-01'),
(140, 'teaching', 37, 'P', '', '1970-01-01'),
(141, 'teaching', 38, 'P', '', '1970-01-01'),
(142, 'teaching', 39, 'P', '', '1970-01-01'),
(143, 'teaching', 40, 'P', '', '1970-01-01'),
(144, 'teaching', 41, 'P', '', '1970-01-01'),
(145, 'teaching', 42, 'P', '', '1970-01-01'),
(146, 'teaching', 43, 'P', '', '1970-01-01'),
(147, 'teaching', 44, 'P', '', '1970-01-01'),
(148, 'teaching', 19, 'P', '', '2015-02-18'),
(149, 'teaching', 20, 'P', '', '2015-02-18'),
(150, 'teaching', 23, 'P', '', '2015-02-18'),
(151, 'teaching', 24, 'P', '', '2015-02-18'),
(152, 'teaching', 26, 'P', '', '2015-02-18'),
(153, 'teaching', 27, 'P', '', '2015-02-18'),
(154, 'teaching', 28, 'P', '', '2015-02-18'),
(155, 'teaching', 30, 'P', '', '2015-02-18'),
(156, 'teaching', 31, 'P', '', '2015-02-18'),
(157, 'teaching', 32, 'P', '', '2015-02-18'),
(158, 'teaching', 33, 'P', '', '2015-02-18'),
(159, 'teaching', 34, 'P', '', '2015-02-18'),
(160, 'teaching', 35, 'P', '', '2015-02-18'),
(161, 'teaching', 36, 'P', '', '2015-02-18'),
(162, 'teaching', 37, 'P', '', '2015-02-18'),
(163, 'teaching', 38, 'P', '', '2015-02-18'),
(164, 'teaching', 39, 'P', '', '2015-02-18'),
(165, 'teaching', 40, 'P', '', '2015-02-18'),
(166, 'teaching', 41, 'P', '', '2015-02-18'),
(167, 'teaching', 42, 'P', '', '2015-02-18'),
(168, 'teaching', 43, 'P', '', '2015-02-18'),
(169, 'teaching', 44, 'P', '', '2015-02-18'),
(170, 'teaching', 45, 'P', '', '1969-12-31'),
(171, 'teaching', 47, 'P', '', '1969-12-31'),
(172, 'teaching', 48, 'A', '', '1969-12-31'),
(173, 'teaching', 49, 'P', '', '1969-12-31'),
(174, 'teaching', 50, 'A', '', '1969-12-31'),
(175, 'teaching', 51, 'A', '', '1969-12-31'),
(176, 'teaching', 52, 'A', '', '1969-12-31'),
(177, 'teaching', 53, 'A', '', '1969-12-31'),
(178, 'teaching', 45, 'P', '', '2015-03-02'),
(179, 'teaching', 47, 'P', '', '2015-03-02'),
(180, 'teaching', 48, 'P', '', '2015-03-02'),
(181, 'teaching', 49, 'P', '', '2015-03-02'),
(182, 'teaching', 50, 'P', '', '2015-03-02'),
(183, 'teaching', 51, 'P', '', '2015-03-02'),
(184, 'teaching', 52, 'P', '', '2015-03-02'),
(185, 'teaching', 53, 'P', '', '2015-03-02'),
(186, 'teaching', 54, 'P', '', '2015-03-02'),
(187, 'teaching', 45, 'P', '', '2015-04-04'),
(188, 'teaching', 47, 'P', '', '2015-04-04'),
(189, 'teaching', 48, 'P', '', '2015-04-04'),
(190, 'teaching', 49, 'P', '', '2015-04-04'),
(191, 'teaching', 50, 'P', '', '2015-04-04'),
(192, 'teaching', 51, 'P', '', '2015-04-04'),
(193, 'teaching', 52, 'P', '', '2015-04-04'),
(194, 'teaching', 53, 'P', '', '2015-04-04'),
(195, 'teaching', 54, 'P', '', '2015-04-04'),
(196, 'teaching', 0, 'P', '', '1969-12-31'),
(197, 'teaching', 0, 'P', '', '1969-12-31'),
(198, 'teaching', 0, 'A', '', '1969-12-31'),
(199, 'teaching', 0, 'P', '', '1969-12-31'),
(200, 'teaching', 0, 'P', '', '1969-12-31'),
(201, 'teaching', 0, 'P', '', '1969-12-31'),
(202, 'teaching', 0, 'P', '', '1969-12-31'),
(203, 'teaching', 0, 'P', '', '1969-12-31'),
(204, 'teaching', 0, 'P', '', '1969-12-31'),
(205, 'teaching', 0, 'P', '', '1969-12-31'),
(206, 'teaching', 0, 'P', '', '1969-12-31'),
(207, 'teaching', 0, 'P', '', '1969-12-31'),
(208, 'teaching', 45, 'P', '', '1969-12-07'),
(209, 'teaching', 47, 'P', '', '1969-12-07'),
(210, 'teaching', 48, 'P', '', '1969-12-07'),
(211, 'teaching', 49, 'P', '', '1969-12-07'),
(212, 'teaching', 50, 'P', '', '1969-12-07'),
(213, 'teaching', 51, 'P', '', '1969-12-07'),
(214, 'teaching', 52, 'P', '', '1969-12-07'),
(215, 'teaching', 53, 'P', '', '1969-12-07'),
(216, 'teaching', 54, 'P', '', '1969-12-07'),
(217, 'teaching', 55, 'P', '', '1969-12-07'),
(218, 'teaching', 45, 'A', '', '2015-07-10'),
(219, 'teaching', 47, 'A', '', '2015-07-10'),
(220, 'teaching', 48, 'A', '', '2015-07-10'),
(221, 'teaching', 49, 'P', '', '2015-07-10'),
(222, 'teaching', 50, 'P', '', '2015-07-10'),
(223, 'teaching', 51, 'P', '', '2015-07-10'),
(224, 'teaching', 52, 'P', '', '2015-07-10'),
(225, 'teaching', 53, 'P', '', '2015-07-10'),
(226, 'teaching', 54, 'P', '', '2015-07-10'),
(227, 'teaching', 55, 'P', '', '2015-07-10'),
(228, 'teaching', 45, 'P', '', '2015-07-01'),
(229, 'teaching', 47, 'P', '', '2015-07-01'),
(230, 'teaching', 48, 'P', '', '2015-07-01'),
(231, 'teaching', 49, 'P', '', '2015-07-01'),
(232, 'teaching', 50, 'P', '', '2015-07-01'),
(233, 'teaching', 51, 'P', '', '2015-07-01'),
(234, 'teaching', 52, 'P', '', '2015-07-01'),
(235, 'teaching', 53, 'P', '', '2015-07-01'),
(236, 'teaching', 54, 'A', '', '2015-07-01'),
(237, 'teaching', 55, 'P', '', '2015-07-01'),
(238, 'teaching', 45, 'A', '', '2015-07-13'),
(239, 'teaching', 47, 'P', '', '2015-07-13'),
(240, 'teaching', 48, 'P', '', '2015-07-13'),
(241, 'teaching', 49, 'P', '', '2015-07-13'),
(242, 'teaching', 50, 'P', '', '2015-07-13'),
(243, 'teaching', 51, 'P', '', '2015-07-13'),
(244, 'teaching', 52, 'P', '', '2015-07-13'),
(245, 'teaching', 53, 'P', '', '2015-07-13'),
(246, 'teaching', 54, 'P', '', '2015-07-13'),
(247, 'teaching', 55, 'P', '', '2015-07-13'),
(248, 'teaching', 1, 'P', '', '2015-07-15'),
(249, 'teaching', 2, 'P', '', '2015-07-15'),
(250, 'teaching', 1, 'P', '', '2015-07-16'),
(251, 'teaching', 2, 'P', '', '2015-07-16'),
(252, 'teaching', 4, 'P', '', '2015-07-18'),
(253, 'teaching', 5, 'P', '', '2015-07-18'),
(254, 'teaching', 4, 'P', '', '2015-07-19'),
(255, 'teaching', 5, 'P', '', '2015-07-19'),
(256, 'teaching', 4, 'P', '', '2015-07-20'),
(257, 'teaching', 5, 'A', '', '2015-07-20'),
(258, 'teaching', 4, 'P', '', '2015-07-17'),
(259, 'teaching', 5, 'P', '', '2015-07-17'),
(260, 'teaching', 4, 'P', '', '2016-02-18'),
(261, 'teaching', 5, 'P', '', '2016-02-18'),
(262, 'teaching', 4, 'P', '', '2016-03-09'),
(263, 'teaching', 5, 'P', '', '2016-03-09'),
(264, 'teaching', 4, 'P', '', '2016-03-18'),
(265, 'teaching', 5, 'P', '', '2016-03-18'),
(266, 'teaching', 4, 'P', '', '2016-05-10'),
(267, 'teaching', 5, 'P', '', '2016-05-10'),
(268, 'teaching', 4, 'P', '', '2016-05-09'),
(269, 'teaching', 5, 'P', '', '2016-05-09'),
(270, 'teaching', 4, 'P', '', '2017-01-29'),
(271, 'teaching', 5, 'P', '', '2017-01-29'),
(272, 'nonteaching', 3, 'P', '', '2017-02-01'),
(273, 'teaching', 4, 'P', '', '2017-02-07'),
(274, 'teaching', 5, 'P', '', '2017-02-07'),
(275, 'nonteaching', 3, 'P', '', '2017-02-08'),
(276, 'teaching', 4, 'P', '', '2017-02-08'),
(277, 'teaching', 5, 'P', '', '2017-02-08'),
(278, 'teaching', 4, 'P', '', '2017-02-20'),
(279, 'teaching', 5, 'P', '', '2017-02-20');

-- --------------------------------------------------------

--
-- Table structure for table `data`
--

CREATE TABLE `data` (
  `id` int(11) NOT NULL,
  `name` varchar(255) NOT NULL,
  `email` varchar(255) NOT NULL,
  `phone` varchar(255) NOT NULL,
  `address` varchar(255) NOT NULL
) ENGINE=InnoDB DEFAULT CHARSET=latin1;

--
-- Dumping data for table `data`
--

INSERT INTO `data` (`id`, `name`, `email`, `phone`, `address`) VALUES
(1, 'name', 'email', 'phone', 'address'),
(2, 'sravan', 'sraan@gmail.com', '1236985470', 'blr'),
(3, 'navn', 'nanv@gmail.com', '3698521470', 'blr'),
(4, 'shr', 'srv@gmail.com', '9874563210', 'blr'),
(5, 'chennai', 'hiii@gmail.com', '9874563210', 'blr'),
(6, 'name', 'email', 'phone', 'address'),
(7, 'sravan', 'sraan@gmail.com', '1236985470', 'blr'),
(8, 'navn', 'nanv@gmail.com', '3698521470', 'blr'),
(9, 'shr', 'srv@gmail.com', '9874563210', 'blr'),
(10, 'chennai', 'hiii@gmail.com', '9874563210', 'blr');

-- --------------------------------------------------------

--
-- Table structure for table `departments`
--

CREATE TABLE `departments` (
  `department_id` int(11) NOT NULL,
  `department_name` varchar(100) NOT NULL,
  `department_status` varchar(10) NOT NULL,
  `department_added_date` datetime NOT NULL,
  `department_modified_date` datetime NOT NULL
) ENGINE=InnoDB DEFAULT CHARSET=latin1;

--
-- Dumping data for table `departments`
--

INSERT INTO `departments` (`department_id`, `department_name`, `department_status`, `department_added_date`, `department_modified_date`) VALUES
(37, 'TEACHING', 'active', '2015-07-12 05:11:14', '2015-07-12 05:11:14'),
(38, 'NON TEACHING', 'active', '2015-07-12 05:11:26', '2015-07-12 05:11:26');

-- --------------------------------------------------------

--
-- Table structure for table `discipline_id`
--

CREATE TABLE `discipline_id` (
  `Discipline_id` int(11) DEFAULT NULL,
  `action` int(11) NOT NULL
) ENGINE=InnoDB DEFAULT CHARSET=latin1;

-- --------------------------------------------------------

--
-- Table structure for table `dormitory`
--

CREATE TABLE `dormitory` (
  `dormitory_id` int(11) NOT NULL,
  `name` longtext COLLATE utf8_unicode_ci NOT NULL,
  `number_of_room` longtext COLLATE utf8_unicode_ci NOT NULL,
  `description` longtext COLLATE utf8_unicode_ci NOT NULL
) ENGINE=MyISAM DEFAULT CHARSET=utf8 COLLATE=utf8_unicode_ci;

--
-- Dumping data for table `dormitory`
--

INSERT INTO `dormitory` (`dormitory_id`, `name`, `number_of_room`, `description`) VALUES
(1, 'School', '30', 'Classroom');

-- --------------------------------------------------------

--
-- Table structure for table `ebooks`
--

CREATE TABLE `ebooks` (
  `ebooks_id` int(11) NOT NULL,
  `ebooks_name` varchar(255) NOT NULL,
  `ebooks_url` longtext NOT NULL,
  `ebooks_category_id` int(11) NOT NULL
) ENGINE=InnoDB DEFAULT CHARSET=latin1;

--
-- Dumping data for table `ebooks`
--

INSERT INTO `ebooks` (`ebooks_id`, `ebooks_name`, `ebooks_url`, `ebooks_category_id`) VALUES
(1, '2 States', 'images.jpg', 1),
(2, '2 States', 'SWFOpener.exe', 2);

-- --------------------------------------------------------

--
-- Table structure for table `ebooks_cat`
--

CREATE TABLE `ebooks_cat` (
  `ebooks_category_id` int(11) NOT NULL,
  `ebooks_category_name` varchar(255) NOT NULL
) ENGINE=InnoDB DEFAULT CHARSET=latin1;

--
-- Dumping data for table `ebooks_cat`
--

INSERT INTO `ebooks_cat` (`ebooks_category_id`, `ebooks_category_name`) VALUES
(1, 'Fiction'),
(2, 'Comic'),
(3, 'Tetst'),
(5, 'Jing Bang'),
(6, 'Brahmaji');

-- --------------------------------------------------------

--
-- Table structure for table `email`
--

CREATE TABLE `email` (
  `id` int(11) NOT NULL,
  `type` varchar(255) NOT NULL,
  `read` varchar(255) NOT NULL,
  `unread` varchar(255) NOT NULL,
  `time` datetime NOT NULL,
  `subject` varchar(255) NOT NULL,
  `body` varchar(255) NOT NULL
) ENGINE=InnoDB DEFAULT CHARSET=latin1;

--
-- Dumping data for table `email`
--

INSERT INTO `email` (`id`, `type`, `read`, `unread`, `time`, `subject`, `body`) VALUES
(1, 'parent', ',92', '93,94,95,96,97', '2014-07-30 19:22:53', 'test', 'test'),
(2, 'parent', ',61', '92,93,94,95,96,97', '2014-07-30 19:24:48', 'ygygyyg', 'gguguuggugui'),
(3, 'teacher', ',4,3', '6,7,8', '2014-07-31 18:40:44', 'testing', 'this is testing mail .so don\'t worry .'),
(4, 'teacher', ',5,4,3', '6,7,8', '2014-07-31 18:45:46', 'testing', 'this is testing mail .so don\'t worry .'),
(5, 'teacher', ',2,5,4,3', '6,7,8', '2014-07-31 18:53:11', 'testing', 'this is testing mail .so this is testing . how r &nbsp;u ?<br>i am fine . what about your son .'),
(6, 'teacher', ',5,4,3', '6,7,8', '2014-07-31 18:54:02', 'testing ', '\ntesting'),
(7, 'teacher', ',5,4,3', '6,7,8', '2014-07-31 18:55:29', 'testing', 'testing&nbsp;'),
(8, 'parent', ',61', '92,93,94,95,96,97', '2014-08-01 06:04:37', 'rthythfghgfh', 'gfhrghjdfghjfdghfgh'),
(9, 'parent', ',61', '92,93,94,95,96,97', '2014-08-01 06:06:27', 'hello greetings', 'rtyrtrt4rtrtrtrtrt<br>'),
(10, 'parent', ',61', '92,93,94,95,96,97', '2014-08-01 06:07:07', 'hello greetings', 'dfsdfsdfsadfsdfsfdfdfdaf<br>'),
(11, 'teacher', ',5,4,3', '2,6,7,8', '2014-08-04 07:56:07', '', ''),
(12, 'student', ',20,68,41,5', '4,9,10,11,12,13,14,17,18,21,22,23,24,25,26,27,28,29,30,31,32,33,34,35,36,37,38,39,40,42,43,44,45,46,47,48,49,52,53,54,55,56,57,58,59,60,61,62,63,64,65,66,67,69,70,71,74,75,76,77,78,81,82,83,84,85,86,87,88,89,90,91,93,94,95,96,97,99,101', '2014-08-23 04:20:30', 'vinayaka chavithi holidays', 'holidays from 27th aug to 3rd sep'),
(13, 'student', ',20,68,41,5', '4,9,10,11,12,13,14,17,18,21,22,23,24,25,26,27,28,29,30,31,32,33,34,35,36,37,38,39,40,42,43,44,45,46,47,48,49,52,53,54,55,56,57,58,59,60,61,62,63,64,65,66,67,69,70,71,74,75,76,77,78,81,82,83,84,85,86,87,88,89,90,91,93,94,95,96,97,99,101', '2014-08-23 04:22:59', 'vinayaka chavithi holidays', '&nbsp;holidays from 27th aug to 3rd sep'),
(14, 'teacher', ',5', '3,4,6,7,8,9', '2014-08-25 11:47:21', '', ''),
(15, 'teacher', ',13', '11,12,14,15', '2014-09-04 06:57:04', 'teacher meeting', 'vaishnavi is mad.'),
(16, 'teacher', ',10,13', '11,12,14,15', '2014-09-04 06:57:05', 'teacher meeting', 'vaishnavi is mad.'),
(17, 'teacher', ',13', '11,12,14,15', '2014-09-04 06:57:40', 'heyy dance practice', 'abhjjkw nsbdqqwdl skw&nbsp;'),
(18, 'student', ',68,41,105,5', '4,9,10,11,12,13,14,17,18,20,21,22,23,24,25,26,27,28,29,30,31,32,33,34,35,36,37,38,39,40,42,43,44,45,46,47,48,49,52,53,54,55,56,59,60,61,63,64,65,66,67,69,70,71,75,76,77,78,81,82,83,90,91,93,94,95,96,97,99,101,106,107,108,109,110,111,112,11', '2014-09-04 07:17:10', 'exam', 'have an internal exam on sunday'),
(19, 'student', ',104,68,41,105,5', '4,9,10,11,12,13,14,17,18,20,21,22,23,24,25,26,27,28,29,30,31,32,33,34,35,36,37,38,39,40,42,43,44,45,46,47,48,49,52,53,54,55,56,59,60,61,63,64,65,66,67,69,70,71,75,76,77,78,81,82,83,90,91,93,94,95,96,97,99,101,106,107,108,109,110,111,112,11', '2014-09-04 07:17:43', 'exam', 'have an internal exam on sunday'),
(20, 'parent', ',104,116,105', '61,93,94,95,96,97,99,101,106,107,108,109,110,111,112,113,114,115,117,118,119,120,121,122,123', '2014-09-04 07:18:15', 'sunday beating', 'vaishnavi is mad'),
(21, 'student', ',104,68,41,105,5', '4,9,10,11,12,13,14,17,18,20,21,22,23,24,25,26,27,28,29,30,31,32,33,34,35,36,37,38,39,40,42,43,44,45,46,47,48,49,52,53,54,55,56,59,60,61,63,64,65,66,67,69,70,71,75,76,77,78,81,82,83,90,91,93,94,95,96,97,99,101,106,107,108,109,110,111,112,11', '2014-09-06 08:28:24', 'hello', 'hello raju'),
(22, 'student', ',104,68,41,105,5', '4,9,10,11,12,13,14,17,18,20,21,22,23,24,25,26,27,28,29,30,31,32,33,34,35,36,37,38,39,40,42,43,44,45,46,47,48,49,52,53,54,55,56,59,60,61,63,64,65,66,67,69,70,71,75,76,77,78,81,82,83,90,91,93,94,95,96,97,99,101,106,107,108,109,110,111,112,11', '2014-09-08 06:39:21', 'hello', 'hello'),
(23, 'teacher', ',10,13', '11,12,14,15', '2014-09-13 04:57:09', 'teachers meeting', 'dffffsfff'),
(24, 'student', ',104,105,5', '4,9,10,11,12,13,14,17,18,20,21,22,23,24,25,26,27,28,29,30,31,32,33,34,35,36,37,38,39,40,41,42,43,44,45,46,47,48,49,52,53,54,55,56,59,60,61,63,64,65,66,67,68,69,70,71,75,76,77,78,81,82,83,90,91,93,94,95,96,97,99,101,108,110,114,115,126,141,142,14', '2014-10-09 09:40:34', 'hello ', 'DDDDa'),
(25, 'student', ',104,105,5', '4,9,10,11,12,13,14,17,18,20,21,22,23,24,25,26,27,28,29,30,31,32,33,34,35,36,37,38,39,40,41,42,43,44,45,46,47,48,49,52,53,54,55,56,59,60,61,63,64,65,66,67,68,69,70,71,75,76,77,78,81,82,83,90,91,93,94,95,96,97,99,101,108,110,114,115,126,141,142,14', '2014-10-09 09:40:34', 'hello ', 'DDDDa'),
(26, 'teacher', ',23,19,20', '16,17,18,21,22', '2014-10-09 09:44:04', 'hello ', 'xgxgxgxg'),
(27, 'teacher', ',20,19', '22', '2014-11-20 11:03:52', 'dff', 'sgsgs<br>'),
(28, 'parent', ',105,187', '61,93,94,95,96,97,99,101,104,108,110,114,115,126,141,142,143,144,145,146,147,148,149,150,151,152,153,154,155,156,157,158,159,160,161,162,163,164,165,166,167,168,169,170,171,172,173,174,175,176,177,178,179,180,181,182,183,184,185,186,188,189,190', '2014-11-21 17:39:43', 'dsaD', 'AFDFSA'),
(29, 'teacher', ',20,19', '22,23', '2014-11-25 08:43:38', 'hello', 'agaga'),
(30, 'student', ',105,5', '4,9,10,11,12,13,14,17,18,20,21,22,23,24,25,26,27,28,29,30,31,32,33,34,35,36,37,38,39,40,41,42,43,44,45,46,47,48,49,52,53,54,55,56,59,60,61,63,64,65,66,67,68,69,70,71,75,76,77,78,81,82,83,90,91,93,94,95,96,97,99,101,104,108,110,114,115,126,141,142,14', '2014-11-25 14:29:18', '', ''),
(31, 'teacher', ',20,19', '22,23', '2014-11-27 04:21:39', 'hi', 'hi hru'),
(32, 'teacher', ',20,19', '22,23', '2014-12-06 07:33:09', '', ''),
(33, 'teacher', ',19,20', '22,23', '2014-12-18 11:46:44', 'Test', 'gsrinivaz@gmail.com'),
(34, 'teacher', ',19,20', '22,23', '2014-12-18 11:47:58', 'gsrinivaz', 'Tesst'),
(35, 'student', ',105,5', '4,9,10,11,12,13,14,17,18,20,21,22,23,24,25,26,27,28,29,30,31,32,33,34,35,36,37,38,39,40,41,42,43,44,45,46,47,48,49,52,53,54,55,56,59,60,61,63,64,65,66,67,68,69,70,71,75,76,77,78,81,82,83,90,91,93,94,95,96,97,99,101,104,108,110,114,115,126,141,142,14', '2014-12-18 16:50:13', 'no school today', 'enjoy guys'),
(36, 'student', ',105,5', '4,9,10,11,12,13,14,17,18,20,21,22,23,24,25,26,27,28,29,30,31,32,33,34,35,36,37,38,39,40,41,42,43,44,45,46,47,48,49,52,53,54,55,56,59,60,61,63,64,65,66,67,68,69,70,71,75,76,77,78,81,82,83,90,91,93,94,95,96,97,99,101,104,108,110,114,115,126,141,142,14', '2014-12-18 16:52:39', 'holday today', 'njoy'),
(37, 'student', ',105,5', '4,9,10,11,12,13,14,17,18,20,21,22,23,24,25,26,27,28,29,30,31,32,33,34,35,36,37,38,39,40,41,42,43,44,45,46,47,48,49,52,53,54,55,56,59,60,61,63,64,65,66,67,68,69,70,71,75,76,77,78,81,82,83,90,91,93,94,95,96,97,99,101,104,108,110,114,115,126,141,142,14', '2014-12-18 16:52:51', 'nji', 'mkj;k;k'),
(38, 'student', ',105,5', '4,9,10,11,12,13,14,17,18,20,21,22,23,24,25,26,27,28,29,30,31,32,33,34,35,36,37,38,39,40,41,42,43,44,45,46,47,48,49,52,53,54,55,56,59,60,61,63,64,65,66,67,68,69,70,71,75,76,77,78,81,82,83,90,91,93,94,95,96,97,99,101,104,108,110,114,115,126,141,142,14', '2014-12-23 12:00:59', '', 'test'),
(39, 'student', ',105,5', '4,9,10,11,12,13,14,17,18,20,21,22,23,24,25,26,27,28,29,30,31,32,33,34,35,36,37,38,39,40,41,42,43,44,45,46,47,48,49,52,53,54,55,56,59,60,61,63,64,65,66,67,68,69,70,71,75,76,77,78,81,82,83,90,91,93,94,95,96,97,99,101,104,108,110,114,115,126,141,142,14', '2014-12-23 12:09:58', '', 'test'),
(40, 'teacher', ',19,20', '22,23,24', '2014-12-26 20:43:22', 'Akram Mail', 'testing e mail'),
(41, 'student', ',221', '222,223,224,225,226,227,228,229,230', '2015-01-14 05:54:48', 'Test', 'Test Mail<br>'),
(42, 'teacher', ',19,20,28', '23,24,26,27,29,30,31', '2015-01-14 15:08:44', 'meeting at 4 pm', 'there is a meeting held at 4pm regarding the annual celebrations '),
(43, 'teacher', ',19,20,28', '23,24,26,27,29,30,31', '2015-01-14 15:14:49', 'hello ', 'maaeting at 9pm'),
(44, 'teacher', ',19,20,28,33', '23,24,26,27,30,31,32', '2015-01-18 07:00:59', '', ''),
(45, 'parent', ',241', '234,240', '2015-01-20 13:14:54', 'Test student Subject', 'Test'),
(46, 'parent', ',250,', '', '2015-02-06 12:32:22', 'Test ', ' Test boby'),
(47, 'parent', '', '263', '2015-02-06 12:33:27', 'ghgh', ' ghgh'),
(48, 'parent', '', '240', '2015-02-06 12:35:19', 'fgfgf', ' gfgfgfgf'),
(49, 'parent', '', '240', '2015-02-06 12:36:33', 'fgfgf', ' gfgfgfgf'),
(50, 'parent', '', '240', '2015-02-06 12:36:44', 'ghgh', ' ghgh'),
(51, 'parent', '', '240', '2015-02-06 12:37:13', 'dfdf', ' dfdf'),
(52, 'parent', '', '240', '2015-02-06 12:38:01', 'dfdf', ' dfdf'),
(53, 'parent', '', '240', '2015-02-06 12:38:43', 'fgf', ' gfg'),
(54, 'parent', '', '240', '2015-02-06 12:39:03', 'fgf', ' gfg'),
(55, 'parent', '', '240', '2015-02-06 12:41:58', 'hgh', ' gh'),
(56, 'parent', '', '240', '2015-02-06 12:42:53', 'hgh', ' gh'),
(57, 'parent', '', '240', '2015-02-06 12:43:48', 'hgh', ' gh'),
(58, 'parent', '', '240', '2015-02-06 12:44:04', 'jch', ' jhgjhgj'),
(59, 'parent', '', '240', '2015-02-06 12:45:46', 'jch', ' jhgjhgj'),
(60, 'parent', '', '240', '2015-02-06 12:48:47', 'fgfdg', ' fdgfgf'),
(61, 'parent', '', '240', '2015-02-06 12:49:29', 'fgfg', ' fgfg'),
(62, 'parent', '', '240', '2015-02-06 12:50:17', 'gfdsg', ' fgfg'),
(63, 'parent', '', '240', '2015-02-06 12:53:05', 'cbb', ' cbcb'),
(64, 'parent', ',262,', '', '2015-02-06 12:59:52', 'Test Me', ' Test 123'),
(65, 'parent', ',250', '263', '2015-02-14 08:57:44', 'helo', 'heloo'),
(66, 'parent', ',250,', '', '2015-02-14 09:00:50', 'hello ', ' test email'),
(67, 'parent', ',250,', '', '2015-02-14 09:01:52', 'hello', ' helo tst email'),
(68, 'parent', ',250,', '', '2015-02-14 09:02:22', 'hello', ' test '),
(69, 'parent', ',250', '263', '2015-02-14 09:03:49', 'hello ', 'hello test '),
(70, 'parent', ',1,2', '3', '2015-02-17 14:41:57', 'hi', 'hi'),
(71, 'parent', ',6', '7,8,9,10', '2015-02-18 20:21:08', 'THIS IS A TEDT EMAIL', 'THIS IS A TEST EMAIL '),
(72, 'parent', ',6,', '', '2015-02-20 06:43:51', 'hello ', ' helo test '),
(73, 'parent', '', '8', '2015-02-20 11:46:52', 'test', ' test'),
(74, 'parent', '', '7', '2015-02-20 11:47:36', 'test', ' test'),
(75, 'parent', '', '9', '2015-02-20 11:48:35', 'test', ' test'),
(76, 'parent', '', '6', '2015-02-20 18:35:16', 'hello ', 'tam test  '),
(77, 'parent', ',', '', '2015-02-23 20:16:40', 'hello', 'hello'),
(78, 'parent', ',19,18', '20,21,22,23,24,25,26,27,28,29,30,31,32', '2015-03-01 02:06:22', 'all the best', 'suresh graphics '),
(79, 'parent', ',19,18', '20,21,22,23,24,25,26,27,28,29,30,31,32', '2015-03-01 02:06:26', 'all the best', 'suresh graphics '),
(80, 'parent', ',19,18', '20,21,22,23,24,25,26,27,28,29,30,31,32', '2015-03-01 02:20:52', 'Welcome to vikas', 'Hi\n\nWel come to Vikas Public school\nNagula Putta Veddy\nH.NO:10-497-A,\nG.V.Ramana Street\nMarkapuram,\nPrakasam dist\nAndhra Pradesh\n523316'),
(81, 'teacher', ',53,45', '47,48,49,50,51,52', '2015-03-01 04:22:30', 'THIS IS SAMPLE', 'This is SAMPLE'),
(82, 'parent', ',18,', '', '2015-03-01 04:25:01', 'FEVER', ' Your Children sufer fever '),
(83, 'parent', ',18,', '', '2015-03-01 04:26:23', 'dhjjfjffklafdjla', ' jfdhfjhkjlfkjjflkdalfldlf;;a;'),
(84, 'parent', '', '44', '2015-07-10 21:06:20', 'marks', ' Hi How are you ....'),
(85, 'teacher', ',5', '4', '2017-01-24 22:22:46', 't', 'test'),
(86, 'teacher', ',5', '4', '2017-01-24 22:27:49', 'Testing', 'Testing by compucare');

-- --------------------------------------------------------

--
-- Table structure for table `email_template`
--

CREATE TABLE `email_template` (
  `email_template_id` int(11) NOT NULL,
  `task` longtext COLLATE utf8_unicode_ci NOT NULL,
  `subject` longtext COLLATE utf8_unicode_ci NOT NULL,
  `body` longtext COLLATE utf8_unicode_ci NOT NULL
) ENGINE=InnoDB DEFAULT CHARSET=utf8 COLLATE=utf8_unicode_ci;

-- --------------------------------------------------------

--
-- Table structure for table `employee_categories`
--

CREATE TABLE `employee_categories` (
  `employee_category_id` int(11) NOT NULL,
  `employee_category_name` varchar(100) NOT NULL,
  `employee_category_status` varchar(10) NOT NULL,
  `employee_category_added_date` datetime NOT NULL,
  `employee_category_modified_date` datetime NOT NULL
) ENGINE=InnoDB DEFAULT CHARSET=latin1;

--
-- Dumping data for table `employee_categories`
--

INSERT INTO `employee_categories` (`employee_category_id`, `employee_category_name`, `employee_category_status`, `employee_category_added_date`, `employee_category_modified_date`) VALUES
(2, 'rajnkumar', 'active', '2014-08-30 08:28:12', '2015-04-11 01:47:37'),
(3, 'NON-Teaching Staff', 'active', '2014-09-26 07:09:59', '2017-02-14 15:34:55'),
(4, 'Library', 'active', '2014-11-01 12:06:23', '2014-11-01 12:06:23'),
(5, 'Sweeper', 'inactive', '2014-11-26 13:58:57', '2014-11-26 13:58:57'),
(6, 'Courier Guys', 'active', '2014-12-18 12:43:55', '2014-12-18 12:43:55'),
(7, 'Sweeper', 'active', '2014-12-19 17:41:58', '2014-12-19 17:41:58'),
(8, 'Drivers', 'active', '2015-01-14 06:14:09', '2015-01-14 06:14:09'),
(9, 'Watch Man', 'active', '2015-01-21 09:55:08', '2015-01-21 09:55:08'),
(10, 'Watch Man', 'inactive', '2015-01-21 09:55:24', '2015-01-21 09:55:24'),
(11, 'arshad', 'active', '2015-03-31 23:54:15', '2015-03-31 23:54:15'),
(12, 'RASHID', 'active', '2015-04-04 11:33:34', '2015-04-04 11:33:34'),
(13, 'ABC', 'inactive', '2015-04-16 04:27:47', '2015-04-16 04:28:06'),
(14, 'Bus Driver', 'active', '2017-02-14 15:35:14', '2017-02-14 15:35:14');

-- --------------------------------------------------------

--
-- Table structure for table `event_category`
--

CREATE TABLE `event_category` (
  `eventcategory_id` int(11) NOT NULL,
  `eventcategory_name` varchar(150) NOT NULL,
  `eventcategory_bg` varchar(10) NOT NULL,
  `eventcategory_fc` varchar(10) NOT NULL,
  `eventcategory_status` int(1) NOT NULL,
  `eventcategory_added_date` datetime NOT NULL,
  `eventcategory_modified_date` datetime NOT NULL
) ENGINE=InnoDB DEFAULT CHARSET=latin1;

--
-- Dumping data for table `event_category`
--

INSERT INTO `event_category` (`eventcategory_id`, `eventcategory_name`, `eventcategory_bg`, `eventcategory_fc`, `eventcategory_status`, `eventcategory_added_date`, `eventcategory_modified_date`) VALUES
(2, 'Examinations', '00f208', '000000', 1, '2015-02-27 08:30:46', '2015-02-27 12:20:18'),
(3, 'Holidays', 'ffea00', '010203', 1, '2015-02-27 09:28:13', '2015-02-27 12:21:11'),
(4, 'Events', 'ff0033', 'ffffff', 1, '2015-02-27 11:20:48', '2015-02-27 12:19:27'),
(5, 'Dues', '008cf0', 'ffffff', 1, '2015-02-27 11:21:18', '2015-02-27 12:19:01');

-- --------------------------------------------------------

--
-- Table structure for table `exam`
--

CREATE TABLE `exam` (
  `exam_id` int(11) NOT NULL,
  `name` longtext COLLATE utf8_unicode_ci NOT NULL,
  `date` longtext COLLATE utf8_unicode_ci NOT NULL,
  `grand_total` int(11) NOT NULL,
  `pass_mark` int(11) NOT NULL,
  `comment` longtext COLLATE utf8_unicode_ci NOT NULL
) ENGINE=InnoDB DEFAULT CHARSET=utf8 COLLATE=utf8_unicode_ci;

--
-- Dumping data for table `exam`
--

INSERT INTO `exam` (`exam_id`, `name`, `date`, `grand_total`, `pass_mark`, `comment`) VALUES
(1, 'UNIT-1', '14/07/2015', 25, 9, 'NA'),
(2, 'UNIT - 2', '16/07/2015', 25, 9, 'ABC'),
(3, 'Jk@gmail.com ', '06/02/2017', 70, 35, 'The '),
(4, 'Power Mechanics', '11/03/2017', 0, 40, 'pass');

-- --------------------------------------------------------

--
-- Table structure for table `fees_category`
--

CREATE TABLE `fees_category` (
  `fees_category_id` int(11) NOT NULL,
  `fees_category_name` varchar(100) NOT NULL,
  `fees_category_prefix` varchar(100) NOT NULL
) ENGINE=InnoDB DEFAULT CHARSET=latin1;

--
-- Dumping data for table `fees_category`
--

INSERT INTO `fees_category` (`fees_category_id`, `fees_category_name`, `fees_category_prefix`) VALUES
(1, 'Tuition fee', 'TF'),
(2, 'tution', 'eee'),
(3, 'Library', 'Books'),
(4, 'Sports ', 'games'),
(8, 'Late fee', 'Punishment');

-- --------------------------------------------------------

--
-- Table structure for table `fee_categories`
--

CREATE TABLE `fee_categories` (
  `fee_category_id` int(11) NOT NULL,
  `fee_category` varchar(100) NOT NULL,
  `fc_invoice_pre_fix` varchar(10) NOT NULL,
  `fee_category_description` varchar(225) NOT NULL,
  `fee_category_status` varchar(10) NOT NULL,
  `fee_category_added_date` datetime NOT NULL,
  `fee_category_modified_date` datetime NOT NULL,
  `fee_category_delete` varchar(10) NOT NULL
) ENGINE=InnoDB DEFAULT CHARSET=latin1;

--
-- Dumping data for table `fee_categories`
--

INSERT INTO `fee_categories` (`fee_category_id`, `fee_category`, `fc_invoice_pre_fix`, `fee_category_description`, `fee_category_status`, `fee_category_added_date`, `fee_category_modified_date`, `fee_category_delete`) VALUES
(1, 'Tam Fee', 'Tam', 'test', 'active', '2015-02-19 12:04:14', '2015-02-20 08:38:12', 'Y'),
(2, 'Mess Bill', 'Mess Bill ', 'Mess Bill for Hostelers', 'active', '2015-02-20 18:37:38', '2015-07-11 21:59:36', 'Y'),
(3, 'Term - 1', 'First Term', 'School Fee I - Term', 'active', '2015-02-23 22:12:01', '2015-07-11 21:59:54', 'Y'),
(4, 'CAL ACTIVITIES', 'DANCE', 'TRADITIONAL DACE TYPE', 'active', '2015-04-04 11:38:40', '2015-07-11 22:00:01', 'Y'),
(5, 'Caution money', 'Caution mn', 'hello', 'active', '2015-04-08 04:15:17', '2015-07-11 22:00:10', 'Y'),
(6, 'Term Fees2', 'Term Fees', 'Ter Fees', 'active', '2015-04-14 08:35:14', '2015-07-11 22:00:18', 'Y'),
(7, 'EXAM', 'PRE TEST', 'ABC', 'active', '2015-04-16 04:30:06', '2015-07-11 22:00:27', 'Y'),
(8, 'asd', 'asder', 'cvvv', 'active', '2015-04-16 05:02:20', '2015-07-11 22:00:34', 'Y'),
(9, 'Transport Fees', 'Transport', 'Transport Fees', 'active', '2015-05-12 20:19:29', '2015-07-11 22:00:42', 'Y'),
(10, 'bus fee', 'total fee', 'only for bus user', 'active', '2015-07-11 20:14:19', '2015-07-11 22:00:52', 'Y'),
(11, 'SCHOOL FEE', 'SCHOOL FEE', 'SCHOOL FEE INFORMATION', 'active', '2015-07-11 20:38:28', '2015-07-11 22:08:34', 'Y'),
(12, 'school fees', 'total amou', 'annual fee', 'active', '2015-07-11 20:40:35', '2015-07-11 22:01:02', 'Y'),
(13, 'SCHOOL FEE', 'SCHOOL FEE', 'STUDENT SCHOOL FEE', 'active', '2015-07-11 22:09:47', '2015-07-11 22:11:41', 'Y'),
(14, 'SCHOOL FEE', 'SCHOOL FEE', 'STUDENT SCHOOL FEE', 'active', '2015-07-11 22:10:07', '2016-05-12 11:52:51', 'N'),
(15, 'BUS FEE', 'BUS FEE', 'ANNUAL BUS FEE', 'active', '2015-07-11 22:12:16', '2015-07-11 22:12:16', 'N'),
(16, 'HOSTEL FEE', 'HOSTEL FEE', 'ANNUAL HOSTEL FEE', 'active', '2015-07-11 22:17:34', '2015-07-11 22:17:34', 'N'),
(17, 'Tution', ' Tution', 'Tution', 'active', '2016-05-09 12:10:56', '2016-05-09 12:10:56', 'N');

-- --------------------------------------------------------

--
-- Table structure for table `fee_categories_bkp`
--

CREATE TABLE `fee_categories_bkp` (
  `fee_category_id` int(11) NOT NULL,
  `fee_category` varchar(100) NOT NULL,
  `fc_invoice_pre_fix` varchar(10) NOT NULL,
  `fee_category_description` varchar(225) NOT NULL,
  `fee_category_status` varchar(10) NOT NULL,
  `fee_category_added_date` datetime NOT NULL,
  `fee_category_modified_date` datetime NOT NULL,
  `fee_category_delete` varchar(10) NOT NULL
) ENGINE=InnoDB DEFAULT CHARSET=latin1;

--
-- Dumping data for table `fee_categories_bkp`
--

INSERT INTO `fee_categories_bkp` (`fee_category_id`, `fee_category`, `fc_invoice_pre_fix`, `fee_category_description`, `fee_category_status`, `fee_category_added_date`, `fee_category_modified_date`, `fee_category_delete`) VALUES
(1, 'Installment', 'INST', '1000', 'active', '0000-00-00 00:00:00', '2014-09-27 05:49:05', 'Y'),
(2, 'printing fees', 'PST', 'printing fees', 'active', '2014-09-15 12:49:59', '2014-09-15 13:37:30', 'Y'),
(3, 'printing fees', 'PST', 'Test ', 'active', '2014-09-15 13:39:39', '2014-09-15 13:42:15', 'Y'),
(4, 'Installment One', 'PST', 'Test', 'active', '2014-09-15 14:23:53', '2014-10-09 02:25:29', 'Y'),
(5, 'Installment Thee', 'INS003', 'Test', 'active', '2014-09-15 12:46:18', '2014-10-09 02:25:32', 'Y'),
(6, 'feecategorie One', 'FCO', 'Test', 'active', '2014-09-17 13:00:15', '2014-09-27 05:49:11', 'Y'),
(7, 'Mess Bill', 'Mess', 'Hostel Mess Bill ', 'active', '2014-09-24 07:34:24', '2014-12-20 14:42:47', 'Y'),
(8, 'school fee', 'scf', 'yearly', 'active', '2014-09-28 04:09:45', '2015-01-13 06:23:39', 'Y'),
(9, 'van fee', 'bs', 'jan', 'active', '2014-10-09 02:26:03', '2015-01-13 06:23:43', 'Y'),
(10, 'lib fees', 'lib', 'lib fees', 'active', '2014-11-05 12:26:45', '2015-01-13 07:22:23', 'Y'),
(11, 'Test', 'Test', 'test', 'active', '2014-11-26 18:12:13', '2015-01-13 07:22:25', 'Y'),
(12, 'Tour fees', 'tour', 'asd', 'active', '2014-12-02 08:01:33', '2014-12-13 05:39:15', 'Y'),
(13, 'ADMISSION FEES', 'ADM/001', 'ADMS', 'active', '2014-12-09 14:34:39', '2015-01-13 07:22:28', 'Y'),
(14, 'BANGALORE', 'BLR', 'BAN', 'active', '2014-12-09 14:38:18', '2015-01-13 07:22:31', 'Y'),
(15, 'HOSTEL FEES', 'HOSTEL', 'HOSTEL', 'active', '2014-12-09 14:43:23', '2015-01-13 07:22:33', 'Y'),
(16, 'MISC FEES', 'MISC', 'MISC', 'active', '2014-12-09 14:43:40', '2014-12-20 15:20:06', 'Y'),
(17, 'busses', 'bus', 'zzxxxx', 'active', '2014-12-09 15:04:04', '2014-12-20 14:45:01', 'Y'),
(18, 'tour fees', 'TF', '7th class & 8th class tour fees', 'active', '2014-12-13 05:40:00', '2015-01-13 07:22:36', 'Y'),
(19, 'Misc', 'Mi', 'Another fees', 'active', '2014-12-15 16:33:27', '2014-12-20 15:20:58', 'Y'),
(20, 'r s pura Picnic', '7rspura', 'A class 7th trip to r.s pura', 'active', '2014-12-18 12:51:28', '2014-12-18 12:57:47', 'Y'),
(21, 'picnic', '7rspura', '7th class trip to r.s pura', 'active', '2014-12-18 12:58:16', '2014-12-20 15:20:15', 'Y'),
(22, '8th class picnic', '8pic', '8th class picnic', 'active', '2014-12-18 14:10:05', '2014-12-20 15:20:25', 'Y'),
(23, 'practical test fee ', 'PT', 'practical test fee', 'active', '2014-12-18 16:06:16', '2014-12-20 15:19:52', 'Y'),
(24, 'phone bill fees', 'pd', 'hello demo', 'active', '2014-12-21 07:42:55', '2015-01-13 07:28:47', 'Y'),
(25, 'nn', 'nb', 'nbmnb', 'active', '2014-12-31 10:54:01', '2015-01-13 07:28:49', 'Y'),
(26, 'mess bill', 'mess', 'mess bill', 'active', '2015-01-13 07:29:24', '2015-02-19 11:58:58', 'Y'),
(27, 'semster fee', 'mas', 'sdsds\nsdsdsd', 'active', '2015-01-14 12:14:30', '2015-02-17 18:55:12', 'Y'),
(28, 'semester', 'fee', 'sssss', 'active', '2015-01-15 14:22:09', '2015-02-17 18:55:19', 'Y'),
(29, 'Hostel fee', '2 bed room', 'Veg ', 'active', '2015-01-20 14:26:48', '2015-02-19 11:59:14', 'Y'),
(30, 'mess bill', 'sgsgsg', 'sggg', 'active', '2015-01-21 13:08:33', '2015-01-21 13:08:42', 'Y'),
(31, 'Test Book', 'mrp', 'V-x', 'active', '2015-01-26 14:07:21', '2015-02-17 18:55:26', 'Y'),
(32, 'Library fee', 'library', 'library fees', 'active', '2015-02-05 05:15:32', '2015-02-19 11:59:22', 'Y'),
(33, 'mess raj', 'mess01', 'rajs mess', 'active', '2015-02-19 07:13:32', '2015-02-19 08:21:35', 'Y'),
(34, 'Tam Fee', 'Tam', 'Test', 'active', '2015-02-19 10:23:27', '2015-02-19 10:47:19', 'Y'),
(35, 'Tam Fee', 'Tam', 'Test', 'active', '2015-02-19 11:16:43', '2015-02-19 11:22:35', 'Y');

-- --------------------------------------------------------

--
-- Table structure for table `fee_collections`
--

CREATE TABLE `fee_collections` (
  `fee_collection_id` varchar(100) NOT NULL,
  `fee_collection_receipt` bigint(11) NOT NULL,
  `fee_collection_class_id` int(11) NOT NULL,
  `fee_collection_roll_id` bigint(11) NOT NULL,
  `fee_collection_particular_id` int(11) NOT NULL,
  `fee_collection_amount` float(10,2) NOT NULL,
  `fee_collection_late_charge` float(10,2) NOT NULL,
  `fee_collection_mode` int(11) NOT NULL,
  `fee_collection_cno` varchar(100) NOT NULL,
  `fee_collection_cdate` varchar(100) NOT NULL,
  `fee_collection_cbank` varchar(100) NOT NULL,
  `fee_collection_remarks` varchar(225) NOT NULL,
  `fee_collection_date` date NOT NULL,
  `fee_collection_added_date` datetime NOT NULL,
  `fee_collection_added_by` int(11) NOT NULL
) ENGINE=InnoDB DEFAULT CHARSET=latin1;

--
-- Dumping data for table `fee_collections`
--

INSERT INTO `fee_collections` (`fee_collection_id`, `fee_collection_receipt`, `fee_collection_class_id`, `fee_collection_roll_id`, `fee_collection_particular_id`, `fee_collection_amount`, `fee_collection_late_charge`, `fee_collection_mode`, `fee_collection_cno`, `fee_collection_cdate`, `fee_collection_cbank`, `fee_collection_remarks`, `fee_collection_date`, `fee_collection_added_date`, `fee_collection_added_by`) VALUES
('QBsr-9193-Eqikh-2132-XCij', 1, 22, 8, 1, 270.00, 0.00, 0, '', '', '', '', '2015-02-19', '2015-02-19 15:49:41', 1),
('kyWt-0254-sZOcr-4423-ENHH', 2, 22, 6, 1, 249.00, 0.00, 0, '', '', '', '', '2015-02-20', '2015-02-20 06:47:16', 1),
('KTUB-5283-Khjwm-3670-nJCo', 3, 22, 6, 1, 2241.00, 0.00, 0, '', '', '', '', '2015-02-20', '2015-02-20 06:47:54', 1),
('aAyK-0382-JsuMT-3892-gtsG', 4, 22, 6, 4, 100.00, 0.00, 0, '', '', '', '', '2015-02-20', '2015-02-20 18:39:05', 1),
('lSkm-9574-cbbpW-9023-puAN', 5, 25, 18, 5, 500.00, 25.00, 0, '', '', '', '', '2015-02-23', '2015-02-23 22:48:27', 1),
('SMgP-7869-vRsMq-6131-cYWB', 6, 25, 18, 6, 2000.00, 0.00, 0, '', '', '', '', '2015-02-24', '2015-02-24 01:39:04', 1),
('aklZ-7369-qttEe-8991-kjmf', 7, 25, 19, 5, 2500.00, 50.00, 0, '', '', '', '', '2015-02-24', '2015-02-24 21:34:55', 1),
('sjEo-1607-aSgDr-1717-ktCu', 8, 25, 18, 5, 400.00, 0.00, 0, '', '', '', 'firstmonth', '2015-03-01', '2015-03-01 03:06:30', 1),
('CudV-8686-aDKTD-8926-UzKx', 9, 25, 18, 5, 3000.00, 0.00, 0, '', '', '', '', '2015-04-03', '2015-04-03 05:15:29', 1),
('muRO-1102-qhDBl-5238-gmjZ', 10, 25, 20, 6, 3000.00, 0.00, 0, '', '', '', '', '2015-04-03', '2015-04-03 05:16:02', 1),
('eljI-6772-ihQsv-1544-TnxG', 11, 25, 18, 5, 10100.00, 0.00, 0, '', '', '', '', '2015-04-04', '2015-04-04 01:46:52', 1),
('tGgJ-9124-LfVtU-2049-rbDw', 12, 25, 19, 5, 12500.00, 0.00, 0, '', '', '', '', '2015-04-04', '2015-04-04 01:48:00', 1),
('cdNO-1227-gWGFL-5685-BUNJ', 13, 25, 23, 5, 15000.00, 10000.00, 0, '', '', '', '', '2015-04-04', '2015-04-04 08:30:29', 1),
('HXJm-9677-uEvwy-6678-WQyG', 14, 25, 23, 6, 7500.00, 7000.00, 0, '', '', '', 'hi', '2015-04-04', '2015-04-04 08:31:10', 1),
('fRsj-3481-XdVRg-7419-uzIU', 15, 25, 26, 5, 15000.00, 10000.00, 0, '', '', '', 'hi', '2015-04-04', '2015-04-04 08:32:35', 1),
('gjbA-6852-EQuWM-0427-Snqu', 16, 22, 31, 7, 240.00, 0.00, 0, '', '', '', 'HH', '2015-04-04', '2015-04-04 11:44:01', 1),
('ekCk-2119-NrmHE-4003-KrEo', 17, 22, 28, 7, 240.00, 0.00, 0, '', '', '', 'N', '2015-04-04', '2015-04-04 12:15:05', 1),
('XJXH-4597-aRhAf-2342-wEDJ', 18, 22, 32, 7, 240.00, 0.00, 0, '', '', '', '', '2015-04-04', '2015-04-04 12:18:16', 1),
('zXGs-5793-QfKXH-2199-ERNn', 19, 22, 29, 7, 240.00, 0.00, 0, '', '', '', 'hi', '2015-04-05', '2015-04-05 06:50:35', 1),
('LhCP-0588-SowWa-5945-jTNC', 20, 25, 20, 7, 240.00, 0.00, 0, '', '', '', 'h', '2015-04-06', '2015-04-06 00:44:06', 1),
('FRXE-9285-hxHrD-1744-wMFG', 21, 25, 20, 5, 15000.00, 0.00, 0, '', '', '', 'k', '2015-04-06', '2015-04-06 00:44:48', 1),
('NqCu-7668-sdlAu-1200-QveG', 22, 23, 33, 7, 240.00, 0.00, 0, '', '', '', 'ab', '2015-04-06', '2015-04-06 07:29:25', 1),
('JDug-6238-mwruv-2824-ugVB', 23, 25, 18, 6, 3000.00, 30.00, 0, '', '', '', 'paid', '2015-04-07', '2015-04-07 12:22:08', 1),
('RIqH-3048-MWuaL-1524-HVuB', 24, 25, 18, 6, 3000.00, 30.00, 0, '', '', '', 'paid', '2015-04-07', '2015-04-07 12:22:14', 1),
('CMaZ-4756-KXbIS-4492-FRql', 25, 25, 18, 5, 50.00, 0.00, 0, '', '', '', '', '2015-04-07', '2015-04-07 12:26:28', 1),
('YkIX-4641-raace-5592-NJhu', 26, 22, 28, 8, 1000.00, 0.00, 0, '', '', '', 'Student Term fees', '2015-04-14', '2015-04-14 08:37:32', 1),
('bkGy-8273-ZgDAR-8014-tBCJ', 27, 22, 28, 8, 1000.00, 0.00, 0, '', '', '', 'Term Fess', '2015-04-14', '2015-04-14 08:38:54', 1),
('DqJa-0801-coNxt-3506-ujWf', 28, 22, 32, 8, 3000.00, 0.00, 0, '', '', '', 'F', '2015-04-16', '2015-04-16 04:35:04', 1),
('AAmh-5861-aTjkk-3580-NVsS', 29, 22, 32, 8, 1000.00, 0.00, 0, '', '', '', 'C', '2015-04-16', '2015-04-16 04:38:21', 1),
('GnLq-3402-Xchud-3832-qsSJ', 30, 25, 21, 7, 240.00, 0.00, 0, '', '', '', 'HH', '2015-04-16', '2015-04-16 04:40:07', 1),
('wLcs-2744-gKLYu-8398-zBXo', 31, 29, 39, 9, 500.00, 0.00, 0, '', '', '', 'hg', '2015-04-16', '2015-04-16 05:05:00', 1),
('cRvC-8270-NcyUi-6187-yOeK', 32, 22, 28, 9, 1000.00, 0.00, 0, '', '', '', '', '2015-04-20', '2015-04-20 01:39:05', 1),
('KugY-8323-wmgoo-5569-wIup', 33, 22, 28, 8, 8000.00, 0.00, 0, '', '', '', '', '2015-04-20', '2015-04-20 02:24:13', 1),
('mAAa-5115-ekzFl-8845-JIvO', 34, 22, 30, 8, 5000.00, 0.00, 0, '', '', '', 'term fees', '2015-05-12', '2015-05-12 10:44:35', 1),
('izNx-1941-xSsSl-2223-AsQm', 35, 22, 29, 8, 5000.00, 0.00, 0, '', '', '', 'rf', '2015-05-12', '2015-05-12 10:47:46', 1),
('gTbi-5380-thiDC-5319-glDx', 36, 22, 30, 8, 1000.00, 0.00, 0, '', '', '', 'Amount', '2015-05-12', '2015-05-12 20:21:17', 1),
('kRie-4233-JZyOR-7426-jJvv', 37, 23, 33, 9, 100.00, 0.00, 0, '', '', '', 'paying 100', '2015-05-18', '2015-05-18 00:50:25', 1),
('hUrt-9717-RRBen-4418-kIPM', 38, 25, 20, 6, 4500.00, 0.00, 0, '', '', '', '', '2015-05-18', '2015-05-18 00:51:30', 1),
('lHQZ-4958-xxWxr-9537-qnVp', 39, 22, 29, 12, 9000.00, 0.00, 0, '', '', '', 'paid', '2015-07-11', '2015-07-11 20:25:32', 1),
('qwlk-9125-dQsYa-7590-wpwt', 40, 22, 29, 9, 900.00, 0.00, 0, '', '', '', 'unpaid', '2015-07-11', '2015-07-11 20:26:35', 1),
('oPsl-6222-NBFDL-5790-miwk', 41, 22, 29, 12, 4000.00, 0.00, 0, '', '', '', 'NA', '2015-07-11', '2015-07-11 20:27:04', 1),
('XENy-1221-eIjzE-6418-vOpB', 42, 22, 29, 8, 3000.00, 0.00, 0, '', '', '', 'na', '2015-07-11', '2015-07-11 20:28:16', 1),
('rJNf-6560-fbSCc-4155-tsnx', 43, 22, 30, 8, 4000.00, 0.00, 0, '', '', '', 'paid', '2015-07-11', '2015-07-11 20:31:42', 1),
('RTGc-5402-KARxw-8060-uemq', 44, 22, 31, 8, 10000.00, 0.00, 0, '', '', '', 'na', '2015-07-11', '2015-07-11 20:33:18', 1),
('dcJi-4530-hslOo-9176-wyXd', 45, 22, 29, 15, 4000.00, 0.00, 0, '', '', '', 'TERM ONE', '2015-07-11', '2015-07-11 22:23:44', 1),
('ROxf-1616-ZIkoI-4794-LQhd', 46, 1, 8, 19, 8000.00, 0.00, 0, '', '', '', 'Admission Fee', '2016-02-20', '2016-02-20 01:00:17', 1),
('GjCZ-0101-WUgkF-6201-tfcJ', 47, 1, 1, 21, 1.00, 0.00, 0, '', '', '', '', '2016-05-18', '2016-05-18 05:29:23', 1),
('dRZT-9152-axCJK-3949-yKke', 48, 1, 1, 22, 5000.00, 0.00, 0, '', '', '', '', '2016-05-18', '2016-05-18 13:34:17', 0),
('zvpp-6408-bNhgS-1033-KSnQ', 49, 1, 2, 22, 3000.00, 50.00, 0, '', '', '', 'payment by his father', '2016-05-29', '2016-05-29 15:34:48', 1),
('Bzvf-2094-YXsuo-5810-ujwB', 50, 1, 2, 21, 1.00, 0.00, 0, '', '', '', '', '2017-01-11', '2017-01-11 16:06:07', 1),
('wXBn-2672-IrdFO-2035-IrAK', 51, 1, 3, 22, 1000.00, 0.00, 0, '', '', '', 'paid on time', '2017-01-17', '2017-01-17 19:18:31', 1),
('DGDa-2612-QkmJf-0222-LgiL', 52, 1, 2, 22, 200.00, 0.00, 0, '', '', '', '', '2017-01-21', '2017-01-21 14:07:02', 1),
('NVUM-6162-OPuAz-2554-tFFo', 53, 1, 1, 20, 50.00, 0.00, 0, '', '', '', '', '2017-01-21', '2017-01-21 14:20:10', 1),
('daqC-8661-iGnUU-3101-dtHu', 54, 1, 1, 20, 50.00, 0.00, 1, '', '', '', '', '2017-01-24', '2017-01-24 13:39:53', 1),
('aGrF-5063-rQWjM-2098-qVTr', 55, 1, 2, 22, 1800.00, 0.00, 0, '', '', '', '', '2017-01-24', '2017-01-24 18:37:02', 1),
('Plnz-7439-DlkXF-7613-KvIf', 56, 1, 8, 21, 1.00, 0.00, 0, '', '', '', '', '2017-01-24', '2017-01-24 18:42:14', 1),
('iKeE-6565-NjciM-3034-lPWe', 57, 1, 3, 22, 4000.00, 0.00, 0, '', '', '', 'cleared', '2017-01-24', '2017-01-24 19:56:56', 1),
('sEyk-5184-fAmRX-1811-Cygz', 58, 1, 2, 20, 100.00, 50.00, 1, '12345', '20/01/2017', 'axis', 'c', '2017-01-24', '2017-01-24 22:17:56', 1),
('EfIF-0481-GAYhe-4748-FjEh', 59, 1, 3, 20, 50.00, 0.00, 0, '', '', '', '', '2017-01-27', '2017-01-27 13:19:48', 1),
('zgsl-3493-RnRzT-7434-moQY', 60, 1, 3, 20, 50.00, 0.00, 0, '', '', '', '', '2017-01-28', '2017-01-28 16:34:25', 1),
('UibB-8911-NvVRj-4400-HWLO', 61, 1, 1, 23, 8000.00, 0.00, 0, '', '', '', '', '2017-01-28', '2017-01-28 17:33:25', 1),
('Vjeq-3572-jXsJL-5209-bEhk', 62, 1, 2, 23, 850.00, 10.00, 0, '', '', '', '120', '2017-02-12', '2017-02-12 19:42:26', 1),
('czMY-5769-PRHIs-5350-LBZA', 63, 1, 2, 23, 7150.00, 0.00, 1, '', '12-01-2017', '', '', '2017-02-12', '2017-02-12 20:31:51', 1),
('UvUk-6963-tfWob-9490-PEpO', 64, 1, 3, 23, 8000.00, 100.00, 0, '', '', '', 'Received Fees By Mr. Deepak Sutar', '2017-02-12', '2017-02-12 20:54:24', 1),
('bmrs-6373-eYLcG-5589-FVuc', 65, 3, 1, 20, 100.00, 0.00, 0, '', '', '', '', '2017-02-13', '2017-02-13 14:36:54', 1),
('WPch-6902-wXaWO-7737-nplt', 66, 2, 3, 20, 80.00, 10.00, 0, '', '', '', 'Remark', '2017-02-15', '2017-02-15 10:34:53', 1);

-- --------------------------------------------------------

--
-- Table structure for table `fee_collections_bkp`
--

CREATE TABLE `fee_collections_bkp` (
  `fee_collection_id` varchar(100) NOT NULL,
  `fee_collection_receipt` bigint(11) NOT NULL,
  `fee_collection_class_id` int(11) NOT NULL,
  `fee_collection_roll_id` bigint(11) NOT NULL,
  `fee_collection_particular_id` int(11) NOT NULL,
  `fee_collection_amount` float(10,2) NOT NULL,
  `fee_collection_late_charge` float(10,2) NOT NULL,
  `fee_collection_mode` int(11) NOT NULL,
  `fee_collection_cno` varchar(100) NOT NULL,
  `fee_collection_cdate` varchar(100) NOT NULL,
  `fee_collection_cbank` varchar(100) NOT NULL,
  `fee_collection_remarks` varchar(225) NOT NULL,
  `fee_collection_date` date NOT NULL,
  `fee_collection_added_date` datetime NOT NULL,
  `fee_collection_added_by` int(11) NOT NULL
) ENGINE=InnoDB DEFAULT CHARSET=latin1;

--
-- Dumping data for table `fee_collections_bkp`
--

INSERT INTO `fee_collections_bkp` (`fee_collection_id`, `fee_collection_receipt`, `fee_collection_class_id`, `fee_collection_roll_id`, `fee_collection_particular_id`, `fee_collection_amount`, `fee_collection_late_charge`, `fee_collection_mode`, `fee_collection_cno`, `fee_collection_cdate`, `fee_collection_cbank`, `fee_collection_remarks`, `fee_collection_date`, `fee_collection_added_date`, `fee_collection_added_by`) VALUES
('tkeJ-4819-IenOK-5498-LbZZ', 1, 42, 2, 5, 2323.00, 100.00, 1, '1002356', '10-12-2014', 'AXIS', 'Test', '2014-09-22', '2014-09-22 13:03:05', 1),
('CyIh-1012-fRuKQ-7127-wvLE', 2, 42, 2, 7, 123.00, 10.00, 0, '', '', '', 'Test', '2014-09-22', '2014-09-22 13:06:31', 1),
('weIl-3192-PzEDR-4818-pVdD', 3, 42, 1, 5, 1200.00, 23.00, 0, '', '', '', '', '2014-09-22', '2014-09-22 13:07:27', 1),
('IxSJ-4841-mpBLM-1078-rjnZ', 4, 42, 1, 5, 1200.00, 0.00, 0, '', '', '', '', '2014-09-22', '2014-09-22 13:08:16', 1),
('jwIr-8351-LkGRL-9493-YMKT', 5, 42, 1, 6, 1500.00, 0.00, 0, '', '', '', '', '2014-09-22', '2014-09-22 13:10:07', 1),
('niFc-7373-eZmFL-0719-hgrS', 6, 42, 1, 2, 100.00, 0.00, 0, '', '', '', '', '2014-09-22', '2014-09-22 13:14:21', 1),
('qHkC-9823-vZSqV-0921-Thcg', 7, 42, 1, 2, 1230.00, 100.00, 1, '1002354', '10-12-2014', 'ICICI - SRNAGER', 'ICICI', '2014-09-22', '2014-09-22 13:17:15', 1),
('ZQwr-7413-JJndo-9211-jboB', 8, 42, 23, 6, 500.00, 0.00, 0, '', '', '', '', '2014-09-22', '2014-09-22 13:34:15', 1),
('nleY-6281-dSQwJ-0619-MVCi', 9, 42, 273, 6, 1500.00, 0.00, 0, '', '', '', '', '2014-09-22', '2014-09-22 13:49:02', 1),
('ArxP-1766-EVXEW-2233-AffJ', 10, 42, 273, 2, 5000.00, 0.00, 0, '', '', '', '', '2014-09-22', '2014-09-22 13:49:07', 1),
('AwAS-7743-MxZVi-3901-urtt', 11, 42, 273, 5, 4500.00, 0.00, 0, '', '', '', '', '2014-09-22', '2014-09-22 13:49:10', 1),
('qOYR-0645-zZcSB-4632-fawZ', 12, 42, 104, 6, 1500.00, 0.00, 0, '', '', '', '', '2014-09-23', '2014-09-23 13:00:53', 1),
('BtDT-4137-ckEnY-2342-smDr', 13, 42, 136, 2, 5000.00, 0.00, 0, '', '', '', '', '2014-09-23', '2014-09-23 13:02:07', 1),
('xdTX-3979-iGjbv-6809-HXtk', 14, 42, 104, 2, 450.00, 100.00, 1, '', '', '', '', '2014-09-23', '2014-09-23 13:54:46', 1),
('DjiM-6077-KVSpw-8239-PobH', 15, 42, 104, 2, 560.00, 10.00, 0, '', '', '', '', '2014-09-23', '2014-09-23 13:55:01', 1),
('TkKL-2860-uaRIB-9102-bLUk', 16, 42, 104, 5, 4500.00, 0.00, 0, '', '', '', '', '2014-09-23', '2014-09-23 14:24:10', 1),
('FKkr-7925-XPLaE-2168-yYVb', 17, 42, 136, 6, 600.00, 0.00, 0, '', '', '', '', '2014-09-24', '2014-09-24 07:32:05', 1),
('AaxD-0763-dObkx-2583-hcXl', 18, 42, 136, 9, 10000.00, 0.00, 0, '', '', '', '900', '2014-09-24', '2014-09-24 08:29:25', 1),
('btTT-0826-FCogu-8849-cLdz', 19, 43, 107, 8, 200.00, 0.00, 0, '', '', '', '', '2014-09-24', '2014-09-24 08:30:07', 1),
('qEoC-8215-jzDOO-8060-eZkv', 20, 43, 107, 4, 23.00, 0.00, 0, '', '', '', '', '2014-09-24', '2014-09-24 08:33:12', 1),
('GiUi-9973-uRWhf-3898-ENQx', 21, 43, 107, 4, 230.00, 100.00, 0, '', '', '', '', '2014-09-24', '2014-09-24 08:33:51', 1),
('reeT-3827-yuWOE-8031-cCiZ', 22, 42, 105, 2, 1000.00, 0.00, 0, '', '', '', '', '2014-09-25', '2014-09-25 11:35:53', 1),
('FTPQ-2153-UTaOF-7198-Rcun', 23, 42, 136, 6, 900.00, 0.00, 0, '', '', '', '', '2014-09-25', '2014-09-25 11:36:08', 1),
('eCrV-5041-AKGAo-9692-oauM', 24, 42, 105, 2, 1000.00, 0.00, 0, '', '', '', '', '2014-09-26', '2014-09-26 09:54:43', 1),
('rOCm-5476-kJpcE-9555-JNAD', 25, 52, 145, 11, 15000.00, 0.00, 0, '', '', '', '', '2014-09-28', '2014-09-28 04:11:32', 1),
('IUyD-9677-QXHcx-5508-bvXv', 26, 42, 105, 12, 500.00, 0.00, 0, '', '', '', '', '2014-09-29', '2014-09-29 07:54:55', 1),
('bFqF-5859-FKrdO-8360-rNGV', 27, 42, 105, 2, 3000.00, 1000.00, 0, '', '', '', '', '2014-10-05', '2014-10-05 07:25:50', 1),
('yJut-0498-WMcJI-8429-UKFL', 28, 45, 175, 5, 4500.00, 0.00, 0, '', '', '', '', '2014-10-07', '2014-10-07 07:10:16', 1),
('brzZ-2409-dxUKJ-5957-FJPG', 29, 52, 187, 11, 7000.00, 0.00, 0, '', '', '', '', '2014-10-09', '2014-10-09 02:27:03', 1),
('TTbr-1501-JwaQS-6263-obCo', 30, 52, 187, 13, 2500.00, 0.00, 0, '', '', '', '', '2014-10-09', '2014-10-09 02:27:14', 1),
('RiJk-9475-emGaM-9462-Xhmo', 31, 52, 187, 5, 4000.00, 0.00, 0, '', '', '', '', '2014-10-09', '2014-10-09 02:27:26', 1),
('JRCO-6649-yEYhy-4887-wrLh', 32, 42, 105, 6, 150.00, 0.00, 0, '', '', '', '', '2014-10-09', '2014-10-09 02:30:05', 1),
('NrOm-4131-hFeRL-2411-uzby', 33, 42, 105, 6, 250.00, 0.00, 0, '', '', '', '', '2014-10-09', '2014-10-09 05:06:46', 1),
('NWoc-2086-pqCFe-7384-mfuD', 34, 52, 187, 11, 8000.00, 0.00, 0, '', '', '', '', '2014-10-09', '2014-10-09 05:07:20', 1),
('MOjC-9682-iPFFk-6866-xsei', 35, 42, 105, 15, 500.00, 0.00, 0, '', '', '', '', '2014-10-14', '2014-10-14 14:01:03', 1),
('zSBw-1123-bwBUt-5698-IQKa', 36, 42, 105, 6, 1000.00, 0.00, 0, '', '', '', '', '2014-10-14', '2014-10-14 15:51:03', 1),
('XIGp-5823-eBBcW-1255-cNqn', 37, 42, 105, 6, 100.00, 9.00, 0, '', '', '', '', '2014-10-14', '2014-10-14 15:51:24', 1),
('JBpb-0300-pBZOh-1265-vOMx', 38, 42, 105, 12, 4000.00, 0.00, 0, '', '', '', '', '2014-11-05', '2014-11-05 05:24:26', 1),
('BHNm-2752-RMfqK-0077-ctZi', 39, 44, 179, 17, 2000.00, 0.00, 0, '', '', '', '', '2014-11-05', '2014-11-05 12:30:19', 1),
('SBmm-6725-sRMUj-0491-eWuV', 40, 44, 179, 17, 2000.00, 0.00, 0, '', '', '', '', '2014-11-05', '2014-11-05 12:30:52', 1),
('hatV-8770-oxEXD-7460-NKeL', 41, 44, 104, 17, 4000.00, 0.00, 0, '', '', '', '', '2014-11-05', '2014-11-05 12:32:15', 1),
('DXNM-6938-FDucw-2953-mTuE', 42, 43, 142, 8, 2000.00, 0.00, 0, '', '', '', 'iiiii', '2014-11-14', '2014-11-14 09:48:50', 1),
('wNJm-0869-oobIm-6480-UVNH', 43, 42, 105, 12, 500.00, 0.00, 1, '', '', '', '', '2014-11-20', '2014-11-20 06:31:18', 1),
('ruUB-2202-eisLR-8722-sirM', 44, 42, 105, 10, 1000.00, 12.00, 0, '', '', '', 'done', '2014-11-21', '2014-11-21 04:55:01', 1),
('rhIZ-8129-EYFKE-1318-SLIL', 45, 42, 105, 15, 699.00, 0.00, 0, '', '', '', 'done', '2014-11-21', '2014-11-21 04:55:46', 1),
('itRR-0284-dpLav-7921-gQGw', 46, 42, 105, 16, 4000.00, 0.00, 0, '', '', '', '', '2014-11-24', '2014-11-24 10:33:01', 1),
('VYaA-3860-WyQil-9561-EXjJ', 47, 42, 105, 5, 2000.00, 0.00, 0, '', '', '', '', '2014-11-24', '2014-11-24 10:33:19', 1),
('DWWR-8816-GzHRe-2698-fgBT', 48, 42, 180, 2, 5000.00, 0.00, 0, '', '', '', '', '2014-11-24', '2014-11-24 11:07:42', 1),
('wEsq-5691-lKsjc-5264-iWLm', 49, 43, 185, 8, 2000.00, 88.00, 0, '', '', '', 'fees', '2014-11-24', '2014-11-24 16:00:06', 1),
('TSFf-7391-wrFoF-3946-IkvS', 50, 42, 188, 2, 3000.00, 0.00, 0, '', '', '', '', '2014-11-26', '2014-11-26 07:54:46', 1),
('Mgew-7085-uqvvC-0593-jlSX', 51, 52, 146, 11, 15000.00, 0.00, 0, '', '', '', 'Collected', '2014-11-26', '2014-11-26 18:22:07', 1),
('kiGw-0961-EWLnw-7891-UWub', 52, 44, 108, 17, 4000.00, 0.00, 1, '', '', '', '', '2014-11-27', '2014-11-27 10:54:26', 1),
('QsKc-9602-qaBSN-5933-vnCu', 53, 44, 104, 5, 450.00, 0.00, 0, '', '', '', '', '2014-11-29', '2014-11-29 05:34:25', 1),
('AHvv-7417-wRtlY-1373-BmiD', 54, 46, 143, 14, 2200.00, 100.00, 0, '', '', '', 'late fee', '2014-11-30', '2014-11-30 09:51:20', 1),
('wokQ-1038-SwlTV-8784-TRDk', 55, 52, 191, 18, 1490.00, 0.00, 0, '', '', '', '', '2014-11-30', '2014-11-30 09:55:13', 1),
('Sbpr-0902-sgNwY-7236-aqEz', 56, 45, 110, 14, 22000.00, 6000.00, 0, '', '', '', 'coll', '2014-12-02', '2014-12-02 08:06:35', 1),
('ADtw-7904-pPSNU-0527-Pkjh', 57, 45, 173, 5, 4000.00, 0.00, 0, '', '', '', '', '2014-12-03', '2014-12-03 10:31:08', 1),
('BzQt-5207-CMpmq-0603-QlRQ', 58, 48, 166, 5, 4500.00, 0.00, 0, '', '', '', '', '2014-12-06', '2014-12-06 10:34:06', 1),
('upLp-8940-IiURL-3385-bCbw', 59, 48, 166, 14, 22000.00, 0.00, 0, '', '', '', '', '2014-12-06', '2014-12-06 10:34:32', 1),
('Ndsr-8786-UWpIx-4622-FMbd', 60, 48, 166, 20, 950.00, 0.00, 0, '', '', '', '', '2014-12-06', '2014-12-06 10:34:39', 1),
('hrPe-4795-TqHEh-5964-xFyC', 61, 46, 170, 5, 4500.00, 0.00, 0, '', '', '', '', '2014-12-07', '2014-12-07 11:11:44', 1),
('tMen-2423-CesBP-8087-Ljws', 62, 70, 193, 21, 10000.00, 0.00, 0, '', '', '', 'TOWARDS ADMISSION', '2014-12-09', '2014-12-09 14:47:13', 1),
('YaIm-7984-boqJP-8124-GRQt', 63, 70, 193, 21, 15000.00, 0.00, 0, '', '', '', 'BALANCE PAYMENT', '2014-12-09', '2014-12-09 14:47:34', 1),
('LOuW-4558-FKLIQ-0159-wyrw', 64, 45, 110, 24, 600.00, 0.00, 0, '', '', '', '', '2014-12-13', '2014-12-13 05:44:15', 1),
('hkPg-8866-uCYvx-3197-Ingf', 65, 48, 167, 5, 4500.00, 0.00, 0, '', '', '', '', '2014-12-13', '2014-12-13 05:45:07', 1),
('ZxVj-3006-pAHKN-0772-BbvA', 66, 45, 198, 25, 1000.00, 0.00, 0, '', '', '', 'paid', '2014-12-15', '2014-12-15 16:34:58', 1),
('GIUo-4715-NWzsl-4173-VXld', 67, 48, 196, 5, 700.00, 30.00, 0, '', '', '', 'Done', '2014-12-16', '2014-12-16 10:16:14', 1),
('Hwyt-8451-jFwfU-6826-rUpy', 68, 45, 194, 24, 1000.00, 0.00, 0, '', '', '', '', '2014-12-17', '2014-12-17 05:06:17', 1),
('pMvb-8446-IGhlx-4959-lUQe', 69, 45, 173, 24, 1000.00, 0.00, 0, '', '', '', '', '2014-12-17', '2014-12-17 06:34:00', 1),
('mAuo-9009-qtXfj-9477-TCFl', 70, 45, 194, 5, 4500.00, 80.00, 0, '', '', '', '', '2014-12-17', '2014-12-17 08:09:15', 1),
('XHnV-4523-ezcgS-6062-OfSQ', 71, 57, 192, 5, 4500.00, 0.00, 0, '', '', '', '', '2014-12-17', '2014-12-17 11:29:02', 1),
('OjyP-4104-pJXys-1293-kZPw', 72, 57, 192, 14, 22000.00, 0.00, 0, '', '', '', '', '2014-12-17', '2014-12-17 11:29:30', 1),
('ZrQg-2755-dPKuN-3458-ZXXr', 73, 57, 192, 20, 950.00, 0.00, 0, '', '', '', '', '2014-12-17', '2014-12-17 11:29:41', 1),
('UFlf-8243-bBhAT-9441-CmiB', 74, 45, 173, 27, 1000.00, 0.00, 0, '', '', '', 'Paid on time', '2014-12-18', '2014-12-18 13:01:02', 1),
('lMRV-9971-CjRwI-3136-RXMU', 75, 45, 175, 27, 1000.00, 0.00, 0, '', '', '', 'paid on time', '2014-12-18', '2014-12-18 13:01:33', 1),
('Zwen-1926-gGwSg-9233-weVV', 76, 45, 173, 30, 4000.00, 0.00, 0, '', '', '', '', '2014-12-18', '2014-12-18 16:15:40', 1),
('xWbp-6888-ALwiH-9456-vNHo', 77, 45, 174, 24, 1000.00, 0.00, 0, '', '', '', '', '2014-12-20', '2014-12-20 14:29:44', 1),
('sxcy-9502-LAwjK-3695-myzm', 78, 45, 174, 21, 5000.00, 0.00, 0, '', '', '', '1st', '2014-12-20', '2014-12-20 14:30:48', 1),
('QLio-3950-DlZPW-5031-bAAZ', 79, 45, 174, 21, 1000.00, 0.00, 0, '', '', '', '2nd', '2014-12-20', '2014-12-20 14:31:05', 1),
('WhWl-5951-afmGm-1878-GTgf', 80, 45, 174, 21, 3000.00, 3.00, 0, '', '', '', '', '2014-12-20', '2014-12-20 14:31:31', 1),
('cTLv-1332-EPdOX-5567-wZJL', 81, 45, 198, 31, 4.00, 0.00, 0, '', '', '', '', '2014-12-21', '2014-12-21 07:47:38', 1),
('LCQS-2098-ZnUlV-4300-raJO', 82, 45, 198, 31, 4000.00, 0.00, 0, '', '', '', '', '2014-12-21', '2014-12-21 07:48:23', 1),
('HHUf-7082-XtAJG-1294-RGzJ', 83, 49, 161, 5, 4500.00, 0.00, 0, '', '', '', '', '2014-12-21', '2014-12-21 19:05:53', 1),
('nPpQ-7475-dRPQH-7146-lgPf', 84, 48, 196, 5, 3800.00, 70.00, 0, '', '', '', 'done', '2014-12-22', '2014-12-22 17:44:48', 1),
('flMw-4822-OfCla-2191-oDHb', 85, 50, 159, 5, 4500.00, 232.00, 0, '', '', '', '232323', '2014-12-25', '2014-12-25 13:53:37', 1),
('JwdF-8291-MnFTA-4956-PXpF', 86, 50, 159, 14, 22000.00, 0.00, 0, '', '', '', '', '2014-12-25', '2014-12-25 13:53:45', 1),
('xKfL-5619-nYPcG-8737-pSTT', 87, 50, 159, 20, 950.00, 0.00, 0, '', '', '', '', '2014-12-25', '2014-12-25 13:53:49', 1),
('fDZb-4007-KuRZj-6567-UuOx', 88, 50, 159, 21, 25000.00, 0.00, 0, '', '', '', '', '2014-12-25', '2014-12-25 13:53:53', 1),
('rkHq-8172-qZaGl-5982-gHRe', 89, 50, 159, 22, 2500.00, 0.00, 0, '', '', '', '', '2014-12-25', '2014-12-25 13:53:56', 1),
('urFG-2027-dPfvy-3692-iLbG', 90, 50, 159, 23, 3000.00, 0.00, 0, '', '', '', '', '2014-12-25', '2014-12-25 13:53:59', 1),
('Igum-1118-wJXka-8006-uOip', 91, 50, 159, 26, 1000.00, 0.00, 0, '', '', '', '', '2014-12-25', '2014-12-25 13:54:00', 1),
('RQyk-4254-xHvst-6416-GVgj', 92, 45, 198, 24, 1000.00, 0.00, 0, '', '', '', '', '2014-12-29', '2014-12-29 09:21:51', 1),
('YSCJ-4646-bvhAA-4326-GYzG', 93, 45, 175, 24, 1000.00, 0.00, 0, '', '', '', '', '2014-12-30', '2014-12-30 09:21:07', 1),
('OFbh-6488-hoLtz-0900-KsvF', 94, 46, 144, 5, 4500.00, 0.00, 0, '', '', '', '', '2014-12-31', '2014-12-31 07:02:56', 1),
('xlyF-0714-HlbTo-5037-faaJ', 95, 45, 175, 25, 1000.00, 0.00, 0, '', '', '', '', '2014-12-31', '2014-12-31 10:55:23', 1),
('buPZ-9237-gSRCB-7655-Sspz', 96, 46, 144, 29, 1000.00, 0.00, 0, '', '', '', '', '2015-01-05', '2015-01-05 09:08:59', 1),
('iQjp-0782-HMLwY-6388-LLdB', 97, 3, 221, 36, 500.00, 120.00, 0, '', '', '', '', '2015-01-13', '2015-01-13 10:32:21', 1),
('allx-9193-bKgOF-9122-XNDr', 98, 7, 231, 37, 9975.00, 150.00, 0, '', '', '', 'lkmdfldfk', '2015-01-14', '2015-01-14 12:20:19', 1),
('GKST-7946-yoovO-6707-wwvn', 99, 3, 227, 37, 9975.00, 0.00, 0, '', '', '', 'ccccccc', '2015-01-15', '2015-01-15 08:15:59', 1),
('qgqe-8291-xkFhL-5141-RfSf', 100, 10, 233, 38, 20000.00, 2000.00, 0, '', '', '', 'kjj', '2015-01-15', '2015-01-15 14:33:11', 1),
('ndUQ-7594-GxBYC-9197-XVPO', 101, 10, 233, 37, 9975.00, 25.00, 0, '', '', '', 'kk', '2015-01-15', '2015-01-15 14:33:42', 1),
('SAVB-3470-pFRIY-6075-Lgeh', 102, 14, 235, 37, 9975.00, 50.00, 1, 'cc123455555555555555555555555555555555555', '', '', '', '2015-01-20', '2015-01-20 15:01:17', 1),
('HPug-5108-UCInu-1640-uDgV', 103, 3, 240, 37, 9975.00, 0.00, 0, '', '', '', '', '2015-01-21', '2015-01-21 07:00:16', 1),
('rzJQ-1833-usJMT-7585-HGqF', 104, 24, 251, 37, 9975.00, 10.00, 1, 'dgfdg767867878867868678678', 'rtytututy', 'ytuytutyu', 'ytuytuytutyutyuytu', '2015-01-21', '2015-01-21 13:07:36', 1),
('ugui-3106-kMCMP-7866-ZlzF', 105, 24, 252, 37, 9975.00, 10.00, 0, '', '', '', '', '2015-01-21', '2015-01-21 13:09:38', 1),
('UXOx-5035-UveVN-8514-mmVh', 106, 6, 240, 37, 9975.00, 0.00, 0, '', '', '', '', '2015-01-22', '2015-01-22 05:20:02', 1),
('DfqN-1942-BAxMg-8559-NRCE', 107, 24, 256, 37, 9975.00, 100.00, 0, '', '', '', 'kjhnk', '2015-01-26', '2015-01-26 14:05:10', 1),
('NyWS-1636-ynqmg-0435-bQWK', 108, 24, 256, 39, 990.00, 10.00, 0, '', '', '', '', '2015-01-26', '2015-01-26 14:27:31', 1),
('EcOW-4904-RmSeV-2847-UPRM', 109, 3, 241, 37, 1000.00, 0.00, 0, '', '', '', '', '2015-01-27', '2015-01-27 12:23:52', 1),
('ncPF-7507-wJVTg-5052-jJjU', 110, 3, 241, 37, 8975.00, 0.00, 0, '', '', '', '', '2015-01-27', '2015-01-27 21:17:44', 1),
('XLtp-2281-VIIKp-1220-aRqE', 111, 17, 257, 37, 9975.00, 0.00, 1, '', '', '', '', '2015-01-29', '2015-01-29 06:47:35', 1),
('fRic-6610-WPZHv-9714-ldQF', 112, 6, 250, 37, 8000.00, 0.00, 0, '', '', '', '', '2015-01-30', '2015-01-30 09:13:06', 1),
('VZzW-2579-DlYaP-3597-QNLJ', 113, 3, 250, 37, 9975.00, 0.00, 0, '', '', '', '', '2015-02-02', '2015-02-02 12:25:10', 1),
('NmcO-3480-bEVWM-8612-zsLd', 114, 3, 250, 40, 2000.00, 0.00, 0, '', '', '', '', '2015-02-04', '2015-02-04 13:00:23', 1),
('gkcx-5595-OMrNu-6431-xLNX', 115, 3, 262, 40, 22000.00, 1000.00, 0, '', '', '', '', '2015-02-05', '2015-02-05 05:11:08', 1),
('Gndr-5518-bwVoX-0401-dmbI', 116, 6, 240, 41, 710.00, 50.00, 0, '', '', '', '', '2015-02-05', '2015-02-05 05:39:23', 1),
('ifMm-2457-XLbis-6599-fSdI', 117, 24, 265, 39, 990.00, 0.00, 0, '', '', '', '', '2015-02-10', '2015-02-10 07:37:33', 1),
('BHTE-6844-EBAZs-7342-ujcq', 118, 24, 266, 39, 990.00, 10.00, 0, '', '', '', '', '2015-02-11', '2015-02-11 15:19:56', 1),
('sqMh-3240-CXtuN-6191-KiqT', 119, 3, 263, 40, 22000.00, 0.00, 0, '', '', '', '', '2015-02-12', '2015-02-12 07:44:26', 1),
('UFob-8000-ueSnM-6486-MTPe', 120, 3, 263, 37, 9000.00, 0.00, 0, '', '', '', '', '2015-02-12', '2015-02-12 07:45:35', 1),
('oCgf-3095-oiYcs-7098-nSyb', 121, 3, 250, 40, 20000.00, 0.00, 0, '', '', '', '', '2015-02-13', '2015-02-13 06:39:21', 1),
('MFvx-3516-nKeVm-1268-jzGO', 122, 3, 250, 43, 10000.00, 30.00, 0, '', '', '', '', '2015-02-13', '2015-02-13 14:19:04', 1),
('YHIr-9389-Wjyfs-6937-wzQn', 123, 3, 250, 43, 10000.00, 0.00, 0, '', '', '', '', '2015-02-14', '2015-02-14 06:52:30', 1),
('ZUNw-9662-OjmNq-1965-Cndc', 124, 21, 2, 44, 500.00, 0.00, 0, '', '', '', '', '2015-02-17', '2015-02-17 10:32:00', 1),
('aQuS-8847-STwTr-2452-PLnz', 125, 21, 1, 37, 9975.00, 0.00, 0, '', '', '', '', '2015-02-17', '2015-02-17 10:45:29', 1),
('cXfs-2763-oothY-4424-rhal', 126, 3, 3, 45, 1490.00, 10.00, 0, '', '', '', '', '2015-02-17', '2015-02-17 14:19:34', 0),
('mljX-5571-XccnA-4156-KHXN', 127, 3, 3, 40, 22000.00, 0.00, 1, '', '', '', '', '2015-02-17', '2015-02-17 17:20:31', 1),
('sIfS-2264-VEWHy-3890-Ydza', 128, 3, 3, 43, 20000.00, 0.00, 0, '', '', '', '', '2015-02-18', '2015-02-18 10:02:43', 1),
('BMYF-7697-jpdpd-7088-FlGX', 129, 3, 3, 36, 10.00, 0.00, 0, '', '', '', '', '2015-02-18', '2015-02-18 10:04:55', 1),
('piIN-4692-ZPpsH-0346-syOM', 130, 3, 3, 36, 56.36, 0.00, 0, '', '', '', '', '2015-02-18', '2015-02-18 10:07:48', 1),
('klcF-2682-laWPj-2425-nHrY', 131, 3, 3, 36, 45.36, 0.00, 0, '', '', '', '', '2015-02-18', '2015-02-18 10:09:30', 1),
('YPxG-8368-xMBgI-8352-evHP', 132, 0, 0, 0, 0.00, 0.00, 0, '', '', '', '0', '2015-02-18', '2015-02-18 10:10:20', 1),
('yQxC-6983-wYpbn-4632-dTDU', 133, 0, 0, 0, 0.00, 0.00, 0, '', '', '', '0', '2015-02-18', '2015-02-18 10:11:17', 1),
('WXZP-6879-iynXg-3099-vVJI', 134, 0, 0, 0, 0.00, 0.00, 0, '', '', '', '0', '2015-02-18', '2015-02-18 10:11:42', 1),
('VGVV-4468-ZoHEf-7103-hEHu', 135, 22, 6, 36, 523.00, 0.00, 0, '', '', '', '', '2015-02-18', '2015-02-18 12:05:40', 1),
('Bkuz-1456-KTPNW-3349-eXVy', 136, 22, 6, 36, 456.00, 45.00, 0, '', '', '', '', '2015-02-18', '2015-02-18 12:07:09', 1),
('jhBC-3965-JrGUE-1936-vlEE', 137, 22, 6, 36, 256.00, 23.56, 0, '', '', '', '', '2015-02-18', '2015-02-18 12:11:07', 1),
('esXY-2697-fOBUL-6079-jZsF', 138, 22, 6, 36, 456.00, 23.56, 0, '', '', '', '', '2015-02-18', '2015-02-18 12:12:36', 1),
('GGzK-0884-kEUWA-9864-RcmE', 139, 22, 6, 36, 2344.00, 0.00, 0, '', '', '', '', '2015-02-18', '2015-02-18 12:16:46', 1),
('HtUm-8719-MXMTf-0674-nDHX', 140, 22, 6, 36, 45.23, 0.00, 0, '', '', '', '', '2015-02-18', '2015-02-18 12:18:27', 1),
('Sopj-3011-kBxNm-3040-JJlk', 141, 22, 6, 36, 45.36, 45.00, 0, '', '', '', '', '2015-02-18', '2015-02-18 12:18:39', 1),
('pboT-8518-GQToT-8292-fumU', 142, 22, 6, 36, 5874.41, 0.00, 0, '', '', '', '', '2015-02-18', '2015-02-18 12:21:42', 1),
('tyhR-5333-uQERp-8296-Xzxy', 143, 22, 6, 37, 9975.00, 600.00, 0, '', '', '', '', '2015-02-18', '2015-02-18 12:43:03', 1),
('YIGd-7172-ksvPT-0746-tvdq', 144, 22, 6, 45, 149.00, 0.00, 0, '', '', '', '', '2015-02-18', '2015-02-18 12:43:17', 1),
('SKvA-3906-peueZ-5812-PMpg', 145, 22, 6, 45, 134.00, 0.00, 0, '', '', '', '', '2015-02-18', '2015-02-18 12:43:59', 1),
('Bqss-1153-SBLpS-7403-nmxz', 146, 22, 6, 45, 120.00, 0.00, 0, '', '', '', '', '2015-02-18', '2015-02-18 12:44:05', 1),
('HDBF-1475-hwPHF-1247-ArDs', 147, 22, 10, 45, 1490.00, 0.00, 0, '', '', '', 'asdfasdf', '2015-02-18', '2015-02-18 19:22:12', 1),
('uHYQ-7987-sGsdg-5212-dWFp', 148, 22, 10, 37, 3000.00, 0.00, 0, '', '', '', '', '2015-02-18', '2015-02-18 19:23:29', 1),
('nJTJ-7830-Dikdc-4022-sIVR', 149, 22, 9, 37, 9975.00, 0.00, 0, '', '', '', '', '2015-02-19', '2015-02-19 07:35:31', 1),
('sLHP-2054-cJepx-1111-ZypH', 150, 22, 6, 46, 1000.00, 0.00, 0, '', '', '', 'mess', '2015-02-19', '2015-02-19 07:54:25', 1),
('Jbhk-3594-YQAxN-4502-QGXJ', 151, 23, 12, 47, 2000.00, 0.00, 0, '', '', '', '', '2015-02-19', '2015-02-19 08:56:27', 1),
('DZMG-2072-QzDtM-7584-iwcI', 152, 23, 12, 37, 9975.00, 0.00, 0, '', '', '', '', '2015-02-19', '2015-02-19 08:56:51', 1),
('UqVP-0726-VXYIY-1883-UzYT', 153, 23, 12, 45, 1490.00, 0.00, 0, '', '', '', '', '2015-02-19', '2015-02-19 08:57:28', 1),
('nreV-0166-iIoIU-9250-CekO', 154, 23, 11, 47, 2000.00, 0.00, 0, '', '', '', '', '2015-02-19', '2015-02-19 08:57:50', 1);

-- --------------------------------------------------------

--
-- Table structure for table `fee_particulars`
--

CREATE TABLE `fee_particulars` (
  `fee_particular_id` int(11) NOT NULL,
  `fee_category_id` int(11) NOT NULL,
  `fee_particular_name` varchar(100) NOT NULL,
  `fee_particular_description` varchar(225) NOT NULL,
  `fee_particular_type` varchar(20) NOT NULL,
  `fee_particular_type_id` varchar(225) NOT NULL,
  `fee_particular_type_cid` int(11) NOT NULL,
  `fee_particular_amount` float(10,2) NOT NULL,
  `fee_particular_discount` float(10,2) NOT NULL,
  `fee_particular_discount_reason` varchar(225) NOT NULL,
  `fee_particular_status` varchar(10) NOT NULL,
  `fee_particular_added_date` datetime NOT NULL,
  `fee_particular_modified_date` datetime NOT NULL,
  `fee_particular_delete` varchar(10) NOT NULL
) ENGINE=InnoDB DEFAULT CHARSET=latin1;

--
-- Dumping data for table `fee_particulars`
--

INSERT INTO `fee_particulars` (`fee_particular_id`, `fee_category_id`, `fee_particular_name`, `fee_particular_description`, `fee_particular_type`, `fee_particular_type_id`, `fee_particular_type_cid`, `fee_particular_amount`, `fee_particular_discount`, `fee_particular_discount_reason`, `fee_particular_status`, `fee_particular_added_date`, `fee_particular_modified_date`, `fee_particular_delete`) VALUES
(1, 1, 'test', 'test', 'fp_all', '0', 0, 2500.00, 10.00, '', 'active', '2015-02-19 12:08:42', '2015-02-20 08:38:12', 'Y'),
(2, 1, 'test', 'test', 'fp_all', '0', 0, 2500.00, 10.00, '', 'active', '2015-02-19 12:08:44', '2015-02-20 08:38:12', 'Y'),
(3, 1, 'tam test 2 ', 'test ', 'fp_roll', ',6,', 22, 998.00, 0.00, '', 'active', '2015-02-20 06:49:54', '2015-02-20 08:38:12', 'Y'),
(4, 2, 'mess for jan month', 'sefsfsd', 'fp_roll', ',6,', 22, 1000.00, 0.00, '', 'active', '2015-02-20 18:38:04', '2015-07-11 21:59:36', 'Y'),
(5, 2, 'Mess A/c', '', 'fp_class', '25', 0, 16500.00, 1500.00, '0', 'active', '2015-02-23 22:14:43', '2015-07-11 21:59:36', 'Y'),
(6, 3, 'School Fee', '', 'fp_class', '25', 0, 7500.00, 0.00, '', 'active', '2015-02-23 22:15:31', '2015-07-11 21:59:54', 'Y'),
(7, 4, 'DANCE', 'DANCE', 'fp_all', '0', 0, 250.00, 10.00, '', 'active', '2015-04-04 11:40:00', '2015-07-11 22:00:01', 'Y'),
(8, 6, 'Term Fess 2', 'Term Fess21', 'fp_class', '22', 0, 10000.00, 0.00, '', 'active', '2015-04-14 08:36:08', '2015-07-11 22:00:18', 'Y'),
(9, 8, 'pre test', 'ddhd', 'fp_all', '0', 0, 1000.00, 0.00, '', 'active', '2015-04-16 05:03:46', '2015-07-11 22:00:34', 'Y'),
(10, 2, 'termfessextra', 'term fess', 'fp_roll', ',40,', 30, 1000.00, 0.00, '', 'active', '2015-04-18 20:35:44', '2015-07-11 21:59:36', 'Y'),
(11, 10, 'X Class', 'bus fee', 'fp_class', '22', 0, 2500.00, 100.00, 'they are poor', 'active', '2015-07-11 20:15:31', '2015-07-11 22:00:52', 'Y'),
(12, 10, 'TRANSPORT', 'HYD - 001', 'fp_roll', ',29,', 22, 10000.00, 1000.00, 'ABC', 'active', '2015-07-11 20:22:59', '2015-07-11 22:00:52', 'Y'),
(13, 11, 'SECOND CLASS', 'SECOND CLASS FEE', 'fp_class', '23', 0, 10000.00, 0.00, '', 'active', '2015-07-11 20:43:00', '2015-07-11 22:08:34', 'Y'),
(14, 11, 'FIRST CLASS FEE', 'FIRST CLASS FEE', 'fp_class', '22', 0, 10000.00, 0.00, '', 'active', '2015-07-11 21:58:55', '2015-07-11 22:08:34', 'Y'),
(15, 14, 'FIRST CLASS FEE', 'FIRST CLASS ANNUAL FEE', 'fp_class', '22', 0, 10000.00, 0.00, '', 'active', '2015-07-11 22:19:43', '2015-07-11 22:19:43', 'N'),
(16, 15, 'TPT - SKHT', 'TIRUPATI TO KHT', 'fp_roll', ',29,', 22, 6000.00, 0.00, '', 'active', '2015-07-11 23:01:40', '2015-07-11 23:01:40', 'N'),
(17, 16, 'FIRST CLASS HOSTEL FEE', 'FIRST CLASS HOSTEL FEE', 'fp_roll', ',29,,30,,31,', 22, 10000.00, 0.00, '', 'active', '2015-07-11 22:52:29', '2015-07-11 22:52:29', 'N'),
(18, 15, 'SKHT - TPT FOR FIRST CLASS', 'SKHT - TPT FOR FIRST CLASS', 'fp_roll', ',29,', 22, 6000.00, 0.00, '', 'active', '2015-07-11 23:01:26', '2015-07-11 23:01:26', 'N'),
(19, 14, 'A', 'Admission fee', 'fp_roll', ',8,', 1, 10000.00, 2000.00, '', 'active', '2016-02-20 00:59:33', '2016-02-20 00:59:33', 'N'),
(20, 14, 'a', '', 'fp_all', '0', 0, 100.00, 0.00, '', 'active', '2016-05-07 20:21:05', '2016-05-07 20:21:05', 'N'),
(21, 15, 'n', '', 'fp_class', '1', 0, 1.00, 0.00, '', 'active', '2016-05-07 20:22:42', '2016-05-07 20:22:42', 'N'),
(22, 17, 'Tution', '', 'fp_class', '1', 0, 5000.00, 0.00, '', 'active', '2016-05-09 12:11:42', '2016-05-09 12:11:42', 'N'),
(23, 14, 'CF FEES', 'Craft Fee', 'fp_class', '1', 0, 8000.00, 0.00, '', 'active', '2017-01-28 16:41:43', '2017-01-28 16:41:43', 'N');

-- --------------------------------------------------------

--
-- Table structure for table `fee_particulars_bkp`
--

CREATE TABLE `fee_particulars_bkp` (
  `fee_particular_id` int(11) NOT NULL,
  `fee_category_id` int(11) NOT NULL,
  `fee_particular_name` varchar(100) NOT NULL,
  `fee_particular_description` varchar(225) NOT NULL,
  `fee_particular_type` varchar(20) NOT NULL,
  `fee_particular_type_id` varchar(225) NOT NULL,
  `fee_particular_type_cid` int(11) NOT NULL,
  `fee_particular_amount` float(10,2) NOT NULL,
  `fee_particular_discount` float(10,2) NOT NULL,
  `fee_particular_discount_reason` varchar(225) NOT NULL,
  `fee_particular_status` varchar(10) NOT NULL,
  `fee_particular_added_date` datetime NOT NULL,
  `fee_particular_modified_date` datetime NOT NULL,
  `fee_particular_delete` varchar(10) NOT NULL
) ENGINE=InnoDB DEFAULT CHARSET=latin1;

--
-- Dumping data for table `fee_particulars_bkp`
--

INSERT INTO `fee_particulars_bkp` (`fee_particular_id`, `fee_category_id`, `fee_particular_name`, `fee_particular_description`, `fee_particular_type`, `fee_particular_type_id`, `fee_particular_type_cid`, `fee_particular_amount`, `fee_particular_discount`, `fee_particular_discount_reason`, `fee_particular_status`, `fee_particular_added_date`, `fee_particular_modified_date`, `fee_particular_delete`) VALUES
(36, 26, 'mess bill jan month ', 'bill ', 'fp_roll', ',6,', 22, 10000.00, 0.00, '', 'active', '2015-02-18 11:34:32', '2015-02-19 11:58:58', 'Y'),
(37, 27, 'first', 'fsfs', 'fp_all', '0', 0, 10000.00, 25.00, '', 'active', '2015-01-14 12:18:01', '2015-01-14 12:18:01', 'N'),
(38, 26, 'gggg', 'hhh', 'fp_class', '10', 0, 25000.00, 5000.00, '', 'active', '2015-01-15 14:32:14', '2015-02-19 11:58:58', 'Y'),
(39, 31, 'BOOK FEE', '', 'fp_class', '24', 0, 1000.00, 10.00, '', 'active', '2015-01-26 14:10:25', '2015-01-26 14:10:25', 'N'),
(40, 26, 'jan month mess bill', 'Test', 'fp_class', '22', 0, 22000.00, 0.00, '', 'active', '2015-02-19 10:51:25', '2015-02-19 11:58:58', 'Y'),
(41, 26, 'january', 'unpaid', 'fp_roll', ',240,', 6, 720.00, 10.00, '', 'active', '2015-02-05 05:32:01', '2015-02-19 11:58:58', 'Y'),
(42, 26, 'january', 'unpaid', 'fp_roll', ',240,', 6, 720.00, 10.00, '', 'active', '2015-02-05 05:32:10', '2015-02-19 11:58:58', 'Y'),
(43, 26, 'heye', '', 'fp_class', '3', 0, 20000.00, 0.00, '', 'active', '2015-02-13 14:18:22', '2015-02-19 11:58:58', 'Y'),
(44, 26, 'mess bil for oct month ', 'adfsdfd', 'fp_roll', ',2,', 21, 1000.00, 0.00, '', 'active', '2015-02-17 10:30:00', '2015-02-19 11:58:58', 'Y'),
(45, 26, 'test', 'test', 'fp_all', '0', 0, 1500.00, 10.00, 'test', 'active', '2015-02-17 12:15:32', '2015-02-19 11:58:58', 'Y'),
(46, 33, 'mess raj', 'mess raj', 'fp_class', '22', 0, 1000.00, 0.00, '', 'inactive', '2015-02-19 07:53:01', '2015-02-19 07:53:44', 'Y'),
(47, 33, 'raj mess', 'mess raj', 'fp_class', '23', 0, 2000.00, 0.00, '', 'active', '2015-02-19 07:58:39', '2015-02-19 08:20:05', 'Y'),
(48, 34, 'Del Test', '', 'fp_all', '0', 0, 15200.00, 0.00, '', 'active', '2015-02-19 10:24:24', '2015-02-19 10:26:02', 'Y'),
(49, 34, 'Dele Test', 'test', 'fp_all', '0', 0, 12300.00, 0.00, '', 'active', '2015-02-19 10:44:26', '2015-02-19 10:44:26', 'N'),
(50, 35, 'Del Test', '', 'fp_all', '0', 0, 1500.00, 0.00, '', 'active', '2015-02-19 11:17:36', '2015-02-19 11:22:35', 'Y');

-- --------------------------------------------------------

--
-- Table structure for table `fee_periods`
--

CREATE TABLE `fee_periods` (
  `fee_period_id` int(11) NOT NULL,
  `fee_period_cid` int(11) NOT NULL,
  `fee_period_pid` int(11) NOT NULL,
  `fee_period_sdate` varchar(100) NOT NULL,
  `fee_period_edate` varchar(100) NOT NULL,
  `fee_period_ddate` varchar(100) NOT NULL,
  `fee_period_added_date` datetime NOT NULL,
  `fee_period_modified_date` datetime NOT NULL,
  `fee_period_delete` varchar(10) NOT NULL
) ENGINE=InnoDB DEFAULT CHARSET=latin1;

--
-- Dumping data for table `fee_periods`
--

INSERT INTO `fee_periods` (`fee_period_id`, `fee_period_cid`, `fee_period_pid`, `fee_period_sdate`, `fee_period_edate`, `fee_period_ddate`, `fee_period_added_date`, `fee_period_modified_date`, `fee_period_delete`) VALUES
(29, 1, 1, '19/02/2015', '26/02/2015', '28/02/2015', '2015-02-19 12:40:36', '2015-02-19 12:40:36', 'N'),
(30, 1, 1, '02/19/2015', '02/19/2015', '02/27/2015', '2015-02-19 14:32:03', '2015-02-19 14:32:03', 'N'),
(31, 1, 3, '20/02/2015', '24/02/2015', '28/02/2015', '2015-02-20 06:50:23', '2015-02-20 06:50:23', 'N'),
(32, 2, 4, '21/02/2015', '28/02/2015', '25/02/2015', '2015-02-20 18:38:33', '2015-02-23 22:18:04', 'Y'),
(33, 2, 5, '06/15/2015', '07/20/2015', '07/25/2015', '2015-02-23 22:17:34', '2015-02-23 22:17:34', 'N'),
(34, 4, 7, '04/04/2015', '04/08/2015', '04/06/2015', '2015-04-04 11:42:32', '2015-04-04 11:42:32', 'N'),
(35, 2, 4, '01/01/2015', '01/31/2015', '02/10/2015', '2015-05-12 20:18:19', '2015-05-12 20:18:19', 'N'),
(36, 2, 4, '13/07/2015', '12/12/2015', '02/02/2016', '2015-07-11 20:48:31', '2015-07-11 20:48:31', 'N'),
(37, 11, 13, '12/07/2015', '02/02/2016', '02/02/2016', '2015-07-11 20:48:32', '2015-07-11 22:04:12', 'Y'),
(38, 14, 15, '13/07/2015', '02/02/2016', '10/02/2016', '2015-07-11 22:22:31', '2015-07-11 22:22:31', 'N'),
(39, 15, 18, '17/02/2016', '25/02/2016', '24/02/2016', '2016-02-18 06:07:54', '2017-02-12 20:55:28', 'N'),
(40, 14, 19, '16/03/2016', '11/05/2016', '11/05/2016', '2016-05-12 11:59:47', '2016-05-12 11:59:47', 'N');

-- --------------------------------------------------------

--
-- Table structure for table `fee_periods_bkp`
--

CREATE TABLE `fee_periods_bkp` (
  `fee_period_id` int(11) NOT NULL,
  `fee_period_cid` int(11) NOT NULL,
  `fee_period_pid` int(11) NOT NULL,
  `fee_period_sdate` varchar(100) NOT NULL,
  `fee_period_edate` varchar(100) NOT NULL,
  `fee_period_ddate` varchar(100) NOT NULL,
  `fee_period_added_date` datetime NOT NULL,
  `fee_period_modified_date` datetime NOT NULL,
  `fee_period_delete` varchar(10) NOT NULL
) ENGINE=InnoDB DEFAULT CHARSET=latin1;

--
-- Dumping data for table `fee_periods_bkp`
--

INSERT INTO `fee_periods_bkp` (`fee_period_id`, `fee_period_cid`, `fee_period_pid`, `fee_period_sdate`, `fee_period_edate`, `fee_period_ddate`, `fee_period_added_date`, `fee_period_modified_date`, `fee_period_delete`) VALUES
(1, 1, 1, '09/17/2014', '09/26/2014', '09/26/2014', '2014-09-17 12:03:39', '2014-09-17 12:52:42', 'Y'),
(2, 1, 6, '09/09/2014', '09/26/2014', '09/27/2014', '2014-09-17 12:04:16', '2014-12-09 14:33:35', 'Y'),
(3, 1, 1, '09/17/2014', '10/03/2014', '09/30/2014', '2014-09-17 12:53:34', '2014-12-09 14:33:39', 'Y'),
(4, 1, 1, '09/17/2014', '09/18/2014', '09/26/2014', '2014-09-17 13:01:03', '2014-09-17 13:01:16', 'Y'),
(5, 6, 7, '09/17/2014', '09/24/2014', '09/19/2014', '2014-09-17 13:03:10', '2014-09-27 05:50:13', 'Y'),
(6, 8, 11, '09/28/2014', '03/31/2015', '04/03/2015', '2014-09-28 04:11:10', '2014-12-09 14:34:00', 'Y'),
(7, 7, 9, '10/07/2014', '10/16/2014', '10/16/2014', '2014-10-07 06:56:13', '2014-12-09 14:33:55', 'Y'),
(8, 10, 17, '11/05/2014', '11/14/2014', '11/12/2014', '2014-11-05 12:29:10', '2014-12-09 14:33:48', 'Y'),
(9, 8, 11, '11/05/2014', '11/13/2014', '11/28/2014', '2014-11-26 15:12:19', '2015-01-13 07:24:00', 'Y'),
(10, 12, 19, '12/01/2014', '12/02/2014', '12/02/2014', '2014-12-02 08:04:47', '2015-01-13 07:23:28', 'Y'),
(11, 18, 24, '12/13/2014', '12/17/2014', '12/15/2014', '2014-12-13 05:42:40', '2015-01-13 07:23:32', 'Y'),
(12, 19, 25, '12/01/2014', '12/31/2014', '12/31/2014', '2014-12-15 16:35:40', '2015-01-13 07:23:49', 'Y'),
(13, 20, 26, '12/18/2014', '12/31/2014', '12/28/2014', '2014-12-18 12:54:06', '2015-01-13 07:23:54', 'Y'),
(14, 21, 28, '12/18/2014', '12/31/2014', '12/28/2014', '2014-12-18 12:59:30', '2015-01-13 07:23:41', 'Y'),
(15, 23, 30, '01/01/2015', '01/08/2015', '01/10/2015', '2014-12-18 16:11:14', '2015-01-13 07:23:45', 'Y'),
(16, 24, 31, '01/18/2015', '01/30/2015', '01/24/2015', '2014-12-21 07:46:08', '2015-01-13 07:28:54', 'Y'),
(17, 8, 12, '01/01/2015', '01/31/2015', '02/10/2015', '2015-01-02 13:33:08', '2015-01-13 07:23:57', 'Y'),
(18, 8, 33, '01/11/2015', '01/30/2015', '01/13/2015', '2015-01-13 06:22:54', '2015-01-13 07:23:37', 'Y'),
(19, 24, 31, '01/11/2015', '01/13/2015', '01/16/2015', '2015-01-13 07:23:22', '2015-01-13 07:28:58', 'Y'),
(20, 26, 36, '01/03/2015', '01/13/2015', '01/23/2015', '2015-01-13 07:30:18', '2015-01-13 07:30:18', 'N'),
(21, 27, 37, '01/16/2015', '01/31/2015', '02/01/2015', '2015-01-15 14:25:54', '2015-01-15 14:25:54', 'N'),
(22, 26, 36, '01/12/2015', '01/30/2015', '01/30/2015', '2015-01-27 18:06:27', '2015-01-27 18:06:27', 'N'),
(23, 27, 37, '02/04/2015', '02/12/2015', '02/04/2015', '2015-02-05 05:04:54', '2015-02-05 05:05:32', 'Y'),
(24, 26, 44, '18/02/2015', '26/02/2015', '20/02/2015', '2015-02-17 10:30:51', '2015-02-17 10:30:51', 'N'),
(25, 26, 40, '18/02/2015', '04/03/2015', '05/03/2015', '2015-02-17 11:09:02', '2015-02-17 11:09:02', 'N'),
(26, 26, 45, '18/02/2015', '21/02/2015', '25/02/2015', '2015-02-17 12:15:55', '2015-02-17 12:15:55', 'N'),
(27, 33, 47, '19/02/2015', '20/02/2015', '20/02/2015', '2015-02-19 07:59:24', '2015-02-19 07:59:24', 'N'),
(28, 34, 48, '19/02/2015', '17/04/2015', '19/03/2015', '2015-02-19 10:25:16', '2015-02-19 10:25:16', 'N');

-- --------------------------------------------------------

--
-- Table structure for table `frontdeskenquiry_data`
--

CREATE TABLE `frontdeskenquiry_data` (
  `vid` int(11) NOT NULL,
  `visit_id` varchar(100) NOT NULL,
  `name` varchar(100) NOT NULL,
  `visit_date` date NOT NULL,
  `visit_intime` varchar(10) NOT NULL,
  `visit_outtime` varchar(10) NOT NULL,
  `phone` varchar(10) NOT NULL,
  `purpose` varchar(100) NOT NULL,
  `meetperson` varchar(100) NOT NULL,
  `camefrom` varchar(100) NOT NULL,
  `address` text NOT NULL,
  `cdate` datetime NOT NULL,
  `udate` datetime NOT NULL
) ENGINE=InnoDB DEFAULT CHARSET=latin1;

--
-- Dumping data for table `frontdeskenquiry_data`
--

INSERT INTO `frontdeskenquiry_data` (`vid`, `visit_id`, `name`, `visit_date`, `visit_intime`, `visit_outtime`, `phone`, `purpose`, `meetperson`, `camefrom`, `address`, `cdate`, `udate`) VALUES
(1, '20141230924062', 'Srinivas ', '2014-12-29', '12:50:17', '12:50:17', '1234567890', 'test', 'Srinivas 2323', 'Hyderabad', 'Test', '2014-12-30 08:21:02', '0000-00-00 00:00:00'),
(2, '20141230925712', 'John Miller', '2014-12-30', '13:18:14', '13:18:14', '1234567890', 'test', 'Srinivas', 'Hyderabad', 'Delhi', '2014-12-30 08:48:32', '0000-00-00 00:00:00'),
(3, '20141230931890', 'Tam ', '2014-12-30', '15:01:17', '15:01:17', '9988776655', 'Test Me', 'Tam', 'Hyd', 'Test', '2014-12-30 09:31:30', '0000-00-00 00:00:00'),
(4, '20150122943425', 'krishna rao', '2015-01-22', '21:46:08', '21:46:08', '0897709998', 'Collect report card', 'Class Teacher', 'Ameerpet', 'C-334,A G COLONY<AMEERPET', '2015-01-22 16:17:05', '0000-00-00 00:00:00'),
(5, '20150122943567', 'Kalyani Sekhar', '2015-01-22', '21:47:22', '21:47:22', '+91-994058', 'Parent Meeting', 'Class Teacher', 'Uppal', 'XYZ,Banglore', '2015-01-22 16:19:27', '0000-00-00 00:00:00'),
(6, '20150213838597', 'hhh ', '2015-02-13', '20:12:52', '20:12:52', '9025551737', 'gv', 'gyg', 'gygftgf', 'ygg', '2015-02-13 14:43:17', '0000-00-00 00:00:00'),
(7, '20150214908153', 'Venkatesh Subramani', '2015-02-14', '15:32:24', '15:32:24', '9199000957', 'afafaf', 'aafafa', 'afafaf', 'banjarahills , road no 2', '2015-02-14 10:02:33', '0000-00-00 00:00:00'),
(8, '20150214908166', 'Ssgsgsg ', '2015-02-14', '15:32:45', '15:32:45', '9943094945', 'sgsgsg', 'gsg', 'sgsgsg', 'sgssg', '2015-02-14 10:02:46', '0000-00-00 00:00:00'),
(9, '20150214908265', 'varun remella', '2015-02-14', '15:34:27', '15:34:27', '9199859227', 'afafaf', 'aafafa', 'afafaf', 'opp bigbazar , ameerpet , flat no 511', '2015-02-14 10:04:25', '0000-00-00 00:00:00'),
(10, '20150217198521', 'sdfsdf sffs', '2015-02-17', '00:12:04', '00:12:04', 'dfsfsfsf', 'sfsfsf', 'sdfsfsdf', 'sfsfsf', 'sfsdfsfs', '2015-02-17 18:42:01', '0000-00-00 00:00:00'),
(11, '20150217198538', 'Sfaff ', '2015-02-17', '00:12:21', '00:12:21', 'sfsfsfsfsf', 'fsfsfs', 'fsfsfsf', 'sfsfsf', 'sfsfsfsfsf', '2015-02-17 18:42:18', '0000-00-00 00:00:00'),
(12, '20150219321123', 'Tam School', '2015-02-19', '10:19:34', '10:19:34', '1234567890', 'Test Me', 'Tam', 'Hyd', 'Test', '2015-02-19 04:45:23', '0000-00-00 00:00:00'),
(13, '20150219324597', 'Tam School', '2015-02-19', '11:17:52', '11:17:52', '1234567890', 'Test Me', 'Tam', 'Hyd', 'Test', '2015-02-19 05:43:17', '0000-00-00 00:00:00'),
(14, '20160218772459', 'CHETAN PATEL', '2016-02-18', '16:13:58', '16:13:58', '9967129064', 'Admission', 'Ms Almas', 'Thane', 'Ggsa', '2016-02-18 06:14:19', '0000-00-00 00:00:00'),
(15, '20170206371934', 'Abhishek Pandey', '2017-02-06', '14:35:28', '14:35:28', '8963957908', 'Enquiry', 'Priciple', 'Allahabad', 'Allahabad', '2017-02-06 14:35:34', '0000-00-00 00:00:00');

-- --------------------------------------------------------

--
-- Table structure for table `grade`
--

CREATE TABLE `grade` (
  `grade_id` int(11) NOT NULL,
  `name` longtext COLLATE utf8_unicode_ci NOT NULL,
  `grade_point` longtext COLLATE utf8_unicode_ci NOT NULL,
  `mark_from` int(11) NOT NULL,
  `mark_upto` int(11) NOT NULL,
  `comment` longtext COLLATE utf8_unicode_ci NOT NULL
) ENGINE=InnoDB DEFAULT CHARSET=utf8 COLLATE=utf8_unicode_ci;

--
-- Dumping data for table `grade`
--

INSERT INTO `grade` (`grade_id`, `name`, `grade_point`, `mark_from`, `mark_upto`, `comment`) VALUES
(1, 'A+', '10', 24, 25, 'GOOD');

-- --------------------------------------------------------

--
-- Table structure for table `invoice`
--

CREATE TABLE `invoice` (
  `invoice_id` int(11) NOT NULL,
  `student_id` int(11) NOT NULL,
  `title` longtext COLLATE utf8_unicode_ci NOT NULL,
  `description` longtext COLLATE utf8_unicode_ci NOT NULL,
  `amount` int(11) NOT NULL,
  `creation_timestamp` int(11) NOT NULL,
  `payment_timestamp` longtext COLLATE utf8_unicode_ci NOT NULL,
  `payment_method` longtext COLLATE utf8_unicode_ci NOT NULL,
  `payment_details` longtext COLLATE utf8_unicode_ci NOT NULL,
  `status` longtext COLLATE utf8_unicode_ci NOT NULL COMMENT 'paid or unpaid'
) ENGINE=MyISAM DEFAULT CHARSET=utf8 COLLATE=utf8_unicode_ci;

-- --------------------------------------------------------

--
-- Table structure for table `language`
--

CREATE TABLE `language` (
  `phrase_id` int(11) NOT NULL,
  `phrase` longtext COLLATE utf8_unicode_ci NOT NULL,
  `english` longtext COLLATE utf8_unicode_ci NOT NULL
) ENGINE=MyISAM DEFAULT CHARSET=utf8 COLLATE=utf8_unicode_ci;

--
-- Dumping data for table `language`
--

INSERT INTO `language` (`phrase_id`, `phrase`, `english`) VALUES
(1, 'manage_backup_restore', ''),
(2, 'admin', ''),
(3, 'profile', ''),
(4, 'change_password', ''),
(5, 'logout', ''),
(6, 'panel', ''),
(7, 'dashboard_help', ''),
(8, 'dashboard', ''),
(9, 'communication_help', ''),
(10, 'communication', ''),
(11, 'mail / SMS', ''),
(12, 'sms_template_view', ''),
(13, 'sent_sms', ''),
(14, 'noticeboard_help', ''),
(15, 'school noticeboard', ''),
(16, 'class wise student notices/staff notices', ''),
(17, 'admission_help', ''),
(18, 'admission', ''),
(19, 'student_help', ''),
(20, 'student', ''),
(21, 'teacher_help', ''),
(22, 'teacher', ''),
(23, 'staff_help', ''),
(24, 'non_teaching_staff', ''),
(25, 'parent', ''),
(26, 'academics_help', ''),
(27, 'academics', ''),
(28, 'class_help', ''),
(29, 'Academic Session', ''),
(30, 'subject_help', ''),
(31, 'enter subject', ''),
(32, 'enter class', ''),
(33, 'exam_help', ''),
(34, 'create exam', ''),
(35, 'marks_help', ''),
(36, 'enter marks', ''),
(37, 'grade_help', ''),
(38, 'exam_grade', ''),
(39, 'class_routine_help', ''),
(40, 'class_routine', ''),
(41, 'departments_help', ''),
(42, 'manage departments', ''),
(43, 'attendance_help', ''),
(44, 'attendance', ''),
(45, 'daily_attendence_help', ''),
(46, 'student daily_attendence', ''),
(47, 'attendence_help', ''),
(48, 'student Monthly_Attendence', ''),
(49, 'daily_staffattendence', ''),
(50, 'staff_daily_staffattendence', ''),
(51, 'staffattendence_help', ''),
(52, 'staff_monthly_attendence', ''),
(53, 'time_table', ''),
(54, 'timetable', ''),
(55, 'employee_category_help', ''),
(56, 'timetable_category', ''),
(57, 'human_resources_help', ''),
(58, 'human_resources', ''),
(59, 'employee_category', ''),
(60, 'leavetypes_help', ''),
(61, 'leave_types', ''),
(62, 'leave_management_help', ''),
(63, 'leave_management', ''),
(64, 'payment_help', ''),
(65, 'payment', ''),
(66, 'fee_categories_help', ''),
(67, 'fee_categories', ''),
(68, 'fee_periods_help', ''),
(69, 'fee_periods', ''),
(70, 'fee_collect_help', ''),
(71, 'fee_collect', ''),
(72, 'fee_reporting_help', ''),
(73, 'fee_reporting', ''),
(74, 'library_help', ''),
(75, 'library', ''),
(76, 'add_books', ''),
(77, 'books_category', ''),
(78, 'utilities_help', ''),
(79, 'utilities', ''),
(80, 'transport_help', ''),
(81, 'transport', ''),
(82, 'dormitory_help', ''),
(83, 'dormitory', ''),
(84, 'frontdesk_help', ''),
(85, 'tasks_help', ''),
(86, 'things_todo', ''),
(87, 'placements_help', ''),
(88, 'placements', ''),
(89, 'knowledge_help', ''),
(90, 'knowledge', ''),
(91, 'Previous Question Papers', ''),
(92, 'Online Test', ''),
(93, 'settings_help', ''),
(94, 'settings', ''),
(95, 'system_settings', ''),
(96, 'manage_language', ''),
(97, 'backup_restore', ''),
(98, 'cce help', ''),
(99, 'cce_inputs', ''),
(100, 'category', ''),
(101, 'skills', ''),
(102, 'indicators', ''),
(103, 'Assessment Terms', ''),
(104, 'Grades Skill Mapping', ''),
(105, 'Assessment', ''),
(106, 'Grades', ''),
(107, 'Class Indicator Relation', ''),
(108, 'Exam Scheme', ''),
(109, 'backup', ''),
(110, 'restore', ''),
(111, 'subject', ''),
(112, 'class', ''),
(113, 'exam', ''),
(114, 'mark', ''),
(115, 'grade', ''),
(116, 'invoice', ''),
(117, 'book', ''),
(118, 'noticeboard', ''),
(119, 'language', ''),
(120, 'all', ''),
(121, 'upload_&_restore_from_backup', ''),
(122, 'system_name', ''),
(123, 'save', ''),
(124, 'system_title', ''),
(125, 'address', ''),
(126, 'phone', ''),
(127, 'paypal_email', ''),
(128, 'currency', ''),
(129, 'system_email', ''),
(130, 'manage_transport', ''),
(131, 'select_a_session', ''),
(132, 'transport_list', ''),
(133, 'add_transport', ''),
(134, 'route_data', ''),
(135, 'add_students', ''),
(136, 'route_name', ''),
(137, 'drivername', ''),
(138, 'driver_phone_no', ''),
(139, 'number_of_vehicle', ''),
(140, 'start_point', ''),
(141, 'start_time', ''),
(142, 'seating_capacity', ''),
(143, 'driver_address', ''),
(144, 'options', ''),
(145, 'description', ''),
(146, 'route_fare', ''),
(147, 'driver_name', ''),
(148, 'pickup_address', ''),
(149, 'student_class', ''),
(150, 'select_a_class', ''),
(151, 'student_name-Roll_no', ''),
(152, 'manage_fee_categories', ''),
(153, 'fee_category', ''),
(154, 'invoice_pre_fix', ''),
(155, 'fee_category_status', ''),
(156, 'add_fee_category', ''),
(157, 'manage_fee_periods', ''),
(158, 'particular_name', ''),
(159, 'start_date', ''),
(160, 'end_date', ''),
(161, 'due_date', ''),
(162, 'add_fee_period', ''),
(163, 'view_student', ''),
(164, 'view_teacher', ''),
(165, 'select_a_department', ''),
(166, 'non_teaching_staff_list', ''),
(167, 'add_non_teaching_staff', ''),
(168, 'employee_code', ''),
(169, 'photo', ''),
(170, 'staff_name', ''),
(171, 'department', ''),
(172, 'tam username', ''),
(173, 'id_card', ''),
(174, 'edit', ''),
(175, 'delete', ''),
(176, 'name', ''),
(177, 'gender', ''),
(178, 'male', ''),
(179, 'female', ''),
(180, 'birthday', ''),
(181, 'religion/cast', ''),
(182, 'tam_username', ''),
(183, 'tam_password', ''),
(184, 'blood_group', ''),
(185, 'previous_school_name', ''),
(186, 'password', ''),
(187, 'present_address', ''),
(188, 'permanent_address', ''),
(189, 'staff email', ''),
(190, 'father\\husband\\guardian name', ''),
(191, 'father\\husband\\guardian mobile number', ''),
(192, 'add_staff', ''),
(193, 'teacher_list', ''),
(194, 'add_teaching_staff', ''),
(195, 'teacher_name', ''),
(196, 'batch', ''),
(197, 'academin_year', ''),
(198, 'teacher email', ''),
(199, 'add_teacher', ''),
(200, 'manage_academicyear', ''),
(201, 'academicyear_list', ''),
(202, 'add_academicyear', ''),
(203, 'Session Name', ''),
(204, 'Session_name', ''),
(205, 'manage_departments', ''),
(206, 'departments_list', ''),
(207, 'add_department', ''),
(208, 'sno', ''),
(209, 'department_name', ''),
(210, 'department_status', ''),
(211, 'employee_batch', ''),
(212, 'manage_subject', ''),
(213, 'subject_list', ''),
(214, 'add_subject', ''),
(215, 'subject_name', ''),
(216, 'manage_class', ''),
(217, 'class_list', ''),
(218, 'add_class', ''),
(219, 'class_name', ''),
(220, 'numeric_name', ''),
(221, 'name_numeric', ''),
(222, 'manage_grade', ''),
(223, 'grade_list', ''),
(224, 'add_grade', ''),
(225, 'grade_name', ''),
(226, 'grade_point', ''),
(227, 'mark_from', ''),
(228, 'mark_upto', ''),
(229, 'comment', ''),
(230, 'manage_class_routine', ''),
(231, 'class_routine_list', ''),
(232, 'add_class_routine', ''),
(233, 'day', ''),
(234, 'starting_time', ''),
(235, 'ending_time', ''),
(236, 'edit_class_routine', ''),
(237, 'manage_exam', ''),
(238, 'exam_list', ''),
(239, 'add_exam', ''),
(240, 'exam_name', ''),
(241, 'date', ''),
(242, 'grand_total', ''),
(243, 'pass_mark', ''),
(244, 'manage_exam_marks', ''),
(245, 'manage_marks', ''),
(246, 'select_exam', ''),
(247, 'select_class', ''),
(248, 'select_subject', ''),
(249, 'select_an_exam', ''),
(250, 'view_marks', ''),
(251, 'student_list', ''),
(252, 'add_student', ''),
(253, 'upload', ''),
(254, 'select_a__class', ''),
(255, 'roll', ''),
(256, 'student_name', ''),
(257, 'academic_year', ''),
(258, 'admission_number', ''),
(259, 'Date of Birth', ''),
(260, 'Date of Joining', ''),
(261, 'father_name', ''),
(262, 'mother_name', ''),
(263, 'birth_place', ''),
(264, 'height', ''),
(265, 'weight', ''),
(266, 'nationality', ''),
(267, 'student_qatar_id', ''),
(268, 'passport_number', ''),
(269, 'date_of_issue', ''),
(270, 'date_of_expiry', ''),
(271, 'parent Username/email', ''),
(272, 'parent_password', ''),
(273, 'parent_phone', ''),
(274, 'parent_email', ''),
(275, 'father occupation', ''),
(276, 'income(per Annum)', ''),
(277, 'father_qatar_id', ''),
(278, 'mother_qatar_id', ''),
(279, 'student_email', ''),
(280, 'student_password', ''),
(281, 'marksheet', ''),
(282, 'personal_profile', ''),
(283, 'academic_result', ''),
(284, 'roll no', ''),
(285, 'mark_obtained', ''),
(286, 'marks_updated', ''),
(287, 'view_exam_marks', ''),
(288, 'login', ''),
(289, 'account_type', ''),
(290, 'principal', ''),
(291, 'office', ''),
(292, 'accountant', ''),
(293, 'email', ''),
(294, 'forgot_password ?', ''),
(295, 'reset_password', ''),
(296, 'reset', ''),
(297, 'parent_dashboard', ''),
(298, 'subjects', ''),
(299, 'marks', ''),
(300, 'marks_view', ''),
(301, 'marks_graph', ''),
(302, 'attendence', ''),
(303, 'daily_attendence', ''),
(304, 'monthly_attendence', ''),
(305, 'payment_list_help', ''),
(306, 'payment_list', ''),
(307, 'assignments_help', ''),
(308, 'assignments', ''),
(309, 'noticeboard-event', ''),
(310, 'profile_help', ''),
(311, 'monthly_attendance', ''),
(312, 'attendance_graph', ''),
(313, 'payments_list', ''),
(314, 'teacher_contact', ''),
(315, 'timetables', ''),
(316, 'Assignments', ''),
(317, 'class_noticeboard', ''),
(318, 'result', ''),
(319, 'mark_view', ''),
(320, 'view_charts', ''),
(321, 'subjects_list', ''),
(322, 'pickup_point', ''),
(323, 'landmark/time', ''),
(324, 'assignment_list', ''),
(325, 'title', ''),
(326, 'assignment', ''),
(327, 'attachment', ''),
(328, 'noticeboard_list', ''),
(329, 'notice', ''),
(330, 'manage_profile', ''),
(331, 'Assignments', ''),
(332, 'teacher_dashboard', ''),
(333, 'enter_student_marks', ''),
(334, 'student_attendance', ''),
(335, 'staff_attendence', ''),
(336, 'student_fee_details_help', ''),
(337, 'student_fee_details', ''),
(338, 'leavemanagement_help', ''),
(339, 'manage_student', ''),
(340, 'staff_daily_attendence ', ''),
(341, 'Assignments', ''),
(342, 'staff_noticeboard', ''),
(343, 'student_view', ''),
(344, 'sex', ''),
(345, 'religion', ''),
(346, 'view_class_routine', ''),
(347, 'total_amount', ''),
(348, 'amount_to_be_collected', ''),
(349, 'late_charges', ''),
(350, 'payment_mode', ''),
(351, 'cheque_number', ''),
(352, 'cheque_date', ''),
(353, 'bank_name', ''),
(354, 'remarks', ''),
(355, 'leave management', ''),
(356, 'leaves_applied', ''),
(357, 'apply_leave', ''),
(358, 'leave_type', ''),
(359, 'from_date', ''),
(360, 'to_date', ''),
(361, 'no_of_days', ''),
(362, 'status', ''),
(363, 'max_days / Taken / Remains', ''),
(364, 'from', ''),
(365, 'to', ''),
(366, 'comments', ''),
(367, 'add_comments', ''),
(368, 'admin_dashboard', ''),
(369, 'student_admission', ''),
(370, 'teaching_staff', ''),
(371, 'Marks', ''),
(372, 'SMS', ''),
(373, 'E-Books Online', ''),
(374, 'student_daily attendence', ''),
(375, 'monthly attendance', ''),
(376, 'placements ', ''),
(377, 'Marks', ''),
(378, 'placements ', ''),
(379, 'manage_attendence', ''),
(380, 'select_month', ''),
(381, 'view_attendence', ''),
(382, 's_no', ''),
(383, 'roll_no', ''),
(384, 'month', ''),
(385, 'total_working_days', ''),
(386, 'total_presented_days', ''),
(387, 'total_absent_days', ''),
(388, 'Total_Working_Days', ''),
(389, 'Total_Presented_Days', ''),
(390, 'Marks', ''),
(391, 'placements ', ''),
(392, 'timetables_list', ''),
(393, 'add_timetable', ''),
(394, 'timetable_title', ''),
(395, 'timetable_content', ''),
(396, 'timetable_status', ''),
(397, 'edit_timetable', ''),
(398, 'timetable_categories', ''),
(399, 'timetable_categories_list', ''),
(400, 'add_timetable_category', ''),
(401, 'timetable_category_name', ''),
(402, 'timetable_category_status', ''),
(403, 'manage_daily_attendence', ''),
(404, 'select_date', ''),
(405, 'PRESENT', ''),
(406, 'ABSENT', ''),
(407, 'Marks', ''),
(408, 'placements ', ''),
(409, 'Total_Working_Days', ''),
(410, 'Total_Presented_Days', ''),
(411, 'Total_Working_Days', ''),
(412, 'Total_Presented_Days', ''),
(413, 'manage_staff_attendence', ''),
(414, 'select_department', ''),
(415, 'view_staff_attendence', ''),
(416, 'employee_name', ''),
(417, 'manage_daily_staffattendence', ''),
(418, 'manage_daily_staff_attendence', ''),
(419, 'staff_cetegory', ''),
(420, 'Employee Id', ''),
(421, 'Employee_name', ''),
(422, 'Employee_name', ''),
(423, 'mail / sms', ''),
(424, 'mail / sms', ''),
(425, 'Type of users *', ''),
(426, 'Class *', ''),
(427, 'Send as *', ''),
(428, 'Message Title *', ''),
(429, 'Message Content *', ''),
(430, 'send sms / mail', ''),
(431, 'Marks', ''),
(432, 'placements ', ''),
(433, 'Marks', ''),
(434, 'placements ', ''),
(435, 'daily_attendence_view', ''),
(436, 'view_daily_attendence', ''),
(437, 'date_of_birth', ''),
(438, 'parent_TAM_username', ''),
(439, 'parent_TAM_password', ''),
(440, 'parent_phone1', ''),
(441, 'parent_phone2', ''),
(442, 'occupation', ''),
(443, 'edit_student', ''),
(444, 'Total_Working_Days', ''),
(445, 'Total_Presented_Days', ''),
(446, 'Total_Working_Days', ''),
(447, 'Total_Presented_Days', ''),
(448, 'manage_fee_particulars', ''),
(449, 'type', ''),
(450, 'amount', ''),
(451, 'discount', ''),
(452, 'discount_reason', ''),
(453, 'fee_particular_status', ''),
(454, 'add_fee_particular', ''),
(455, 'Marks', ''),
(456, 'placements ', ''),
(457, 'Marks', ''),
(458, 'placements ', ''),
(459, 'edit_exam', ''),
(460, 'Batch', ''),
(461, 'cast', ''),
(462, 'edit_teacher', ''),
(463, 'Marks', ''),
(464, 'placements ', ''),
(465, 'staff_daily_attendence', ''),
(466, 'Marks', ''),
(467, 'placements ', ''),
(468, 'staff_daily_attendence', ''),
(469, 'staff_daily_attendence', ''),
(470, 'student_aadhaar_id', ''),
(471, 'father_aadhaar_id', ''),
(472, 'mother_aadhaar_id', ''),
(473, 'staff_daily_attendence', ''),
(474, 'Marks', ''),
(475, 'placements ', ''),
(476, 'staff_daily_attendence', ''),
(477, 'staff_daily_attendence', ''),
(478, 'staff_daily_attendence', ''),
(479, 'staff_daily_attendence', ''),
(480, 'staff_daily_attendence', ''),
(481, 'Total_Working_Days', ''),
(482, 'Total_Presented_Days', ''),
(483, 'staff_daily_attendence', ''),
(484, 'staff_daily_attendence', ''),
(485, 'staff_daily_attendence', ''),
(486, 'staff_daily_attendence', ''),
(487, 'promote_student', ''),
(488, 'staff_daily_attendence', ''),
(489, 'Marks', ''),
(490, 'placements ', ''),
(491, 'staff_daily_attendence', ''),
(492, 'staff_daily_attendence', ''),
(493, 'staff_daily_attendence', ''),
(494, 'username', ''),
(495, 'staff_daily_attendence', ''),
(496, 'staff_daily_attendence', ''),
(497, 'staff_daily_attendence', ''),
(498, 'staff_daily_attendence', ''),
(499, 'staff_daily_attendence', ''),
(500, 'staff_daily_attendence', ''),
(501, 'staff_daily_attendence', ''),
(502, 'staff_daily_attendence', ''),
(503, 'staff_daily_attendence', ''),
(504, 'staff_daily_attendence', ''),
(505, 'Batch', ''),
(506, 'staff_daily_attendence', ''),
(507, 'staff_daily_attendence', ''),
(508, 'Batch', ''),
(509, 'staff_daily_attendence', ''),
(510, 'staff_daily_attendence', ''),
(511, 'Batch', ''),
(512, 'staff_daily_attendence', ''),
(513, 'staff_daily_attendence', ''),
(514, 'staff_daily_attendence', ''),
(515, 'staff_daily_attendence', ''),
(516, 'staff_daily_attendence', ''),
(517, 'staff_daily_attendence', ''),
(518, 'staff_daily_attendence', ''),
(519, 'staff_daily_attendence', ''),
(520, 'staff_daily_attendence', ''),
(521, 'staff_daily_attendence', ''),
(522, 'staff_daily_attendence', ''),
(523, 'staff_daily_attendence', ''),
(524, 'staff_daily_attendence', ''),
(525, 'staff_daily_attendence', ''),
(526, 'staff_daily_attendence', ''),
(527, 'staff_daily_attendence', ''),
(528, 'staff_daily_attendence', ''),
(529, 'Employee_name', ''),
(530, 'staff_daily_attendence', ''),
(531, 'Employee_name', ''),
(532, 'staff_daily_attendence', ''),
(533, 'Employee_name', ''),
(534, 'staff_daily_attendence', ''),
(535, 'staff_daily_attendence', ''),
(536, 'staff_daily_attendence', ''),
(537, 'staff_daily_attendence', ''),
(538, 'staff_daily_attendence', ''),
(539, 'staff_daily_attendence', ''),
(540, 'Total_Working_Days', ''),
(541, 'Total_Presented_Days', ''),
(542, 'staff_daily_attendence', ''),
(543, 'Total_Working_Days', ''),
(544, 'Total_Presented_Days', ''),
(545, 'staff_daily_attendence', ''),
(546, 'Total_Working_Days', ''),
(547, 'Total_Presented_Days', ''),
(548, 'staff_daily_attendence', ''),
(549, 'Total_Working_Days', ''),
(550, 'Total_Presented_Days', ''),
(551, 'staff_daily_attendence', ''),
(552, 'staff_daily_attendence', ''),
(553, 'Total_Working_Days', ''),
(554, 'Total_Presented_Days', ''),
(555, 'staff_daily_attendence', ''),
(556, 'Total_Working_Days', ''),
(557, 'Total_Presented_Days', ''),
(558, 'staff_daily_attendence', ''),
(559, 'staff_daily_attendence', ''),
(560, 'Employee_name', ''),
(561, 'staff_daily_attendence', ''),
(562, 'Employee_name', ''),
(563, 'staff_daily_attendence', ''),
(564, 'Employee_name', ''),
(565, 'staff_daily_attendence', ''),
(566, 'staff_daily_attendence', ''),
(567, 'staff_daily_attendence', ''),
(568, 'staff_daily_attendence', ''),
(569, 'staff_daily_attendence', ''),
(570, 'staff_daily_attendence', ''),
(571, 'staff_daily_attendence', ''),
(572, 'staff_daily_attendence', ''),
(573, 'Marks', ''),
(574, 'placements ', ''),
(575, 'staff_daily_attendence', ''),
(576, 'staff_daily_attendence', ''),
(577, 'staff_daily_attendence', ''),
(578, 'Marks', ''),
(579, 'placements ', ''),
(580, 'staff_daily_attendence', ''),
(581, 'Marks', ''),
(582, 'placements ', ''),
(583, 'staff_daily_attendence', ''),
(584, 'Marks', ''),
(585, 'placements ', ''),
(586, 'staff_daily_attendence', ''),
(587, 'staff_daily_attendence', ''),
(588, 'staff_daily_attendence', ''),
(589, 'staff_daily_attendence', ''),
(590, 'staff_daily_attendence', ''),
(591, 'staff_daily_attendence', ''),
(592, 'Marks', ''),
(593, 'placements ', ''),
(594, 'staff_daily_attendence', ''),
(595, 'Marks', ''),
(596, 'placements ', ''),
(597, 'staff_daily_attendence', ''),
(598, 'Marks', ''),
(599, 'placements ', ''),
(600, 'manage_class_noticeboard', ''),
(601, 'staff_daily_attendence', ''),
(602, 'class_noticeboard_list', ''),
(603, 'add_class wise student notices', ''),
(604, 'staff_noticeboard_list', ''),
(605, 'add_staff notices', ''),
(606, 'Class', ''),
(607, 'add_notice', ''),
(608, 'add_class_noticeboard', ''),
(609, 'add_staff_noticeboard', ''),
(610, 'login_failed', ''),
(611, 'staff_daily_attendence', ''),
(612, 'Marks', ''),
(613, 'placements ', ''),
(614, 'principal_dashboard', ''),
(615, 'class_notices', ''),
(616, 'hr_help', ''),
(617, 'Humar Resources', ''),
(618, 'book_help', ''),
(619, 'bed_ward_help', ''),
(620, 'Marks', ''),
(621, 'Student daily attendence', ''),
(622, 'staff daily attendence ', ''),
(623, 'placements ', ''),
(624, 'student_graph', ''),
(625, 'staff_daily_attendence', ''),
(626, 'Marks', ''),
(627, 'placements ', ''),
(628, 'staff_daily_attendence', ''),
(629, 'Marks', ''),
(630, 'placements ', ''),
(631, 'staff_daily_attendence', ''),
(632, 'Marks', ''),
(633, 'placements ', ''),
(634, 'staff_daily_attendence', ''),
(635, 'Marks', ''),
(636, 'placements ', ''),
(637, 'manage_dormitory', ''),
(638, 'staff_daily_attendence', ''),
(639, 'dormitory_list', ''),
(640, 'add_dormitory', ''),
(641, 'rooms_list', ''),
(642, 'add_room', ''),
(643, 'dormitory_name', ''),
(644, 'number_of_room', ''),
(645, 'number_of_rooms', ''),
(646, 'room_name', ''),
(647, 'max_students', ''),
(648, 'view', ''),
(649, 'select_a_dormitory', ''),
(650, 'room_number', ''),
(651, 'hostel_number', ''),
(652, 'hostel_fees', ''),
(653, 'staff_daily_attendence', ''),
(654, 'Marks', ''),
(655, 'placements ', ''),
(656, 'staff_daily_attendence', ''),
(657, 'staff_daily_attendence', ''),
(658, 'Marks', ''),
(659, 'placements ', ''),
(660, 'staff_daily_attendence', ''),
(661, 'staff_daily_attendence', ''),
(662, 'Marks', ''),
(663, 'placements ', ''),
(664, 'staff_daily_attendence', ''),
(665, 'staff_daily_attendence', ''),
(666, 'staff_daily_attendence', ''),
(667, 'staff_daily_attendence', ''),
(668, 'staff_daily_attendence', ''),
(669, 'staff_daily_attendence', ''),
(670, 'staff_daily_attendence', ''),
(671, 'staff_daily_attendence', ''),
(672, 'Marks', ''),
(673, 'placements ', ''),
(674, 'staff_daily_attendence', ''),
(675, 'Marks', ''),
(676, 'placements ', ''),
(677, 'Admissions', ''),
(678, 'staff_daily_attendence', ''),
(679, 'Marks', ''),
(680, 'placements ', ''),
(681, 'staff_daily_attendence', ''),
(682, 'staff_daily_attendence', ''),
(683, 'staff_daily_attendence', ''),
(684, 'staff_daily_attendence', ''),
(685, 'Marks', ''),
(686, 'placements ', ''),
(687, 'staff_daily_attendence', ''),
(688, 'Marks', ''),
(689, 'placements ', ''),
(690, 'staff_daily_attendence', ''),
(691, 'staff_daily_attendence', ''),
(692, 'staff_daily_attendence', ''),
(693, 'Marks', ''),
(694, 'placements ', ''),
(695, 'staff_daily_attendence', ''),
(696, 'Marks', ''),
(697, 'placements ', ''),
(698, 'staff_daily_attendence', ''),
(699, 'Marks', ''),
(700, 'placements ', ''),
(701, 'staff_daily_attendence', ''),
(702, 'staff_daily_attendence', ''),
(703, 'staff_daily_attendence', ''),
(704, 'staff_daily_attendence', ''),
(705, 'staff_daily_attendence', ''),
(706, 'Marks', ''),
(707, 'placements ', ''),
(708, 'mail / sms', ''),
(709, 'staff_daily_attendence', ''),
(710, 'mail / sms', ''),
(711, 'staff_daily_attendence', ''),
(712, 'Marks', ''),
(713, 'placements ', ''),
(714, 'staff_daily_attendence', ''),
(715, 'staff_daily_attendence', ''),
(716, 'staff_daily_attendence', ''),
(717, 'staff_daily_attendence', ''),
(718, 'staff_daily_attendence', ''),
(719, 'staff_daily_attendence', ''),
(720, 'manage_library_books', ''),
(721, 'staff_daily_attendence', ''),
(722, 'book_list', ''),
(723, 'add_book', ''),
(724, 'book_name', ''),
(725, 'author', ''),
(726, 'price', ''),
(727, 'book_category', ''),
(728, 'no_of_copies', ''),
(729, 'available', ''),
(730, 'unavailable', ''),
(731, 'manage_books_category', ''),
(732, 'staff_daily_attendence', ''),
(733, 'books_category_list', ''),
(734, 'add_book_category', ''),
(735, 'Books Category', ''),
(736, 'add_books_category', ''),
(737, 'books_category_id', ''),
(738, 'edit_book_category', ''),
(739, 'staff_daily_attendence', ''),
(740, 'staff_daily_attendence', ''),
(741, 'staff_daily_attendence', ''),
(742, 'Marks', ''),
(743, 'placements ', ''),
(744, 'staff_daily_attendence', ''),
(745, 'staff_daily_attendence', ''),
(746, 'manage_leavetypes', ''),
(747, 'staff_daily_attendence', ''),
(748, 'leave_type_title', ''),
(749, 'leave_type_code', ''),
(750, 'max_days_allowed', ''),
(751, 'leave_type_status', ''),
(752, 'half_allow_status', ''),
(753, 'add_leave_type', ''),
(754, 'mail / sms', ''),
(755, 'staff_daily_attendence', ''),
(756, 'mail / sms', ''),
(757, 'staff_daily_attendence', ''),
(758, 'password_sent', ''),
(759, 'staff_daily_attendence', ''),
(760, 'Marks', ''),
(761, 'placements ', ''),
(762, 'staff_daily_attendence', ''),
(763, 'staff_daily_attendence', ''),
(764, 'Batch', ''),
(765, 'manage_noticeboard', ''),
(766, 'staff_daily_attendence', ''),
(767, 'school noticeboard_list', ''),
(768, 'add_school noticeboard', ''),
(769, 'add_noticeboard', ''),
(770, 'staff_daily_attendence', ''),
(771, 'Class', ''),
(772, 'staff_daily_attendence', ''),
(773, 'staff_daily_attendence', ''),
(774, 'staff_daily_attendence', ''),
(775, 'staff_daily_attendence', ''),
(776, 'staff_daily_attendence', ''),
(777, 'staff_daily_attendence', ''),
(778, 'staff_daily_attendence', ''),
(779, 'Class', ''),
(780, 'staff_daily_attendence', ''),
(781, 'Marks', ''),
(782, 'placements ', ''),
(783, 'staff_daily_attendence', ''),
(784, 'Marks', ''),
(785, 'placements ', ''),
(786, 'staff_daily_attendence', ''),
(787, 'Marks', ''),
(788, 'placements ', ''),
(789, 'staff_daily_attendence', ''),
(790, 'staff_daily_attendence', ''),
(791, 'staff_daily_attendence', ''),
(792, 'Marks', ''),
(793, 'placements ', ''),
(794, 'settings_updated', ''),
(795, 'Marks', ''),
(796, 'placements ', ''),
(797, 'Marks', ''),
(798, 'placements ', ''),
(799, 'Marks', ''),
(800, 'placements ', ''),
(801, 'Marks', ''),
(802, 'placements ', ''),
(803, 'Marks', ''),
(804, 'placements ', ''),
(805, 'student_daily_attendence', ''),
(806, 'staff_daily_attendence', ''),
(807, 'previous_question_papers', ''),
(808, 'online_test', ''),
(809, 'mail_/_SMS', ''),
(810, 'frontdesk_enquiry', ''),
(811, 'things_do_to', ''),
(812, 'calendar', ''),
(813, 'staff_daily_attendence', ''),
(814, 'staff_daily_attendence', ''),
(815, 'staff_daily_attendence', ''),
(816, 'staff_daily_attendence', ''),
(817, 'staff_daily_attendence', ''),
(818, 'staff_daily_attendence', ''),
(819, 'staff_daily_attendence', ''),
(820, 'staff_daily_attendence', ''),
(821, 'staff_daily_attendence', ''),
(822, 'Marks', ''),
(823, 'placements ', ''),
(824, 'staff_daily_attendence', ''),
(825, 'staff_daily_attendence', ''),
(826, 'things_to_do', ''),
(827, 'add_new_thing', ''),
(828, 'upcoming', ''),
(829, 'ongoing', ''),
(830, 'staff_daily_attendence', ''),
(831, 'staff_daily_attendence', ''),
(832, 'staff_daily_attendence', ''),
(833, 'staff_daily_attendence', ''),
(834, 'staff_daily_attendence', ''),
(835, 'staff_daily_attendence', ''),
(836, 'staff_daily_attendence', ''),
(837, 'staff_daily_attendence', ''),
(838, 'staff_daily_attendence', ''),
(839, 'staff_daily_attendence', ''),
(840, 'staff_daily_attendence', ''),
(841, 'staff_daily_attendence', ''),
(842, 'Marks', ''),
(843, 'placements ', ''),
(844, 'staff_daily_attendence', ''),
(845, 'staff_daily_attendence', ''),
(846, 'staff_daily_attendence', ''),
(847, 'staff_daily_attendence', ''),
(848, 'staff_daily_attendence', ''),
(849, 'staff_daily_attendence', ''),
(850, 'mail / sms', ''),
(851, 'mail / sms', ''),
(852, 'mail / sms', ''),
(853, 'mail / sms', ''),
(854, 'staff_daily_attendence', ''),
(855, 'staff_daily_attendence', ''),
(856, 'staff_daily_attendence', ''),
(857, 'staff_daily_attendence', ''),
(858, 'staff_daily_attendence', ''),
(859, 'mail / sms', ''),
(860, 'mail / sms', ''),
(861, 'staff_daily_attendence', ''),
(862, 'staff_daily_attendence', ''),
(863, 'staff_daily_attendence', ''),
(864, 'staff_daily_attendence', ''),
(865, 'staff_daily_attendence', ''),
(866, 'staff_daily_attendence', ''),
(867, 'staff_daily_attendence', ''),
(868, 'staff_daily_attendence', ''),
(869, 'Class', ''),
(870, 'staff_daily_attendence', ''),
(871, 'front_desk_enquiry', ''),
(872, 'add_enquiry', ''),
(873, 'S.No', ''),
(874, 'visited_id', ''),
(875, 'time', ''),
(876, 'purpose', ''),
(877, 'meet_person', ''),
(878, 'Address', ''),
(879, 'purpose_to_visit', ''),
(880, 'coming_from', ''),
(881, 'staff_daily_attendence', ''),
(882, 'staff_daily_attendence', ''),
(883, 'staff_daily_attendence', ''),
(884, 'Marks', ''),
(885, 'placements ', ''),
(886, 'Marks', ''),
(887, 'placements ', ''),
(888, 'Marks', ''),
(889, 'placements ', ''),
(890, 'Marks', ''),
(891, 'placements ', ''),
(892, 'Marks', ''),
(893, 'placements ', ''),
(894, 'Marks', ''),
(895, 'placements ', ''),
(896, 'Marks', ''),
(897, 'placements ', ''),
(898, 'Marks', ''),
(899, 'placements ', ''),
(900, 'Marks', ''),
(901, 'placements ', ''),
(902, 'Marks', ''),
(903, 'placements ', ''),
(904, 'Marks', ''),
(905, 'placements ', ''),
(906, 'placements ', ''),
(907, 'staff_daily_attendence', ''),
(908, 'placements ', ''),
(909, 'staff_daily_attendence', ''),
(910, 'placements ', ''),
(911, 'staff_daily_attendence', ''),
(912, 'account_not_found', ''),
(913, 'Assignments', ''),
(914, 'Assignments', ''),
(915, 'staff_daily_attendence', ''),
(916, 'placements ', ''),
(917, 'Assignments', ''),
(918, 'Assignments', ''),
(919, 'staff_daily_attendence', ''),
(920, 'placements ', ''),
(921, 'staff_daily_attendence', ''),
(922, 'placements ', ''),
(923, 'staff_daily_attendence', ''),
(924, 'placements ', ''),
(925, 'staff_daily_attendence', ''),
(926, 'placements ', ''),
(927, 'Assignments', ''),
(928, 'staff_daily_attendence', ''),
(929, 'Assignments', ''),
(930, 'Assignments', ''),
(931, 'Assignments', ''),
(932, 'Assignments', ''),
(933, 'Assignments', ''),
(934, 'Assignments', ''),
(935, 'manage_assignments', ''),
(936, 'add_assignment', ''),
(937, 'posted_date', ''),
(938, 'submission_date', ''),
(939, 'last submission date', ''),
(940, ' applicable', ''),
(941, ' not_applicable', ''),
(942, 'select deadline', ''),
(943, 'Upload File', ''),
(944, 'Assignments', ''),
(945, 'Assignments', ''),
(946, 'view_subject', ''),
(947, 'Assignments', ''),
(948, 'staff_daily_attendence', ''),
(949, 'Assignments', ''),
(950, 'staff_daily_attendence', ''),
(951, 'Assignments', ''),
(952, 'staff_daily_attendence', ''),
(953, 'Assignments', ''),
(954, 'staff_daily_attendence', ''),
(955, 'Assignments', ''),
(956, 'staff_daily_attendence', ''),
(957, 'Assignments', ''),
(958, 'staff_daily_attendence', ''),
(959, 'staff_daily_attendence', ''),
(960, 'staff_daily_attendence', ''),
(961, 'Assignments', ''),
(962, 'staff_daily_attendence', ''),
(963, 'Assignments', ''),
(964, 'staff_daily_attendence', ''),
(965, 'Assignments', ''),
(966, 'staff_daily_attendence', ''),
(967, 'staff_daily_attendence', ''),
(968, 'Assignments', ''),
(969, 'staff_daily_attendence', ''),
(970, 'staff_daily_attendence', ''),
(971, 'Assignments', ''),
(972, 'staff_daily_attendence', ''),
(973, 'Assignments', ''),
(974, 'staff_daily_attendence', ''),
(975, 'Assignments', ''),
(976, 'Assignments', ''),
(977, 'Assignments', ''),
(978, 'Assignments', ''),
(979, 'Assignments', ''),
(980, 'Assignments', ''),
(981, 'Assignments', ''),
(982, 'Assignments', ''),
(983, 'Assignments', ''),
(984, 'Assignments', ''),
(985, 'Assignments', ''),
(986, 'Assignments', ''),
(987, 'Assignments', ''),
(988, 'Assignments', ''),
(989, 'Assignments', ''),
(990, 'Assignments', ''),
(991, 'Assignments', ''),
(992, 'Assignments', ''),
(993, 'staff_daily_attendence', ''),
(994, 'student_dashboard', ''),
(995, 'marks_list', ''),
(996, 'monthly_attendence_graph', ''),
(997, 'invoice_help', ''),
(998, 'Utilities', ''),
(999, 'Utilities', ''),
(1000, 'View E-Books', ''),
(1001, 'Preivious question papers', ''),
(1002, 'student_marks', ''),
(1003, 'mark_graph', ''),
(1004, 'tasks', ''),
(1005, 'google_news', ''),
(1006, 'Assignments', ''),
(1007, 'Utilities', ''),
(1008, 'Utilities', ''),
(1009, 'Assignments', ''),
(1010, 'Assignments', ''),
(1011, 'staff_daily_attendence', ''),
(1012, 'Assignments', ''),
(1013, 'staff_daily_attendence', ''),
(1014, 'placements ', ''),
(1015, 'staff_daily_attendence', ''),
(1016, 'Utilities', ''),
(1017, 'Utilities', ''),
(1018, 'Assignments', ''),
(1019, 'Utilities', ''),
(1020, 'Utilities', ''),
(1021, 'Assignments', ''),
(1022, 'Utilities', ''),
(1023, 'Utilities', ''),
(1024, 'Assignments', ''),
(1025, 'Utilities', ''),
(1026, 'Utilities', ''),
(1027, 'Assignments', ''),
(1028, 'Utilities', ''),
(1029, 'Utilities', ''),
(1030, 'Assignments', ''),
(1031, 'Utilities', ''),
(1032, 'Utilities', ''),
(1033, 'Assignments', ''),
(1034, 'Utilities', ''),
(1035, 'Utilities', ''),
(1036, 'Assignments', ''),
(1037, 'Utilities', ''),
(1038, 'Utilities', ''),
(1039, 'Assignments', ''),
(1040, 'Utilities', ''),
(1041, 'Utilities', ''),
(1042, 'Assignments', ''),
(1043, 'Utilities', ''),
(1044, 'Utilities', ''),
(1045, 'Assignments', ''),
(1046, 'Utilities', ''),
(1047, 'Utilities', ''),
(1048, 'Assignments', ''),
(1049, 'Utilities', ''),
(1050, 'Utilities', ''),
(1051, 'Assignments', ''),
(1052, 'Utilities', ''),
(1053, 'Utilities', ''),
(1054, 'Assignments', ''),
(1055, 'Utilities', ''),
(1056, 'Utilities', ''),
(1057, 'Assignments', ''),
(1058, 'Utilities', ''),
(1059, 'Utilities', ''),
(1060, 'Assignments', ''),
(1061, 'Utilities', ''),
(1062, 'Utilities', ''),
(1063, 'Assignments', ''),
(1064, 'Utilities', ''),
(1065, 'Utilities', ''),
(1066, 'Assignments', ''),
(1067, 'Utilities', ''),
(1068, 'Utilities', ''),
(1069, 'Assignments', ''),
(1070, 'Utilities', ''),
(1071, 'Utilities', ''),
(1072, 'Assignments', ''),
(1073, 'Utilities', ''),
(1074, 'Utilities', ''),
(1075, 'Assignments', ''),
(1076, 'office_dashboard', ''),
(1077, 'hr', ''),
(1078, 'Marks', ''),
(1079, 'placements ', ''),
(1080, 'Marks', ''),
(1081, 'placements ', ''),
(1082, 'Marks', ''),
(1083, 'placements ', ''),
(1084, 'Marks', ''),
(1085, 'placements ', ''),
(1086, 'Marks', ''),
(1087, 'placements ', ''),
(1088, 'Marks', ''),
(1089, 'placements ', ''),
(1090, 'accountant_dashboard', ''),
(1091, 'Marks', ''),
(1092, 'placements ', ''),
(1093, 'Marks', ''),
(1094, 'placements ', ''),
(1095, 'Marks', ''),
(1096, 'placements ', ''),
(1097, 'Marks', ''),
(1098, 'placements ', ''),
(1099, 'Marks', ''),
(1100, 'placements ', ''),
(1101, 'Marks', ''),
(1102, 'placements ', ''),
(1103, 'Marks', ''),
(1104, 'placements ', ''),
(1105, 'Marks', ''),
(1106, 'placements ', ''),
(1107, 'Marks', ''),
(1108, 'staff_daily_attendence', ''),
(1109, 'placements ', ''),
(1110, 'Marks', ''),
(1111, 'staff_daily_attendence', ''),
(1112, 'placements ', ''),
(1113, 'Marks', ''),
(1114, 'staff_daily_attendence', ''),
(1115, 'placements ', ''),
(1116, 'Marks', ''),
(1117, 'staff_daily_attendence', ''),
(1118, 'placements ', ''),
(1119, 'Marks', ''),
(1120, 'staff_daily_attendence', ''),
(1121, 'placements ', ''),
(1122, 'Marks', ''),
(1123, 'staff_daily_attendence', ''),
(1124, 'placements ', ''),
(1125, 'Marks', ''),
(1126, 'staff_daily_attendence', ''),
(1127, 'placements ', ''),
(1128, 'Marks', ''),
(1129, 'staff_daily_attendence', ''),
(1130, 'placements ', ''),
(1131, 'Marks', ''),
(1132, 'staff_daily_attendence', ''),
(1133, 'placements ', ''),
(1134, 'staff_daily_attendence', ''),
(1135, 'Assignments', ''),
(1136, 'staff_daily_attendence', ''),
(1137, 'Assignments', ''),
(1138, 'Marks', ''),
(1139, 'placements ', ''),
(1140, 'Marks', ''),
(1141, 'placements ', ''),
(1142, 'Marks', ''),
(1143, 'placements ', ''),
(1144, 'Marks', ''),
(1145, 'staff_daily_attendence', ''),
(1146, 'placements ', ''),
(1147, 'Marks', ''),
(1148, 'staff_daily_attendence', ''),
(1149, 'placements ', ''),
(1150, 'Marks', ''),
(1151, 'staff_daily_attendence', ''),
(1152, 'placements ', ''),
(1153, 'Marks', ''),
(1154, 'staff_daily_attendence', ''),
(1155, 'placements ', ''),
(1156, 'Marks', ''),
(1157, 'staff_daily_attendence', ''),
(1158, 'placements ', ''),
(1159, 'Marks', ''),
(1160, 'staff_daily_attendence', ''),
(1161, 'placements ', ''),
(1162, 'Marks', ''),
(1163, 'staff_daily_attendence', ''),
(1164, 'placements ', ''),
(1165, 'Marks', ''),
(1166, 'staff_daily_attendence', ''),
(1167, 'placements ', ''),
(1168, 'staff_daily_attendence', ''),
(1169, 'staff_daily_attendence', ''),
(1170, 'mail / sms', ''),
(1171, 'mail / sms', ''),
(1172, 'Assignments', ''),
(1173, 'staff_daily_attendence', ''),
(1174, 'staff_daily_attendence', ''),
(1175, 'Class', ''),
(1176, 'Class', ''),
(1177, 'Marks', ''),
(1178, 'placements ', ''),
(1179, 'staff_daily_attendence', ''),
(1180, 'country', ''),
(1181, 'username/email', ''),
(1182, 'parent_username/email', ''),
(1183, 'father_country', ''),
(1184, 'mother_country', ''),
(1185, 'Address', ''),
(1186, 'staff_daily_attendence', ''),
(1187, 'Employee_name', ''),
(1188, 'daily_staff_attendence_view', ''),
(1189, 'reason', ''),
(1190, 'Utilities', ''),
(1191, 'Utilities', ''),
(1192, 'Assignments', ''),
(1193, 'Utilities', ''),
(1194, 'Utilities', ''),
(1195, 'Assignments', ''),
(1196, 'Utilities', ''),
(1197, 'Utilities', ''),
(1198, 'Utilities', ''),
(1199, 'Utilities', ''),
(1200, 'Utilities', ''),
(1201, 'Utilities', ''),
(1202, 'class_notice_list', ''),
(1203, 'Utilities', ''),
(1204, 'Utilities', ''),
(1205, 'Utilities', ''),
(1206, 'Utilities', ''),
(1207, 'Utilities', ''),
(1208, 'Utilities', ''),
(1209, 'update_profile', ''),
(1210, 'new_password', ''),
(1211, 'confirm_new_password', ''),
(1212, 'update_password', ''),
(1213, 'Utilities', ''),
(1214, 'Utilities', ''),
(1215, 'Utilities', ''),
(1216, 'Utilities', ''),
(1217, 'Utilities', ''),
(1218, 'Utilities', ''),
(1219, 'Assignments', ''),
(1220, 'Assignments', ''),
(1221, 'Assignments', ''),
(1222, 'Assignments', ''),
(1223, 'staff_daily_attendence', ''),
(1224, 'staff_daily_attendence', ''),
(1225, 'employee_categories', ''),
(1226, 'employee_categories_list', ''),
(1227, 'add_employee_category', ''),
(1228, 'category_name', ''),
(1229, 'employee_category_name', ''),
(1230, 'employee_category_status', ''),
(1231, 'edit_employee_category', ''),
(1232, 'paper', ''),
(1233, 'Title', ''),
(1234, 'classname', ''),
(1235, 'Papers Upload', ''),
(1236, 'add_papers', ''),
(1237, 'Address', ''),
(1238, 'staff_daily_attendence', ''),
(1239, 'staff_daily_attendence', ''),
(1240, 'staff_daily_attendence', ''),
(1241, 'question', ''),
(1242, 'option1', ''),
(1243, 'option2', ''),
(1244, 'option3', ''),
(1245, 'option4', ''),
(1246, 'ans', ''),
(1247, 'Question', ''),
(1248, 'add_questions', ''),
(1249, 'Question', ''),
(1250, 'online_test_edit', ''),
(1251, 'Question', ''),
(1252, 'Update', ''),
(1253, 'mail / sms', ''),
(1254, 'mail / sms', ''),
(1255, 'edit_academicyear', ''),
(1256, 'Total_Working_Days', ''),
(1257, 'Total_Presented_Days', ''),
(1258, 'Employee_name', ''),
(1259, 'edit_timetable_category', ''),
(1260, 'add/view_pickups', ''),
(1261, 'add_pickups', ''),
(1262, 'landmark', ''),
(1263, 'actions', ''),
(1264, 'dormitory_id', ''),
(1265, 'Address', ''),
(1266, 'Address', ''),
(1267, 'Address', ''),
(1268, 'Address', ''),
(1269, 'thing_add', ''),
(1270, 'view_things', ''),
(1271, 'start date', ''),
(1272, 'end date', ''),
(1273, 'add thing', ''),
(1274, 'cce_category', ''),
(1275, 'add_category', ''),
(1276, 'si_no', ''),
(1277, 'category_id', ''),
(1278, 'Category Name', ''),
(1279, 'update', ''),
(1280, 'cancel', ''),
(1281, 'update', ''),
(1282, 'update', ''),
(1283, 'cce_skills', ''),
(1284, 'parent_skill', ''),
(1285, 'selected_skill :', ''),
(1286, 'skill_name', ''),
(1287, 'add_skills', ''),
(1288, 'update', ''),
(1289, 'update', ''),
(1290, 'update', ''),
(1291, 'update', ''),
(1292, 'update', ''),
(1293, 'update', ''),
(1294, 'update', ''),
(1295, 'cce_indicators', ''),
(1296, 'indicator', ''),
(1297, 'add_indicator', ''),
(1298, 'update', ''),
(1299, 'update', ''),
(1300, 'update', ''),
(1301, 'update', ''),
(1302, 'cce_assessment_term', ''),
(1303, 'term_name', ''),
(1304, 'term_start_date', ''),
(1305, 'term_end_date', ''),
(1306, 'add_assessement', ''),
(1307, 'update', ''),
(1308, 'update', ''),
(1309, 'update', ''),
(1310, 'cce_grade_skills_mapping', ''),
(1311, 'select_grade_set', ''),
(1312, 'Skills', ''),
(1313, 'grade_set', ''),
(1314, 'update', ''),
(1315, 'update', ''),
(1316, 'cce_assessment', ''),
(1317, 'assessement_name', ''),
(1318, 'assessement_type', ''),
(1319, 'weightage', ''),
(1320, 'Assessment Type', ''),
(1321, 'Assessment Name', ''),
(1322, 'Weightage', ''),
(1323, 'update', ''),
(1324, 'update', ''),
(1325, 'update', ''),
(1326, 'update', ''),
(1327, 'cce_grade_sets', ''),
(1328, 'grades', ''),
(1329, 'grade_sets', ''),
(1330, 'select_grade_set_name', ''),
(1331, 'add_grade_set', ''),
(1332, 'grade_set_name', ''),
(1333, 'grade_set_id', ''),
(1334, 'update', ''),
(1335, 'update', ''),
(1336, 'cce_class_indicator', ''),
(1337, 'update', ''),
(1338, 'staff_daily_attendence', ''),
(1339, 'placements ', ''),
(1340, 'parent_username', ''),
(1341, '/income(per Annum)', ''),
(1342, 'Class', ''),
(1343, 'staff_daily_attendence', ''),
(1344, 'Assignments', ''),
(1345, 'Utilities', ''),
(1346, 'Utilities', ''),
(1347, 'Assignments', ''),
(1348, 'Utilities', ''),
(1349, 'Utilities', ''),
(1350, 'Utilities', ''),
(1351, 'Utilities', ''),
(1352, 'Assignments', ''),
(1353, 'Utilities', ''),
(1354, 'Utilities', ''),
(1355, 'Utilities', ''),
(1356, 'Utilities', ''),
(1357, 'library_books_list', ''),
(1358, 'Utilities', ''),
(1359, 'Utilities', ''),
(1360, 'Utilities', ''),
(1361, 'Utilities', ''),
(1362, 'Utilities', ''),
(1363, 'Utilities', ''),
(1364, 'Utilities', ''),
(1365, 'Utilities', ''),
(1366, 'Utilities', ''),
(1367, 'Utilities', ''),
(1368, 'Utilities', ''),
(1369, 'Utilities', ''),
(1370, 'Utilities', ''),
(1371, 'Utilities', ''),
(1372, 'start_test', ''),
(1373, 'Utilities', ''),
(1374, 'Utilities', ''),
(1375, 'Utilities', ''),
(1376, 'Utilities', ''),
(1377, 'Utilities', ''),
(1378, 'Utilities', ''),
(1379, 'Utilities', ''),
(1380, 'Utilities', ''),
(1381, 'Utilities', ''),
(1382, 'Utilities', ''),
(1383, 'Assignments', ''),
(1384, 'Utilities', ''),
(1385, 'Utilities', ''),
(1386, 'Assignments', ''),
(1387, 'Assignments', ''),
(1388, 'Assignments', ''),
(1389, 'staff_daily_attendence', ''),
(1390, 'Assignments', ''),
(1391, 'view_library_books', ''),
(1392, 'staff_daily_attendence', ''),
(1393, 'leave_applied_by', ''),
(1394, 'staff_daily_attendence', ''),
(1395, 'placements ', ''),
(1396, 'mail / sms', ''),
(1397, 'mail / sms', ''),
(1398, 'Marks', ''),
(1399, 'placements ', ''),
(1400, 'Class', ''),
(1401, 'Class', ''),
(1402, 'Marks', ''),
(1403, 'staff_daily_attendence', ''),
(1404, 'placements ', ''),
(1405, 'Marks', ''),
(1406, 'staff_daily_attendence', ''),
(1407, 'placements ', ''),
(1408, 'staff_daily_attendence', ''),
(1409, 'staff_daily_attendence', ''),
(1410, 'staff_daily_attendence', ''),
(1411, 'mail / sms', ''),
(1412, 'mail / sms', ''),
(1413, 'staff_daily_attendence', ''),
(1414, 'particular', ''),
(1415, 'payable_amount*', ''),
(1416, 'paid_amount', ''),
(1417, 'due_amount', ''),
(1418, 'payment_status', ''),
(1419, 'manage_placements', ''),
(1420, 'company', ''),
(1421, 'placement_status', ''),
(1422, 'add_placement', ''),
(1423, 'Assignments', ''),
(1424, 'Assignments', ''),
(1425, 'Assignments', ''),
(1426, 'email_view', ''),
(1427, 'body', ''),
(1428, 'View Email', ''),
(1429, 'staff_daily_attendence', ''),
(1430, 'mail / sms', ''),
(1431, 'mail / sms', ''),
(1432, 'mail / sms', ''),
(1433, 'mail / sms', ''),
(1434, 'Utilities', ''),
(1435, 'Utilities', ''),
(1436, 'Assignments', ''),
(1437, 'Utilities', ''),
(1438, 'Utilities', ''),
(1439, 'Utilities', ''),
(1440, 'Utilities', ''),
(1441, 'Utilities', ''),
(1442, 'Utilities', ''),
(1443, 'Utilities', ''),
(1444, 'Utilities', ''),
(1445, 'Utilities', ''),
(1446, 'Utilities', ''),
(1447, 'Address', ''),
(1448, 'Utilities', ''),
(1449, 'Utilities', ''),
(1450, 'Assignments', ''),
(1451, 'Assignments', ''),
(1452, 'Utilities', ''),
(1453, 'Utilities', ''),
(1454, 'staff_daily_attendence', ''),
(1455, 'staff_daily_attendence', ''),
(1456, 'mail / sms', ''),
(1457, 'mail / sms', ''),
(1458, 'staff_daily_attendence', ''),
(1459, 'staff_daily_attendence', ''),
(1460, 'staff_daily_attendence', ''),
(1461, 'staff_daily_attendence', ''),
(1462, 'leave_status', ''),
(1463, 'message', ''),
(1464, 'add_message', ''),
(1465, 'update_status', ''),
(1466, 'leave_updated', ''),
(1467, 'Class', ''),
(1468, 'staff_daily_attendence', ''),
(1469, 'Assignments', ''),
(1470, 'staff_daily_attendence', ''),
(1471, 'mail / sms', ''),
(1472, 'mail / sms', ''),
(1473, 'staff_daily_attendence', ''),
(1474, 'Question', ''),
(1475, 'staff_daily_attendence', ''),
(1476, 'Assignments', ''),
(1477, 'Assignments', ''),
(1478, 'staff_daily_attendence', ''),
(1479, 'edit_transport', ''),
(1480, 'mail / sms', ''),
(1481, 'mail / sms', ''),
(1482, 'staff_daily_attendence', ''),
(1483, 'staff_daily_attendence', ''),
(1484, 'staff_daily_attendence', ''),
(1485, 'staff_daily_attendence', ''),
(1486, 'staff_daily_attendence', ''),
(1487, 'staff_daily_attendence', ''),
(1488, 'staff_daily_attendence', ''),
(1489, 'staff_daily_attendence', ''),
(1490, 'Assignments', ''),
(1491, 'staff_daily_attendence', ''),
(1492, 'staff_daily_attendence', ''),
(1493, 'Question', ''),
(1494, 'staff_daily_attendence', ''),
(1495, 'Marks', ''),
(1496, 'placements ', ''),
(1497, 'Marks', ''),
(1498, 'staff_daily_attendence', ''),
(1499, 'placements ', ''),
(1500, 'Marks', ''),
(1501, 'staff_daily_attendence', ''),
(1502, 'placements ', ''),
(1503, 'Marks', ''),
(1504, 'staff_daily_attendence', ''),
(1505, 'placements ', ''),
(1506, 'Marks', ''),
(1507, 'staff_daily_attendence', ''),
(1508, 'placements ', ''),
(1509, 'staff_daily_attendence', ''),
(1510, 'staff_daily_attendence', ''),
(1511, 'Marks', ''),
(1512, 'staff_daily_attendence', ''),
(1513, 'placements ', ''),
(1514, 'Marks', ''),
(1515, 'staff_daily_attendence', ''),
(1516, 'placements ', ''),
(1517, 'Marks', ''),
(1518, 'staff_daily_attendence', ''),
(1519, 'placements ', ''),
(1520, 'staff_daily_attendence', ''),
(1521, 'staff_daily_attendence', ''),
(1522, 'update', ''),
(1523, 'update', ''),
(1524, 'update', ''),
(1525, 'update', ''),
(1526, 'update', ''),
(1527, 'update', ''),
(1528, 'update', ''),
(1529, 'update', ''),
(1530, 'update', ''),
(1531, 'update', ''),
(1532, 'staff_daily_attendence', ''),
(1533, 'staff_daily_attendence', ''),
(1534, 'staff_daily_attendence', ''),
(1535, 'staff_daily_attendence', ''),
(1536, 'staff_daily_attendence', ''),
(1537, 'Question', ''),
(1538, 'staff_daily_attendence', ''),
(1539, 'staff_daily_attendence', ''),
(1540, 'update', ''),
(1541, 'update', ''),
(1542, 'update', ''),
(1543, 'update', ''),
(1544, 'mail / sms', ''),
(1545, 'mail / sms', ''),
(1546, 'mail / sms', ''),
(1547, 'mail / sms', ''),
(1548, 'staff_daily_attendence', ''),
(1549, 'staff_daily_attendence', ''),
(1550, 'staff_daily_attendence', ''),
(1551, 'staff_daily_attendence', ''),
(1552, 'Employee_name', ''),
(1553, 'mail / sms', ''),
(1554, 'mail / sms', ''),
(1555, 'staff_daily_attendence', ''),
(1556, 'mail / sms', ''),
(1557, 'mail / sms', ''),
(1558, 'Marks', ''),
(1559, 'staff_daily_attendence', ''),
(1560, 'placements ', ''),
(1561, 'Marks', ''),
(1562, 'staff_daily_attendence', ''),
(1563, 'placements ', ''),
(1564, 'Marks', ''),
(1565, 'staff_daily_attendence', ''),
(1566, 'placements ', ''),
(1567, 'Assignments', ''),
(1568, 'staff_daily_attendence', ''),
(1569, 'Assignments', ''),
(1570, 'Marks', ''),
(1571, 'placements ', ''),
(1572, 'staff_daily_attendence', ''),
(1573, 'placements ', ''),
(1574, 'Question', ''),
(1575, 'staff_daily_attendence', ''),
(1576, 'staff_daily_attendence', ''),
(1577, 'update', ''),
(1578, 'update', ''),
(1579, 'update', ''),
(1580, 'update', ''),
(1581, 'update', ''),
(1582, 'update', ''),
(1583, 'update', ''),
(1584, 'mail / sms', ''),
(1585, 'mail / sms', ''),
(1586, 'staff_daily_attendence', ''),
(1587, 'staff_daily_attendence', ''),
(1588, 'mail / sms', ''),
(1589, 'mail / sms', ''),
(1590, 'staff_daily_attendence', ''),
(1591, 'Assignments', ''),
(1592, 'staff_daily_attendence', ''),
(1593, 'placements ', ''),
(1594, 'staff_daily_attendence', ''),
(1595, 'placements ', ''),
(1596, 'staff_daily_attendence', ''),
(1597, 'staff_daily_attendence', ''),
(1598, 'mail / sms', ''),
(1599, 'mail / sms', ''),
(1600, 'Class', ''),
(1601, 'grades', ''),
(1602, 'update', ''),
(1603, 'update', ''),
(1604, 'staff_daily_attendence', ''),
(1605, 'staff_daily_attendence', ''),
(1606, 'staff_daily_attendence', ''),
(1607, 'Total_Working_Days', ''),
(1608, 'Total_Presented_Days', ''),
(1609, 'Employee_name', ''),
(1610, 'mail / sms', ''),
(1611, 'mail / sms', ''),
(1612, 'edit_noticeboard', ''),
(1613, 'staff_daily_attendence', ''),
(1614, 'staff_daily_attendence', ''),
(1615, 'staff_daily_attendence', ''),
(1616, 'staff_daily_attendence', ''),
(1617, 'Assignments', ''),
(1618, 'staff_daily_attendence', ''),
(1619, 'staff_daily_attendence', ''),
(1620, 'mail / sms', ''),
(1621, 'mail / sms', ''),
(1622, 'staff_daily_attendence', ''),
(1623, 'Address', ''),
(1624, 'staff_daily_attendence', ''),
(1625, 'Class', ''),
(1626, 'staff_daily_attendence', ''),
(1627, 'staff_daily_attendence', ''),
(1628, 'staff_daily_attendence', ''),
(1629, 'Assignments', ''),
(1630, 'Assignments', ''),
(1631, 'staff_daily_attendence', ''),
(1632, 'Assignments', ''),
(1633, 'staff_daily_attendence', ''),
(1634, 'Assignments', ''),
(1635, 'staff_daily_attendence', ''),
(1636, 'Assignments', ''),
(1637, 'Utilities', ''),
(1638, 'Utilities', ''),
(1639, 'Assignments', ''),
(1640, 'Utilities', ''),
(1641, 'Utilities', ''),
(1642, 'Utilities', ''),
(1643, 'Utilities', ''),
(1644, 'Assignments', ''),
(1645, 'Utilities', ''),
(1646, 'Utilities', ''),
(1647, 'Utilities', ''),
(1648, 'Utilities', ''),
(1649, 'Assignments', ''),
(1650, 'Utilities', ''),
(1651, 'Utilities', ''),
(1652, 'Utilities', ''),
(1653, 'Utilities', ''),
(1654, 'Assignments', ''),
(1655, 'Utilities', ''),
(1656, 'Utilities', ''),
(1657, 'Utilities', ''),
(1658, 'Utilities', ''),
(1659, 'Utilities', ''),
(1660, 'Utilities', ''),
(1661, 'Utilities', ''),
(1662, 'Utilities', ''),
(1663, 'Utilities', ''),
(1664, 'Utilities', ''),
(1665, 'Assignments', ''),
(1666, 'Utilities', ''),
(1667, 'Utilities', ''),
(1668, 'Utilities', ''),
(1669, 'Utilities', ''),
(1670, 'online_test_results', ''),
(1671, 'Utilities', ''),
(1672, 'Utilities', ''),
(1673, 'Online Test Results', ''),
(1674, 'Utilities', ''),
(1675, 'Utilities', ''),
(1676, 'Assignments', ''),
(1677, 'tasks_view', ''),
(1678, 'Utilities', ''),
(1679, 'Utilities', ''),
(1680, 'add_new_task', ''),
(1681, 'Utilities', ''),
(1682, 'Utilities', ''),
(1683, 'Utilities', ''),
(1684, 'Utilities', ''),
(1685, 'Assignments', ''),
(1686, 'Utilities', ''),
(1687, 'Utilities', ''),
(1688, 'Marks', ''),
(1689, 'staff_daily_attendence', ''),
(1690, 'placements ', ''),
(1691, 'Marks', ''),
(1692, 'staff_daily_attendence', ''),
(1693, 'placements ', ''),
(1694, 'Marks', ''),
(1695, 'staff_daily_attendence', ''),
(1696, 'placements ', ''),
(1697, 'Marks', ''),
(1698, 'staff_daily_attendence', ''),
(1699, 'placements ', ''),
(1700, 'Marks', ''),
(1701, 'staff_daily_attendence', ''),
(1702, 'placements ', ''),
(1703, 'Marks', ''),
(1704, 'staff_daily_attendence', ''),
(1705, 'placements ', ''),
(1706, 'Marks', ''),
(1707, 'staff_daily_attendence', ''),
(1708, 'placements ', ''),
(1709, 'Marks', ''),
(1710, 'staff_daily_attendence', ''),
(1711, 'placements ', ''),
(1712, 'Marks', ''),
(1713, 'staff_daily_attendence', ''),
(1714, 'placements ', ''),
(1715, 'Marks', ''),
(1716, 'staff_daily_attendence', ''),
(1717, 'placements ', ''),
(1718, 'staff_daily_attendence', ''),
(1719, 'placements ', ''),
(1720, 'mail / sms', ''),
(1721, 'mail / sms', ''),
(1722, 'staff_daily_attendence', ''),
(1723, 'Address', ''),
(1724, 'staff_daily_attendence', ''),
(1725, 'staff_daily_attendence', ''),
(1726, 'staff_daily_attendence', ''),
(1727, 'staff_daily_attendence', ''),
(1728, 'Question', ''),
(1729, 'staff_daily_attendence', ''),
(1730, 'mail / sms', ''),
(1731, 'mail / sms', ''),
(1732, 'update', ''),
(1733, 'update', ''),
(1734, 'update', ''),
(1735, 'update', ''),
(1736, 'update', ''),
(1737, 'update', ''),
(1738, 'update', ''),
(1739, 'update', ''),
(1740, 'update', ''),
(1741, 'update', ''),
(1742, 'staff_daily_attendence', ''),
(1743, 'Title', ''),
(1744, 'staff_daily_attendence', ''),
(1745, 'staff_daily_attendence', ''),
(1746, 'staff_daily_attendence', ''),
(1747, 'Marks', ''),
(1748, 'staff_daily_attendence', ''),
(1749, 'placements ', ''),
(1750, 'Marks', ''),
(1751, 'staff_daily_attendence', ''),
(1752, 'placements ', ''),
(1753, 'Marks', ''),
(1754, 'staff_daily_attendence', ''),
(1755, 'placements ', ''),
(1756, 'Marks', ''),
(1757, 'staff_daily_attendence', ''),
(1758, 'placements ', ''),
(1759, 'Marks', ''),
(1760, 'staff_daily_attendence', ''),
(1761, 'placements ', ''),
(1762, 'Marks', ''),
(1763, 'staff_daily_attendence', ''),
(1764, 'placements ', ''),
(1765, 'Marks', ''),
(1766, 'staff_daily_attendence', ''),
(1767, 'placements ', ''),
(1768, 'Marks', ''),
(1769, 'staff_daily_attendence', ''),
(1770, 'placements ', ''),
(1771, 'Marks', ''),
(1772, 'staff_daily_attendence', ''),
(1773, 'placements ', ''),
(1774, 'Marks', ''),
(1775, 'staff_daily_attendence', ''),
(1776, 'placements ', ''),
(1777, 'Marks', ''),
(1778, 'staff_daily_attendence', ''),
(1779, 'placements ', ''),
(1780, 'Marks', ''),
(1781, 'staff_daily_attendence', ''),
(1782, 'placements ', ''),
(1783, 'Marks', ''),
(1784, 'staff_daily_attendence', ''),
(1785, 'placements ', ''),
(1786, 'Marks', ''),
(1787, 'staff_daily_attendence', ''),
(1788, 'placements ', ''),
(1789, 'Marks', ''),
(1790, 'staff_daily_attendence', ''),
(1791, 'placements ', ''),
(1792, 'staff_daily_attendence', ''),
(1793, 'edit_fee_category', ''),
(1794, 'update', ''),
(1795, 'update', ''),
(1796, 'update', ''),
(1797, 'staff_daily_attendence', ''),
(1798, 'staff_daily_attendence', ''),
(1799, 'staff_daily_attendence', ''),
(1800, 'Assignments', ''),
(1801, 'staff_daily_attendence', ''),
(1802, 'Assignments', ''),
(1803, 'staff_daily_attendence', ''),
(1804, 'Assignments', ''),
(1805, 'staff_daily_attendence', ''),
(1806, 'Assignments', ''),
(1807, 'staff_daily_attendence', ''),
(1808, 'Assignments', ''),
(1809, 'staff_daily_attendence', ''),
(1810, 'Marks', ''),
(1811, 'staff_daily_attendence', ''),
(1812, 'placements ', ''),
(1813, 'Marks', ''),
(1814, 'staff_daily_attendence', ''),
(1815, 'placements ', ''),
(1816, 'Marks', ''),
(1817, 'staff_daily_attendence', ''),
(1818, 'placements ', ''),
(1819, 'Marks', ''),
(1820, 'staff_daily_attendence', ''),
(1821, 'placements ', ''),
(1822, 'Marks', ''),
(1823, 'staff_daily_attendence', ''),
(1824, 'placements ', ''),
(1825, 'Marks', ''),
(1826, 'placements ', ''),
(1827, 'staff_daily_attendence', ''),
(1828, 'Employee_name', ''),
(1829, 'Employee_name', ''),
(1830, 'mail / sms', ''),
(1831, 'mail / sms', ''),
(1832, 'mail / sms', ''),
(1833, 'mail / sms', ''),
(1834, 'staff_daily_attendence', ''),
(1835, 'Question', ''),
(1836, 'Utilities', ''),
(1837, 'Utilities', ''),
(1838, 'Assignments', ''),
(1839, 'Utilities', ''),
(1840, 'Utilities', ''),
(1841, 'Utilities', ''),
(1842, 'Utilities', ''),
(1843, 'Utilities', ''),
(1844, 'Utilities', ''),
(1845, 'Utilities', ''),
(1846, 'Utilities', ''),
(1847, 'Utilities', ''),
(1848, 'Utilities', ''),
(1849, 'Utilities', ''),
(1850, 'Utilities', ''),
(1851, 'Utilities', ''),
(1852, 'Utilities', ''),
(1853, 'Utilities', ''),
(1854, 'Utilities', ''),
(1855, 'Utilities', ''),
(1856, 'Utilities', ''),
(1857, 'Utilities', ''),
(1858, 'Utilities', ''),
(1859, 'Utilities', ''),
(1860, 'Utilities', ''),
(1861, 'Utilities', ''),
(1862, 'Utilities', ''),
(1863, 'Utilities', ''),
(1864, 'Utilities', ''),
(1865, 'Assignments', ''),
(1866, 'Utilities', ''),
(1867, 'Utilities', '');
INSERT INTO `language` (`phrase_id`, `phrase`, `english`) VALUES
(1868, 'Utilities', ''),
(1869, 'Utilities', ''),
(1870, 'Utilities', ''),
(1871, 'Utilities', ''),
(1872, 'Utilities', ''),
(1873, 'Utilities', ''),
(1874, 'Utilities', ''),
(1875, 'Utilities', ''),
(1876, 'Utilities', ''),
(1877, 'Utilities', ''),
(1878, 'Utilities', ''),
(1879, 'Utilities', ''),
(1880, 'Utilities', ''),
(1881, 'Utilities', ''),
(1882, 'view_subject_list', ''),
(1883, 'Utilities', ''),
(1884, 'Utilities', ''),
(1885, 'Utilities', ''),
(1886, 'Utilities', ''),
(1887, 'Utilities', ''),
(1888, 'Utilities', ''),
(1889, 'Utilities', ''),
(1890, 'Utilities', ''),
(1891, 'Utilities', ''),
(1892, 'Utilities', ''),
(1893, 'Assignments', ''),
(1894, 'Assignments', ''),
(1895, 'staff_daily_attendence', ''),
(1896, 'staff_daily_attendence', ''),
(1897, 'staff_daily_attendence', ''),
(1898, 'Question', ''),
(1899, 'staff_daily_attendence', ''),
(1900, 'update', ''),
(1901, 'update', ''),
(1902, 'update', ''),
(1903, 'update', ''),
(1904, 'update', ''),
(1905, 'update', ''),
(1906, 'update', ''),
(1907, 'update', ''),
(1908, 'update', ''),
(1909, 'update', ''),
(1910, 'Skills', ''),
(1911, 'update', ''),
(1912, 'update', ''),
(1913, 'Title', ''),
(1914, 'Question', ''),
(1915, 'staff_daily_attendence', ''),
(1916, 'staff_daily_attendence', ''),
(1917, 'staff_daily_attendence', ''),
(1918, 'Class', ''),
(1919, 'mail / sms', ''),
(1920, 'mail / sms', ''),
(1921, 'update', ''),
(1922, 'update', ''),
(1923, 'update', ''),
(1924, 'Title', ''),
(1925, 'staff_daily_attendence', ''),
(1926, 'staff_daily_attendence', ''),
(1927, 'staff_daily_attendence', ''),
(1928, 'staff_daily_attendence', ''),
(1929, 'staff_daily_attendence', ''),
(1930, 'Title', ''),
(1931, 'staff_daily_attendence', ''),
(1932, 'mail / sms', ''),
(1933, 'mail / sms', ''),
(1934, 'staff_daily_attendence', ''),
(1935, 'staff_daily_attendence', ''),
(1936, 'Batch', ''),
(1937, 'staff_daily_attendence', ''),
(1938, 'staff_daily_attendence', ''),
(1939, 'staff_daily_attendence', ''),
(1940, 'staff_daily_attendence', ''),
(1941, 'staff_daily_attendence', ''),
(1942, 'staff_daily_attendence', ''),
(1943, 'staff_daily_attendence', ''),
(1944, 'staff_daily_attendence', ''),
(1945, 'Question', ''),
(1946, 'Question', ''),
(1947, 'Question', ''),
(1948, 'staff_daily_attendence', ''),
(1949, 'staff_daily_attendence', ''),
(1950, 'staff_daily_attendence', ''),
(1951, 'staff_daily_attendence', ''),
(1952, 'Address', ''),
(1953, 'staff_daily_attendence', ''),
(1954, 'staff_daily_attendence', ''),
(1955, 'Assignments', ''),
(1956, 'staff_daily_attendence', ''),
(1957, 'Assignments', ''),
(1958, 'staff_daily_attendence', ''),
(1959, 'Assignments', ''),
(1960, 'staff_daily_attendence', ''),
(1961, 'Assignments', ''),
(1962, 'staff_daily_attendence', ''),
(1963, 'Assignments', ''),
(1964, 'staff_daily_attendence', ''),
(1965, 'Assignments', ''),
(1966, 'staff_daily_attendence', ''),
(1967, 'Assignments', ''),
(1968, 'staff_daily_attendence', ''),
(1969, 'Assignments', ''),
(1970, 'staff_daily_attendence', ''),
(1971, 'Assignments', ''),
(1972, 'staff_daily_attendence', ''),
(1973, 'Assignments', ''),
(1974, 'staff_daily_attendence', ''),
(1975, 'Assignments', ''),
(1976, 'staff_daily_attendence', ''),
(1977, 'Assignments', ''),
(1978, 'Assignments', ''),
(1979, 'Assignments', ''),
(1980, 'Assignments', ''),
(1981, 'Assignments', ''),
(1982, 'Assignments', ''),
(1983, 'staff_daily_attendence', ''),
(1984, 'placements ', ''),
(1985, 'staff_daily_attendence', ''),
(1986, 'placements ', ''),
(1987, 'staff_daily_attendence', ''),
(1988, 'placements ', ''),
(1989, 'staff_daily_attendence', ''),
(1990, 'placements ', ''),
(1991, 'staff_daily_attendence', ''),
(1992, 'placements ', ''),
(1993, 'Marks', ''),
(1994, 'placements ', ''),
(1995, 'Marks', ''),
(1996, 'placements ', ''),
(1997, 'Marks', ''),
(1998, 'placements ', ''),
(1999, 'Marks', ''),
(2000, 'staff_daily_attendence', ''),
(2001, 'placements ', ''),
(2002, 'Marks', ''),
(2003, 'staff_daily_attendence', ''),
(2004, 'placements ', ''),
(2005, 'Marks', ''),
(2006, 'staff_daily_attendence', ''),
(2007, 'placements ', ''),
(2008, 'Marks', ''),
(2009, 'staff_daily_attendence', ''),
(2010, 'placements ', ''),
(2011, 'Marks', ''),
(2012, 'staff_daily_attendence', ''),
(2013, 'placements ', ''),
(2014, 'Marks', ''),
(2015, 'staff_daily_attendence', ''),
(2016, 'placements ', ''),
(2017, 'Marks', ''),
(2018, 'staff_daily_attendence', ''),
(2019, 'placements ', ''),
(2020, 'Marks', ''),
(2021, 'staff_daily_attendence', ''),
(2022, 'placements ', ''),
(2023, 'Marks', ''),
(2024, 'staff_daily_attendence', ''),
(2025, 'placements ', ''),
(2026, 'staff_daily_attendence', ''),
(2027, 'update', ''),
(2028, 'update', ''),
(2029, 'update', ''),
(2030, 'staff_daily_attendence', ''),
(2031, 'Address', ''),
(2032, 'Assignments', ''),
(2033, 'Assignments', ''),
(2034, 'Assignments', ''),
(2035, 'Assignments', ''),
(2036, 'Assignments', ''),
(2037, 'Assignments', ''),
(2038, 'Assignments', ''),
(2039, 'Assignments', ''),
(2040, 'Assignments', ''),
(2041, 'Assignments', ''),
(2042, 'staff_daily_attendence', ''),
(2043, 'Assignments', ''),
(2044, 'staff_daily_attendence', ''),
(2045, 'Assignments', ''),
(2046, 'staff_daily_attendence', ''),
(2047, 'staff_daily_attendence', ''),
(2048, 'Assignments', ''),
(2049, 'Assignments', ''),
(2050, 'Assignments', ''),
(2051, 'Assignments', ''),
(2052, 'Assignments', ''),
(2053, 'Assignments', ''),
(2054, 'Assignments', ''),
(2055, 'Assignments', ''),
(2056, 'staff_daily_attendence', ''),
(2057, 'Assignments', ''),
(2058, 'staff_daily_attendence', ''),
(2059, 'Assignments', ''),
(2060, 'staff_daily_attendence', ''),
(2061, 'Assignments', ''),
(2062, 'view_placements', ''),
(2063, 'staff_daily_attendence', ''),
(2064, 'Assignments', ''),
(2065, 'staff_daily_attendence', ''),
(2066, 'Assignments', ''),
(2067, 'Assignments', ''),
(2068, 'staff_daily_attendence', ''),
(2069, 'mail / sms', ''),
(2070, 'mail / sms', ''),
(2071, 'staff_daily_attendence', ''),
(2072, 'update', ''),
(2073, 'update', ''),
(2074, 'update', ''),
(2075, 'Weightage', ''),
(2076, 'update', ''),
(2077, 'update', ''),
(2078, 'update', ''),
(2079, 'update', ''),
(2080, 'update', ''),
(2081, 'update', ''),
(2082, 'update', ''),
(2083, 'update', ''),
(2084, 'update', ''),
(2085, 'update', ''),
(2086, 'update', ''),
(2087, 'update', ''),
(2088, 'staff_daily_attendence', ''),
(2089, 'Assignments', ''),
(2090, 'Marks', ''),
(2091, 'placements ', ''),
(2092, 'staff_daily_attendence', ''),
(2093, 'staff_daily_attendence', ''),
(2094, 'staff_daily_attendence', ''),
(2095, 'staff_daily_attendence', ''),
(2096, 'staff_daily_attendence', ''),
(2097, 'staff_daily_attendence', ''),
(2098, 'staff_daily_attendence', ''),
(2099, 'Question', ''),
(2100, 'grades', ''),
(2101, 'update', ''),
(2102, 'update', ''),
(2103, 'grades', ''),
(2104, 'update', ''),
(2105, 'update', ''),
(2106, 'staff_daily_attendence', ''),
(2107, 'Assignments', ''),
(2108, 'staff_daily_attendence', ''),
(2109, 'staff_daily_attendence', ''),
(2110, 'staff_daily_attendence', ''),
(2111, '0', ''),
(2112, '0', ''),
(2113, '0', ''),
(2114, '0', ''),
(2115, '0', ''),
(2116, '0', ''),
(2117, '0', ''),
(2118, 'staff_daily_attendence', ''),
(2119, 'staff_daily_attendence', ''),
(2120, 'staff_daily_attendence', ''),
(2121, 'placements ', ''),
(2122, 'staff_daily_attendence', ''),
(2123, 'staff_daily_attendence', ''),
(2124, 'staff_daily_attendence', ''),
(2125, 'staff_daily_attendence', ''),
(2126, 'staff_daily_attendence', ''),
(2127, 'staff_daily_attendence', ''),
(2128, 'staff_daily_attendence', ''),
(2129, 'staff_daily_attendence', ''),
(2130, 'staff_daily_attendence', ''),
(2131, 'staff_daily_attendence', ''),
(2132, 'staff_daily_attendence', ''),
(2133, 'staff_daily_attendence', ''),
(2134, 'staff_daily_attendence', ''),
(2135, 'staff_daily_attendence', ''),
(2136, 'Address', ''),
(2137, 'Class', ''),
(2138, 'staff_daily_attendence', ''),
(2139, 'staff_daily_attendence', ''),
(2140, 'edit_fee_period', ''),
(2141, 'staff_daily_attendence', ''),
(2142, 'staff_daily_attendence', ''),
(2143, 'staff_daily_attendence', ''),
(2144, 'staff_daily_attendence', ''),
(2145, 'Batch', ''),
(2146, 'Class', ''),
(2147, 'Question', ''),
(2148, 'staff_daily_attendence', ''),
(2149, 'staff_daily_attendence', ''),
(2150, 'staff_daily_attendence', ''),
(2151, 'staff_daily_attendence', ''),
(2152, 'staff_daily_attendence', ''),
(2153, 'Assignments', ''),
(2154, 'staff_daily_attendence', ''),
(2155, 'staff_daily_attendence', ''),
(2156, 'Assignments', ''),
(2157, 'staff_daily_attendence', ''),
(2158, 'Assignments', ''),
(2159, 'staff_daily_attendence', ''),
(2160, 'staff_daily_attendence', ''),
(2161, 'staff_daily_attendence', ''),
(2162, 'staff_daily_attendence', ''),
(2163, 'staff_daily_attendence', ''),
(2164, 'update', ''),
(2165, 'update', ''),
(2166, 'update', ''),
(2167, 'update', ''),
(2168, 'update', ''),
(2169, 'update', ''),
(2170, 'update', ''),
(2171, 'update', ''),
(2172, 'update', ''),
(2173, 'update', ''),
(2174, 'update', ''),
(2175, 'update', ''),
(2176, 'update', ''),
(2177, 'update', ''),
(2178, 'update', ''),
(2179, 'update', ''),
(2180, 'update', ''),
(2181, 'Skills', ''),
(2182, 'update', ''),
(2183, 'update', ''),
(2184, 'grades', ''),
(2185, 'update', ''),
(2186, 'update', ''),
(2187, 'update', ''),
(2188, 'Title', ''),
(2189, 'edit_grade', ''),
(2190, 'staff_daily_attendence', ''),
(2191, 'staff_daily_attendence', ''),
(2192, 'staff_daily_attendence', ''),
(2193, 'staff_daily_attendence', ''),
(2194, 'Assignments', ''),
(2195, 'Assignments', ''),
(2196, 'staff_daily_attendence', ''),
(2197, 'staff_daily_attendence', ''),
(2198, 'Assignments', ''),
(2199, 'staff_daily_attendence', ''),
(2200, 'staff_daily_attendence', ''),
(2201, 'staff_daily_attendence', ''),
(2202, 'staff_daily_attendence', ''),
(2203, 'staff_daily_attendence', ''),
(2204, 'staff_daily_attendence', ''),
(2205, 'staff_daily_attendence', ''),
(2206, 'staff_daily_attendence', ''),
(2207, 'staff_daily_attendence', ''),
(2208, 'staff_daily_attendence', ''),
(2209, 'staff_daily_attendence', ''),
(2210, 'staff_daily_attendence', ''),
(2211, 'staff_daily_attendence', ''),
(2212, 'staff_daily_attendence', ''),
(2213, 'staff_daily_attendence', ''),
(2214, 'staff_daily_attendence', ''),
(2215, 'thing_edit', ''),
(2216, 'edit thing', ''),
(2217, 'staff_daily_attendence', ''),
(2218, 'staff_daily_attendence', ''),
(2219, 'staff_daily_attendence', ''),
(2220, 'staff_daily_attendence', ''),
(2221, 'staff_daily_attendence', ''),
(2222, 'staff_daily_attendence', ''),
(2223, 'Assignments', ''),
(2224, 'Assignments', ''),
(2225, 'Assignments', ''),
(2226, 'staff_daily_attendence', ''),
(2227, 'Question', ''),
(2228, 'Question', ''),
(2229, 'Question', ''),
(2230, 'Question', ''),
(2231, 'Question', ''),
(2232, 'staff_daily_attendence', ''),
(2233, 'staff_daily_attendence', ''),
(2234, 'staff_daily_attendence', ''),
(2235, 'staff_daily_attendence', ''),
(2236, 'staff_daily_attendence', ''),
(2237, 'staff_daily_attendence', ''),
(2238, 'staff_daily_attendence', ''),
(2239, 'placements ', ''),
(2240, 'staff_daily_attendence', ''),
(2241, 'placements ', ''),
(2242, 'staff_daily_attendence', ''),
(2243, 'staff_daily_attendence', ''),
(2244, 'Assignments', ''),
(2245, 'staff_daily_attendence', ''),
(2246, 'Assignments', ''),
(2247, 'staff_daily_attendence', ''),
(2248, 'Address', ''),
(2249, 'Address', ''),
(2250, 'Address', ''),
(2251, 'staff_daily_attendence', ''),
(2252, 'staff_daily_attendence', ''),
(2253, 'staff_daily_attendence', ''),
(2254, 'staff_daily_attendence', ''),
(2255, 'staff_daily_attendence', ''),
(2256, 'staff_daily_attendence', ''),
(2257, 'staff_daily_attendence', ''),
(2258, 'Title', ''),
(2259, 'staff_daily_attendence', ''),
(2260, 'Title', ''),
(2261, 'staff_daily_attendence', ''),
(2262, 'staff_daily_attendence', ''),
(2263, 'staff_daily_attendence', ''),
(2264, 'staff_daily_attendence', ''),
(2265, 'Assignments', ''),
(2266, 'Assignments', ''),
(2267, 'staff_daily_attendence', ''),
(2268, 'staff_daily_attendence', ''),
(2269, 'Class', ''),
(2270, 'mail / sms', ''),
(2271, 'mail / sms', ''),
(2272, 'mail / sms', ''),
(2273, 'mail / sms', ''),
(2274, 'staff_daily_attendence', ''),
(2275, 'update', ''),
(2276, 'update', ''),
(2277, 'update', ''),
(2278, 'update', ''),
(2279, 'update', ''),
(2280, 'update', ''),
(2281, 'update', ''),
(2282, 'update', ''),
(2283, 'update', ''),
(2284, 'update', ''),
(2285, 'update', ''),
(2286, 'Weightage', ''),
(2287, 'update', ''),
(2288, 'update', ''),
(2289, 'update', ''),
(2290, 'update', ''),
(2291, 'grades', ''),
(2292, 'update', ''),
(2293, 'update', ''),
(2294, 'Total_Working_Days', ''),
(2295, 'Total_Presented_Days', ''),
(2296, 'Class', ''),
(2297, 'mail / sms', ''),
(2298, 'mail / sms', ''),
(2299, 'staff_daily_attendence', ''),
(2300, 'Assignments', ''),
(2301, 'staff_daily_attendence', ''),
(2302, 'placements ', ''),
(2303, 'Marks', ''),
(2304, 'staff_daily_attendence', ''),
(2305, 'placements ', ''),
(2306, 'Marks', ''),
(2307, 'staff_daily_attendence', ''),
(2308, 'placements ', ''),
(2309, 'Marks', ''),
(2310, 'staff_daily_attendence', ''),
(2311, 'placements ', ''),
(2312, 'Marks', ''),
(2313, 'staff_daily_attendence', ''),
(2314, 'placements ', ''),
(2315, 'staff_daily_attendence', ''),
(2316, 'staff_daily_attendence', ''),
(2317, 'Question', ''),
(2318, 'Question', ''),
(2319, 'Question', ''),
(2320, 'staff_daily_attendence', ''),
(2321, 'staff_daily_attendence', ''),
(2322, 'Address', ''),
(2323, 'staff_daily_attendence', ''),
(2324, 'mail / sms', ''),
(2325, 'mail / sms', ''),
(2326, 'mail / sms', ''),
(2327, 'mail / sms', ''),
(2328, 'mail / sms', ''),
(2329, 'mail / sms', ''),
(2330, 'Batch', ''),
(2331, 'Batch', ''),
(2332, 'staff_daily_attendence', ''),
(2333, 'mail / sms', ''),
(2334, 'mail / sms', ''),
(2335, 'mail / sms', ''),
(2336, 'mail / sms', ''),
(2337, 'Batch', ''),
(2338, 'Batch', ''),
(2339, 'staff_daily_attendence', ''),
(2340, 'staff_daily_attendence', ''),
(2341, 'staff_daily_attendence', ''),
(2342, 'edit_subject', ''),
(2343, 'staff_daily_attendence', ''),
(2344, 'staff_daily_attendence', ''),
(2345, 'Address', ''),
(2346, 'mail / sms', ''),
(2347, 'mail / sms', ''),
(2348, 'staff_daily_attendence', ''),
(2349, 'Class', ''),
(2350, 'staff_daily_attendence', ''),
(2351, 'staff_daily_attendence', ''),
(2352, 'staff_daily_attendence', ''),
(2353, 'staff_daily_attendence', ''),
(2354, 'staff_daily_attendence', ''),
(2355, 'staff_daily_attendence', ''),
(2356, 'staff_daily_attendence', ''),
(2357, 'mail / sms', ''),
(2358, 'mail / sms', ''),
(2359, 'Class', ''),
(2360, 'staff_daily_attendence', ''),
(2361, 'mail / sms', ''),
(2362, 'mail / sms', ''),
(2363, 'staff_daily_attendence', ''),
(2364, 'staff_daily_attendence', ''),
(2365, 'Address', ''),
(2366, 'mail / sms', ''),
(2367, 'mail / sms', ''),
(2368, 'staff_daily_attendence', ''),
(2369, 'staff_daily_attendence', ''),
(2370, 'mail / sms', ''),
(2371, 'mail / sms', ''),
(2372, 'staff_daily_attendence', ''),
(2373, 'staff_daily_attendence', ''),
(2374, 'staff_daily_attendence', ''),
(2375, 'mail / sms', ''),
(2376, 'mail / sms', ''),
(2377, 'staff_daily_attendence', ''),
(2378, '0', ''),
(2379, '0', ''),
(2380, '0', ''),
(2381, '0', ''),
(2382, '0', ''),
(2383, '0', ''),
(2384, '0', ''),
(2385, '0', ''),
(2386, '0', ''),
(2387, '0', ''),
(2388, '0', ''),
(2389, '0', ''),
(2390, '0', ''),
(2391, '0', ''),
(2392, 'staff_daily_attendence', ''),
(2393, 'staff_daily_attendence', ''),
(2394, 'Marks', ''),
(2395, 'staff_daily_attendence', ''),
(2396, 'placements ', ''),
(2397, 'Marks', ''),
(2398, 'staff_daily_attendence', ''),
(2399, 'placements ', ''),
(2400, 'Marks', ''),
(2401, 'staff_daily_attendence', ''),
(2402, 'placements ', ''),
(2403, 'Marks', ''),
(2404, 'staff_daily_attendence', ''),
(2405, 'placements ', ''),
(2406, 'staff_daily_attendence', ''),
(2407, 'placements ', ''),
(2408, 'staff_daily_attendence', ''),
(2409, 'staff_daily_attendence', ''),
(2410, 'staff_daily_attendence', ''),
(2411, 'staff_daily_attendence', ''),
(2412, 'staff_daily_attendence', ''),
(2413, 'staff_daily_attendence', ''),
(2414, 'staff_daily_attendence', ''),
(2415, 'staff_daily_attendence', ''),
(2416, 'mail / sms', ''),
(2417, 'mail / sms', ''),
(2418, 'mail / sms', ''),
(2419, 'mail / sms', ''),
(2420, 'Question', ''),
(2421, 'manage_email', ''),
(2422, 'staff_daily_attendence', ''),
(2423, 'Assignments', ''),
(2424, 'staff_daily_attendence', ''),
(2425, 'Assignments', ''),
(2426, 'staff_daily_attendence', ''),
(2427, 'Assignments', ''),
(2428, 'staff_daily_attendence', ''),
(2429, 'staff_daily_attendence', ''),
(2430, 'Title', ''),
(2431, 'staff_daily_attendence', ''),
(2432, 'Assignments', ''),
(2433, 'Marks', ''),
(2434, 'placements ', ''),
(2435, 'Marks', ''),
(2436, 'staff_daily_attendence', ''),
(2437, 'placements ', ''),
(2438, 'Marks', ''),
(2439, 'staff_daily_attendence', ''),
(2440, 'placements ', ''),
(2441, 'Marks', ''),
(2442, 'staff_daily_attendence', ''),
(2443, 'placements ', ''),
(2444, 'Marks', ''),
(2445, 'staff_daily_attendence', ''),
(2446, 'placements ', ''),
(2447, 'staff_daily_attendence', ''),
(2448, 'staff_daily_attendence', ''),
(2449, 'staff_daily_attendence', ''),
(2450, 'Assignments', ''),
(2451, 'staff_daily_attendence', ''),
(2452, 'staff_daily_attendence', ''),
(2453, 'staff_daily_attendence', ''),
(2454, 'Question', ''),
(2455, 'Title', ''),
(2456, 'staff_daily_attendence', ''),
(2457, 'Assignments', ''),
(2458, 'Assignments', ''),
(2459, 'Assignments', ''),
(2460, 'Assignments', ''),
(2461, 'Assignments', ''),
(2462, 'Assignments', ''),
(2463, 'Assignments', ''),
(2464, 'Assignments', ''),
(2465, 'Assignments', ''),
(2466, 'Assignments', ''),
(2467, 'staff_daily_attendence', ''),
(2468, 'placements ', ''),
(2469, 'staff_daily_attendence', ''),
(2470, 'staff_daily_attendence', ''),
(2471, 'staff_daily_attendence', ''),
(2472, 'staff_daily_attendence', ''),
(2473, 'Weightage', ''),
(2474, 'update', ''),
(2475, 'update', ''),
(2476, 'update', ''),
(2477, 'update', ''),
(2478, 'Total_Working_Days', ''),
(2479, 'Total_Presented_Days', ''),
(2480, 'Class', ''),
(2481, 'mail / sms', ''),
(2482, 'mail / sms', ''),
(2483, 'staff_daily_attendence', ''),
(2484, 'mail / sms', ''),
(2485, 'mail / sms', ''),
(2486, 'staff_daily_attendence', ''),
(2487, 'staff_daily_attendence', ''),
(2488, 'Question', ''),
(2489, 'Class', ''),
(2490, 'mail / sms', ''),
(2491, 'mail / sms', ''),
(2492, 'Marks', ''),
(2493, 'placements ', ''),
(2494, 'staff_daily_attendence', ''),
(2495, 'Marks', ''),
(2496, 'staff_daily_attendence', ''),
(2497, 'placements ', ''),
(2498, 'Marks', ''),
(2499, 'staff_daily_attendence', ''),
(2500, 'placements ', ''),
(2501, 'Marks', ''),
(2502, 'staff_daily_attendence', ''),
(2503, 'placements ', ''),
(2504, 'Employee_name', ''),
(2505, 'Marks', ''),
(2506, 'staff_daily_attendence', ''),
(2507, 'placements ', ''),
(2508, 'Marks', ''),
(2509, 'staff_daily_attendence', ''),
(2510, 'placements ', ''),
(2511, 'Employee_name', ''),
(2512, 'Marks', ''),
(2513, 'staff_daily_attendence', ''),
(2514, 'placements ', ''),
(2515, 'Marks', ''),
(2516, 'staff_daily_attendence', ''),
(2517, 'placements ', ''),
(2518, 'staff_daily_attendence', ''),
(2519, 'staff_daily_attendence', ''),
(2520, 'staff_daily_attendence', ''),
(2521, 'Question', ''),
(2522, 'Question', ''),
(2523, 'Question', ''),
(2524, 'staff_daily_attendence', ''),
(2525, 'staff_daily_attendence', ''),
(2526, 'Question', ''),
(2527, 'staff_daily_attendence', ''),
(2528, 'staff_daily_attendence', ''),
(2529, 'staff_daily_attendence', ''),
(2530, 'mail / sms', ''),
(2531, 'mail / sms', ''),
(2532, 'staff_daily_attendence', ''),
(2533, 'staff_daily_attendence', ''),
(2534, 'staff_daily_attendence', ''),
(2535, 'staff_daily_attendence', ''),
(2536, 'Address', ''),
(2537, 'Address', ''),
(2538, 'Address', ''),
(2539, 'update', ''),
(2540, 'update', ''),
(2541, 'update', ''),
(2542, 'staff_daily_attendence', ''),
(2543, 'staff_daily_attendence', ''),
(2544, 'Question', ''),
(2545, 'Question', ''),
(2546, 'Question', ''),
(2547, 'staff_daily_attendence', ''),
(2548, 'Title', ''),
(2549, 'staff_daily_attendence', ''),
(2550, 'staff_daily_attendence', ''),
(2551, 'staff_daily_attendence', ''),
(2552, 'staff_daily_attendence', ''),
(2553, 'staff_daily_attendence', ''),
(2554, 'staff_daily_attendence', ''),
(2555, 'staff_daily_attendence', ''),
(2556, 'Assignments', ''),
(2557, 'staff_daily_attendence', ''),
(2558, 'Assignments', ''),
(2559, 'staff_daily_attendence', ''),
(2560, 'staff_daily_attendence', ''),
(2561, 'Assignments', ''),
(2562, 'staff_daily_attendence', ''),
(2563, 'Assignments', ''),
(2564, 'staff_daily_attendence', ''),
(2565, 'Assignments', ''),
(2566, 'staff_daily_attendence', ''),
(2567, 'Assignments', ''),
(2568, 'staff_daily_attendence', ''),
(2569, 'Assignments', ''),
(2570, 'staff_daily_attendence', ''),
(2571, 'Assignments', ''),
(2572, 'staff_daily_attendence', ''),
(2573, 'Assignments', ''),
(2574, 'staff_daily_attendence', ''),
(2575, 'Assignments', ''),
(2576, 'Assignments', ''),
(2577, 'staff_daily_attendence', ''),
(2578, 'placements ', ''),
(2579, 'staff_daily_attendence', ''),
(2580, 'staff_daily_attendence', ''),
(2581, 'mail / sms', ''),
(2582, 'mail / sms', ''),
(2583, 'Class', ''),
(2584, 'staff_daily_attendence', ''),
(2585, 'staff_daily_attendence', ''),
(2586, 'Class', ''),
(2587, 'mail / sms', ''),
(2588, 'mail / sms', ''),
(2589, 'Employee_name', ''),
(2590, 'Title', ''),
(2591, 'Question', ''),
(2592, 'Question', ''),
(2593, 'staff_daily_attendence', ''),
(2594, 'mail / sms', ''),
(2595, 'mail / sms', ''),
(2596, 'staff_daily_attendence', ''),
(2597, 'staff_daily_attendence', ''),
(2598, 'staff_daily_attendence', ''),
(2599, 'mail / sms', ''),
(2600, 'mail / sms', ''),
(2601, 'staff_daily_attendence', ''),
(2602, 'staff_daily_attendence', ''),
(2603, 'staff_daily_attendence', ''),
(2604, 'Question', ''),
(2605, 'Question', ''),
(2606, 'Question', ''),
(2607, 'Question', ''),
(2608, 'Address', ''),
(2609, 'mail / sms', ''),
(2610, 'mail / sms', ''),
(2611, 'staff_daily_attendence', ''),
(2612, 'staff_daily_attendence', ''),
(2613, 'staff_daily_attendence', ''),
(2614, 'placements ', ''),
(2615, 'staff_daily_attendence', ''),
(2616, 'placements ', ''),
(2617, 'staff_daily_attendence', ''),
(2618, 'placements ', ''),
(2619, 'staff_daily_attendence', ''),
(2620, 'placements ', ''),
(2621, 'Marks', ''),
(2622, 'placements ', ''),
(2623, 'staff_daily_attendence', ''),
(2624, 'Assignments', ''),
(2625, 'staff_daily_attendence', ''),
(2626, 'Assignments', ''),
(2627, 'staff_daily_attendence', ''),
(2628, 'Assignments', ''),
(2629, 'staff_daily_attendence', ''),
(2630, 'Assignments', ''),
(2631, 'staff_daily_attendence', ''),
(2632, 'Assignments', ''),
(2633, 'Assignments', ''),
(2634, 'staff_daily_attendence', ''),
(2635, 'staff_daily_attendence', ''),
(2636, 'staff_daily_attendence', ''),
(2637, 'staff_daily_attendence', ''),
(2638, 'staff_daily_attendence', ''),
(2639, 'mail / sms', ''),
(2640, 'mail / sms', ''),
(2641, 'staff_daily_attendence', ''),
(2642, 'staff_daily_attendence', ''),
(2643, 'staff_daily_attendence', ''),
(2644, 'update', ''),
(2645, 'update', ''),
(2646, 'update', ''),
(2647, 'grades', ''),
(2648, 'update', ''),
(2649, 'update', ''),
(2650, 'update', ''),
(2651, 'Question', ''),
(2652, 'Question', ''),
(2653, 'Question', ''),
(2654, 'Question', ''),
(2655, 'mail / sms', ''),
(2656, 'mail / sms', ''),
(2657, 'staff_daily_attendence', ''),
(2658, 'staff_daily_attendence', ''),
(2659, 'staff_daily_attendence', ''),
(2660, 'Employee_name', ''),
(2661, 'Employee_name', ''),
(2662, 'grades', ''),
(2663, 'update', ''),
(2664, 'update', ''),
(2665, 'update', ''),
(2666, 'Weightage', ''),
(2667, 'update', ''),
(2668, 'update', ''),
(2669, 'update', ''),
(2670, 'update', ''),
(2671, 'Skills', ''),
(2672, 'update', ''),
(2673, 'update', ''),
(2674, 'update', ''),
(2675, 'update', ''),
(2676, 'update', ''),
(2677, 'staff_daily_attendence', ''),
(2678, 'staff_daily_attendence', ''),
(2679, 'mail / sms', ''),
(2680, 'mail / sms', ''),
(2681, 'staff_daily_attendence', ''),
(2682, 'update', ''),
(2683, 'update', ''),
(2684, 'update', ''),
(2685, 'Marks', ''),
(2686, 'staff_daily_attendence', ''),
(2687, 'placements ', ''),
(2688, 'Marks', ''),
(2689, 'staff_daily_attendence', ''),
(2690, 'placements ', ''),
(2691, 'Marks', ''),
(2692, 'staff_daily_attendence', ''),
(2693, 'placements ', ''),
(2694, 'Marks', ''),
(2695, 'staff_daily_attendence', ''),
(2696, 'placements ', ''),
(2697, 'Marks', ''),
(2698, 'staff_daily_attendence', ''),
(2699, 'placements ', ''),
(2700, 'staff_daily_attendence', ''),
(2701, 'Assignments', ''),
(2702, 'staff_daily_attendence', ''),
(2703, 'Class', ''),
(2704, 'staff_daily_attendence', ''),
(2705, 'mail / sms', ''),
(2706, 'mail / sms', ''),
(2707, 'Class', ''),
(2708, 'update', ''),
(2709, 'update', ''),
(2710, 'update', ''),
(2711, 'update', ''),
(2712, 'update', ''),
(2713, 'update', ''),
(2714, 'update', ''),
(2715, 'update', ''),
(2716, 'update', ''),
(2717, 'update', ''),
(2718, 'update', ''),
(2719, 'update', ''),
(2720, 'update', ''),
(2721, 'update', ''),
(2722, 'update', ''),
(2723, 'update', ''),
(2724, 'update', ''),
(2725, 'staff_daily_attendence', ''),
(2726, 'Assignments', ''),
(2727, 'staff_daily_attendence', ''),
(2728, 'staff_daily_attendence', ''),
(2729, 'staff_daily_attendence', ''),
(2730, 'staff_daily_attendence', ''),
(2731, 'staff_daily_attendence', ''),
(2732, 'staff_daily_attendence', ''),
(2733, 'Marks', ''),
(2734, 'staff_daily_attendence', ''),
(2735, 'placements ', ''),
(2736, 'Marks', ''),
(2737, 'staff_daily_attendence', ''),
(2738, 'placements ', ''),
(2739, 'Marks', ''),
(2740, 'staff_daily_attendence', ''),
(2741, 'placements ', ''),
(2742, 'Marks', ''),
(2743, 'staff_daily_attendence', ''),
(2744, 'placements ', ''),
(2745, 'Marks', ''),
(2746, 'placements ', ''),
(2747, 'staff_daily_attendence', ''),
(2748, 'mail / sms', ''),
(2749, 'mail / sms', ''),
(2750, 'Class', ''),
(2751, 'Class', ''),
(2752, 'staff_daily_attendence', ''),
(2753, 'staff_daily_attendence', ''),
(2754, 'staff_daily_attendence', ''),
(2755, '0', ''),
(2756, '0', ''),
(2757, '0', ''),
(2758, '0', ''),
(2759, '0', ''),
(2760, '0', ''),
(2761, '0', ''),
(2762, '0', ''),
(2763, '0', ''),
(2764, '0', ''),
(2765, '0', ''),
(2766, '0', ''),
(2767, '0', ''),
(2768, '0', ''),
(2769, 'staff_daily_attendence', ''),
(2770, 'mail / sms', ''),
(2771, 'mail / sms', ''),
(2772, 'mail / sms', ''),
(2773, 'mail / sms', ''),
(2774, 'mail / sms', ''),
(2775, 'mail / sms', ''),
(2776, 'Question', ''),
(2777, 'staff_daily_attendence', ''),
(2778, 'Batch', ''),
(2779, 'update', ''),
(2780, 'update', ''),
(2781, 'staff_daily_attendence', ''),
(2782, 'mail / sms', ''),
(2783, 'mail / sms', ''),
(2784, 'mail / sms', ''),
(2785, 'mail / sms', ''),
(2786, '0', ''),
(2787, '0', ''),
(2788, '0', ''),
(2789, '0', ''),
(2790, '0', ''),
(2791, '0', ''),
(2792, '0', ''),
(2793, 'staff_daily_attendence', ''),
(2794, 'staff_daily_attendence', ''),
(2795, 'staff_daily_attendence', ''),
(2796, 'Question', ''),
(2797, 'Skills', ''),
(2798, 'update', ''),
(2799, 'update', ''),
(2800, 'grades', ''),
(2801, 'update', ''),
(2802, 'update', ''),
(2803, 'staff_daily_attendence', ''),
(2804, 'staff_daily_attendence', ''),
(2805, 'staff_daily_attendence', ''),
(2806, 'staff_daily_attendence', ''),
(2807, 'Question', ''),
(2808, 'Question', ''),
(2809, 'mail / sms', ''),
(2810, 'mail / sms', ''),
(2811, 'staff_daily_attendence', ''),
(2812, 'update', ''),
(2813, 'update', ''),
(2814, 'update', ''),
(2815, 'update', ''),
(2816, 'update', ''),
(2817, 'update', ''),
(2818, 'update', ''),
(2819, 'update', ''),
(2820, 'update', ''),
(2821, 'Skills', ''),
(2822, 'update', ''),
(2823, 'update', ''),
(2824, 'staff_daily_attendence', ''),
(2825, 'Class', ''),
(2826, 'staff_daily_attendence', ''),
(2827, 'staff_daily_attendence', ''),
(2828, 'Question', ''),
(2829, 'notice_updated', ''),
(2830, 'staff_daily_attendence', ''),
(2831, 'staff_daily_attendence', ''),
(2832, 'staff_daily_attendence', ''),
(2833, 'staff_daily_attendence', ''),
(2834, 'Assignments', ''),
(2835, 'staff_daily_attendence', ''),
(2836, 'Assignments', ''),
(2837, 'staff_daily_attendence', ''),
(2838, 'staff_daily_attendence', ''),
(2839, 'staff_daily_attendence', ''),
(2840, 'staff_daily_attendence', ''),
(2841, 'Assignments', ''),
(2842, 'staff_daily_attendence', ''),
(2843, 'Assignments', ''),
(2844, 'staff_daily_attendence', ''),
(2845, 'Assignments', ''),
(2846, 'staff_daily_attendence', ''),
(2847, 'Assignments', ''),
(2848, 'staff_daily_attendence', ''),
(2849, 'Assignments', ''),
(2850, 'staff_daily_attendence', ''),
(2851, 'Assignments', ''),
(2852, 'staff_daily_attendence', ''),
(2853, 'staff_daily_attendence', ''),
(2854, 'staff_daily_attendence', ''),
(2855, 'staff_daily_attendence', ''),
(2856, 'staff_daily_attendence', ''),
(2857, 'staff_daily_attendence', ''),
(2858, 'staff_daily_attendence', ''),
(2859, 'staff_daily_attendence', ''),
(2860, 'staff_daily_attendence', ''),
(2861, 'mail / sms', ''),
(2862, 'mail / sms', ''),
(2863, 'staff_daily_attendence', ''),
(2864, 'staff_daily_attendence', ''),
(2865, 'Address', ''),
(2866, 'staff_daily_attendence', ''),
(2867, 'staff_daily_attendence', ''),
(2868, 'staff_daily_attendence', ''),
(2869, 'staff_daily_attendence', ''),
(2870, 'staff_daily_attendence', ''),
(2871, 'staff_daily_attendence', ''),
(2872, 'staff_daily_attendence', ''),
(2873, 'Marks', ''),
(2874, 'staff_daily_attendence', ''),
(2875, 'placements ', ''),
(2876, 'Marks', ''),
(2877, 'staff_daily_attendence', ''),
(2878, 'placements ', ''),
(2879, 'Marks', ''),
(2880, 'staff_daily_attendence', ''),
(2881, 'placements ', ''),
(2882, 'Marks', ''),
(2883, 'staff_daily_attendence', ''),
(2884, 'placements ', ''),
(2885, 'Marks', ''),
(2886, 'staff_daily_attendence', ''),
(2887, 'placements ', ''),
(2888, 'Marks', ''),
(2889, 'staff_daily_attendence', ''),
(2890, 'placements ', ''),
(2891, 'Marks', ''),
(2892, 'staff_daily_attendence', ''),
(2893, 'placements ', ''),
(2894, 'Marks', ''),
(2895, 'staff_daily_attendence', ''),
(2896, 'placements ', ''),
(2897, 'Marks', ''),
(2898, 'staff_daily_attendence', ''),
(2899, 'placements ', ''),
(2900, 'Assignments', ''),
(2901, 'staff_daily_attendence', ''),
(2902, 'staff_daily_attendence', ''),
(2903, 'staff_daily_attendence', ''),
(2904, 'staff_daily_attendence', ''),
(2905, 'Weightage', ''),
(2906, 'update', ''),
(2907, 'update', ''),
(2908, 'update', ''),
(2909, 'update', ''),
(2910, 'staff_daily_attendence', ''),
(2911, 'staff_daily_attendence', ''),
(2912, 'mail / sms', ''),
(2913, 'mail / sms', ''),
(2914, 'mail / sms', ''),
(2915, 'mail / sms', ''),
(2916, 'staff_daily_attendence', ''),
(2917, 'Assignments', ''),
(2918, 'staff_daily_attendence', ''),
(2919, 'Assignments', ''),
(2920, 'staff_daily_attendence', ''),
(2921, 'Assignments', ''),
(2922, 'staff_daily_attendence', ''),
(2923, 'Assignments', ''),
(2924, 'staff_daily_attendence', ''),
(2925, 'staff_daily_attendence', ''),
(2926, 'staff_daily_attendence', ''),
(2927, 'staff_daily_attendence', ''),
(2928, 'staff_daily_attendence', ''),
(2929, 'staff_daily_attendence', ''),
(2930, 'Marks', ''),
(2931, 'staff_daily_attendence', ''),
(2932, 'placements ', ''),
(2933, 'Marks', ''),
(2934, 'staff_daily_attendence', ''),
(2935, 'placements ', ''),
(2936, 'staff_daily_attendence', ''),
(2937, 'staff_daily_attendence', ''),
(2938, 'staff_daily_attendence', ''),
(2939, 'Marks', ''),
(2940, 'placements ', ''),
(2941, 'staff_daily_attendence', ''),
(2942, 'staff_daily_attendence', ''),
(2943, 'Assignments', ''),
(2944, 'staff_daily_attendence', ''),
(2945, 'Assignments', ''),
(2946, 'staff_daily_attendence', ''),
(2947, 'Assignments', ''),
(2948, 'staff_daily_attendence', ''),
(2949, 'Assignments', ''),
(2950, 'staff_daily_attendence', ''),
(2951, 'Assignments', ''),
(2952, 'staff_daily_attendence', ''),
(2953, 'staff_daily_attendence', ''),
(2954, 'Marks', ''),
(2955, 'placements ', ''),
(2956, 'staff_daily_attendence', ''),
(2957, 'Assignments', ''),
(2958, 'staff_daily_attendence', ''),
(2959, 'staff_daily_attendence', ''),
(2960, 'staff_daily_attendence', ''),
(2961, 'staff_daily_attendence', ''),
(2962, 'staff_daily_attendence', ''),
(2963, 'staff_daily_attendence', ''),
(2964, 'Assignments', ''),
(2965, 'staff_daily_attendence', ''),
(2966, 'Total_Working_Days', ''),
(2967, 'Total_Presented_Days', ''),
(2968, 'mail / sms', ''),
(2969, 'mail / sms', ''),
(2970, 'mail / sms', ''),
(2971, 'mail / sms', ''),
(2972, 'mail / sms', ''),
(2973, 'mail / sms', ''),
(2974, 'staff_daily_attendence', ''),
(2975, 'Assignments', ''),
(2976, 'staff_daily_attendence', ''),
(2977, 'Assignments', ''),
(2978, 'staff_daily_attendence', ''),
(2979, 'Assignments', ''),
(2980, 'staff_daily_attendence', ''),
(2981, 'staff_daily_attendence', ''),
(2982, 'Assignments', ''),
(2983, 'staff_daily_attendence', ''),
(2984, 'staff_daily_attendence', ''),
(2985, 'staff_daily_attendence', ''),
(2986, 'staff_daily_attendence', ''),
(2987, 'staff_daily_attendence', ''),
(2988, 'Assignments', ''),
(2989, 'Assignments', ''),
(2990, 'Assignments', ''),
(2991, 'Assignments', ''),
(2992, 'Assignments', ''),
(2993, '0', ''),
(2994, '0', ''),
(2995, '0', ''),
(2996, '0', ''),
(2997, '0', ''),
(2998, '0', ''),
(2999, '0', ''),
(3000, 'staff_daily_attendence', ''),
(3001, 'staff_daily_attendence', ''),
(3002, 'staff_daily_attendence', ''),
(3003, 'Question', ''),
(3004, 'Question', ''),
(3005, 'staff_daily_attendence', ''),
(3006, 'staff_daily_attendence', ''),
(3007, 'staff_daily_attendence', ''),
(3008, 'staff_daily_attendence', ''),
(3009, 'staff_daily_attendence', ''),
(3010, 'staff_daily_attendence', ''),
(3011, 'placements ', ''),
(3012, 'staff_daily_attendence', ''),
(3013, 'placements ', ''),
(3014, 'staff_daily_attendence', ''),
(3015, 'placements ', ''),
(3016, 'staff_daily_attendence', ''),
(3017, 'placements ', ''),
(3018, 'staff_daily_attendence', ''),
(3019, 'placements ', ''),
(3020, 'Assignments', ''),
(3021, 'Assignments', ''),
(3022, 'staff_daily_attendence', ''),
(3023, 'Assignments', ''),
(3024, 'staff_daily_attendence', ''),
(3025, 'Assignments', ''),
(3026, 'staff_daily_attendence', ''),
(3027, 'Assignments', ''),
(3028, 'staff_daily_attendence', ''),
(3029, 'staff_daily_attendence', ''),
(3030, 'Assignments', ''),
(3031, 'staff_daily_attendence', ''),
(3032, 'Assignments', ''),
(3033, 'staff_daily_attendence', ''),
(3034, 'Assignments', ''),
(3035, 'staff_daily_attendence', ''),
(3036, 'staff_daily_attendence', ''),
(3037, 'Class', ''),
(3038, 'staff_daily_attendence', ''),
(3039, 'staff_daily_attendence', ''),
(3040, 'staff_daily_attendence', ''),
(3041, 'staff_daily_attendence', ''),
(3042, 'staff_daily_attendence', ''),
(3043, 'staff_daily_attendence', ''),
(3044, 'staff_daily_attendence', ''),
(3045, 'staff_daily_attendence', ''),
(3046, 'Batch', ''),
(3047, 'Batch', ''),
(3048, 'staff_daily_attendence', ''),
(3049, 'staff_daily_attendence', ''),
(3050, 'staff_daily_attendence', ''),
(3051, 'staff_daily_attendence', ''),
(3052, 'staff_daily_attendence', ''),
(3053, 'staff_daily_attendence', ''),
(3054, 'mail / sms', ''),
(3055, 'update', ''),
(3056, 'update', ''),
(3057, 'update', ''),
(3058, 'mail / sms', ''),
(3059, 'update', ''),
(3060, 'update', ''),
(3061, 'update', ''),
(3062, 'update', ''),
(3063, 'update', ''),
(3064, 'update', ''),
(3065, 'update', ''),
(3066, 'mail / sms', ''),
(3067, 'mail / sms', ''),
(3068, 'Class', ''),
(3069, 'staff_daily_attendence', ''),
(3070, 'staff_daily_attendence', ''),
(3071, 'Assignments', ''),
(3072, 'staff_daily_attendence', ''),
(3073, 'Assignments', ''),
(3074, 'mail / sms', ''),
(3075, 'mail / sms', ''),
(3076, 'mail / sms', ''),
(3077, 'mail / sms', ''),
(3078, 'Class', ''),
(3079, 'staff_daily_attendence', ''),
(3080, 'staff_daily_attendence', ''),
(3081, 'mail / sms', ''),
(3082, 'mail / sms', ''),
(3083, 'staff_daily_attendence', ''),
(3084, 'staff_daily_attendence', ''),
(3085, 'staff_daily_attendence', ''),
(3086, 'staff_daily_attendence', ''),
(3087, 'staff_daily_attendence', ''),
(3088, 'update', ''),
(3089, 'update', ''),
(3090, 'update', ''),
(3091, 'update', ''),
(3092, 'update', ''),
(3093, 'update', ''),
(3094, 'update', ''),
(3095, 'update', ''),
(3096, 'update', ''),
(3097, 'update', ''),
(3098, 'update', ''),
(3099, 'update', ''),
(3100, 'update', ''),
(3101, 'update', ''),
(3102, 'Class', ''),
(3103, 'staff_daily_attendence', ''),
(3104, 'Assignments', ''),
(3105, 'Assignments', ''),
(3106, 'Assignments', ''),
(3107, 'Marks', ''),
(3108, 'staff_daily_attendence', ''),
(3109, 'placements ', ''),
(3110, 'Marks', ''),
(3111, 'staff_daily_attendence', ''),
(3112, 'placements ', ''),
(3113, 'Marks', ''),
(3114, 'staff_daily_attendence', ''),
(3115, 'placements ', ''),
(3116, 'staff_daily_attendence', ''),
(3117, 'placements ', ''),
(3118, 'Question', ''),
(3119, 'Question', ''),
(3120, 'Question', ''),
(3121, 'Question', ''),
(3122, 'staff_daily_attendence', ''),
(3123, 'staff_daily_attendence', ''),
(3124, 'staff_daily_attendence', ''),
(3125, 'Employee_name', ''),
(3126, 'staff_daily_attendence', ''),
(3127, 'Class', ''),
(3128, 'Class', ''),
(3129, 'Employee_name', ''),
(3130, 'update', ''),
(3131, 'update', ''),
(3132, 'update', ''),
(3133, 'update', ''),
(3134, 'staff_daily_attendence', ''),
(3135, 'staff_daily_attendence', ''),
(3136, 'Class', ''),
(3137, 'staff_daily_attendence', ''),
(3138, 'mail / sms', ''),
(3139, 'mail / sms', ''),
(3140, 'Class', ''),
(3141, 'staff_daily_attendence', ''),
(3142, 'staff_daily_attendence', ''),
(3143, 'staff_daily_attendence', ''),
(3144, 'Marks', ''),
(3145, 'staff_daily_attendence', ''),
(3146, 'placements ', ''),
(3147, 'Marks', ''),
(3148, 'staff_daily_attendence', ''),
(3149, 'placements ', ''),
(3150, 'staff_daily_attendence', ''),
(3151, 'staff_daily_attendence', ''),
(3152, 'mail / sms', ''),
(3153, 'mail / sms', ''),
(3154, 'Title', ''),
(3155, 'staff_daily_attendence', ''),
(3156, 'staff_daily_attendence', ''),
(3157, 'Class', ''),
(3158, 'mail / sms', ''),
(3159, 'mail / sms', ''),
(3160, 'staff_daily_attendence', ''),
(3161, 'staff_daily_attendence', ''),
(3162, 'staff_daily_attendence', ''),
(3163, 'staff_daily_attendence', ''),
(3164, 'Assignments', ''),
(3165, 'staff_daily_attendence', ''),
(3166, 'Assignments', ''),
(3167, 'staff_daily_attendence', ''),
(3168, 'Assignments', ''),
(3169, 'staff_daily_attendence', ''),
(3170, 'Assignments', ''),
(3171, 'staff_daily_attendence', ''),
(3172, 'Assignments', ''),
(3173, 'staff_daily_attendence', ''),
(3174, 'Assignments', ''),
(3175, 'staff_daily_attendence', ''),
(3176, 'Assignments', ''),
(3177, 'staff_daily_attendence', ''),
(3178, 'Assignments', ''),
(3179, 'staff_daily_attendence', ''),
(3180, 'Assignments', ''),
(3181, 'staff_daily_attendence', ''),
(3182, 'Assignments', ''),
(3183, 'staff_daily_attendence', ''),
(3184, 'Assignments', ''),
(3185, 'staff_daily_attendence', ''),
(3186, 'Assignments', ''),
(3187, 'staff_daily_attendence', ''),
(3188, 'Assignments', ''),
(3189, 'staff_daily_attendence', ''),
(3190, 'placements ', ''),
(3191, 'mail / sms', ''),
(3192, 'mail / sms', ''),
(3193, 'Class', ''),
(3194, 'mail / sms', ''),
(3195, 'mail / sms', ''),
(3196, 'staff_daily_attendence', ''),
(3197, 'placements ', ''),
(3198, 'staff_daily_attendence', ''),
(3199, 'placements ', ''),
(3200, 'staff_daily_attendence', ''),
(3201, 'placements ', ''),
(3202, 'staff_daily_attendence', ''),
(3203, 'placements ', ''),
(3204, 'staff_daily_attendence', ''),
(3205, 'placements ', ''),
(3206, 'Title', ''),
(3207, 'staff_daily_attendence', ''),
(3208, 'staff_daily_attendence', ''),
(3209, 'staff_daily_attendence', ''),
(3210, 'staff_daily_attendence', ''),
(3211, 'staff_daily_attendence', ''),
(3212, 'staff_daily_attendence', ''),
(3213, 'staff_daily_attendence', ''),
(3214, 'Assignments', ''),
(3215, 'staff_daily_attendence', ''),
(3216, 'Assignments', ''),
(3217, 'staff_daily_attendence', ''),
(3218, 'Assignments', ''),
(3219, 'staff_daily_attendence', ''),
(3220, 'Assignments', ''),
(3221, 'staff_daily_attendence', ''),
(3222, 'Assignments', ''),
(3223, 'staff_daily_attendence', ''),
(3224, 'Assignments', ''),
(3225, 'staff_daily_attendence', ''),
(3226, 'Assignments', ''),
(3227, 'staff_daily_attendence', ''),
(3228, 'Assignments', ''),
(3229, 'staff_daily_attendence', ''),
(3230, 'Assignments', ''),
(3231, 'staff_daily_attendence', ''),
(3232, 'Assignments', ''),
(3233, 'staff_daily_attendence', ''),
(3234, 'Assignments', ''),
(3235, 'staff_daily_attendence', ''),
(3236, 'Assignments', ''),
(3237, 'staff_daily_attendence', ''),
(3238, 'Assignments', ''),
(3239, 'staff_daily_attendence', ''),
(3240, 'Assignments', ''),
(3241, 'staff_daily_attendence', ''),
(3242, 'staff_daily_attendence', ''),
(3243, 'Assignments', ''),
(3244, 'staff_daily_attendence', ''),
(3245, 'Assignments', ''),
(3246, 'staff_daily_attendence', ''),
(3247, 'Assignments', ''),
(3248, 'staff_daily_attendence', ''),
(3249, 'staff_daily_attendence', ''),
(3250, 'staff_daily_attendence', ''),
(3251, 'staff_daily_attendence', ''),
(3252, 'staff_daily_attendence', ''),
(3253, 'Question', ''),
(3254, 'Question', ''),
(3255, 'Question', ''),
(3256, 'Question', ''),
(3257, 'staff_daily_attendence', ''),
(3258, 'staff_daily_attendence', ''),
(3259, 'Assignments', ''),
(3260, 'staff_daily_attendence', ''),
(3261, 'staff_daily_attendence', ''),
(3262, 'staff_daily_attendence', ''),
(3263, 'staff_daily_attendence', ''),
(3264, 'staff_daily_attendence', ''),
(3265, 'staff_daily_attendence', ''),
(3266, 'staff_daily_attendence', ''),
(3267, 'update', ''),
(3268, 'update', ''),
(3269, 'update', ''),
(3270, 'update', ''),
(3271, 'update', ''),
(3272, 'update', ''),
(3273, 'update', ''),
(3274, 'staff_daily_attendence', ''),
(3275, 'staff_daily_attendence', ''),
(3276, 'staff_daily_attendence', ''),
(3277, 'staff_daily_attendence', ''),
(3278, 'staff_daily_attendence', ''),
(3279, 'Assignments', ''),
(3280, 'staff_daily_attendence', ''),
(3281, 'mail / sms', ''),
(3282, 'mail / sms', ''),
(3283, 'staff_daily_attendence', ''),
(3284, 'staff_daily_attendence', ''),
(3285, 'placements ', ''),
(3286, 'mail / sms', ''),
(3287, 'mail / sms', ''),
(3288, 'staff_daily_attendence', ''),
(3289, 'placements ', ''),
(3290, 'staff_daily_attendence', ''),
(3291, 'mail / sms', ''),
(3292, 'mail / sms', ''),
(3293, 'staff_daily_attendence', ''),
(3294, 'staff_daily_attendence', ''),
(3295, 'mail / sms', ''),
(3296, 'mail / sms', ''),
(3297, 'mail / sms', ''),
(3298, 'mail / sms', ''),
(3299, 'staff_daily_attendence', ''),
(3300, 'staff_daily_attendence', ''),
(3301, 'staff_daily_attendence', ''),
(3302, 'staff_daily_attendence', '');

-- --------------------------------------------------------

--
-- Table structure for table `late_fee`
--

CREATE TABLE `late_fee` (
  `rec_id` int(11) NOT NULL,
  `class_id` int(11) NOT NULL,
  `student_id` int(11) NOT NULL,
  `amount` int(11) NOT NULL,
  `created_at` timestamp NOT NULL DEFAULT CURRENT_TIMESTAMP
) ENGINE=InnoDB DEFAULT CHARSET=latin1;

-- --------------------------------------------------------

--
-- Table structure for table `leave_data`
--

CREATE TABLE `leave_data` (
  `leave_id` int(11) NOT NULL,
  `leave_tid` int(11) NOT NULL,
  `leave_aid` int(11) NOT NULL,
  `leave_utype` varchar(11) NOT NULL,
  `leave_fdate` date NOT NULL,
  `leave_tdate` date NOT NULL,
  `leave_count` int(10) NOT NULL,
  `leave_status` int(1) NOT NULL DEFAULT '0' COMMENT '0-Pending, 1-Approved, 2-Reject',
  `leave_comments` varchar(100) NOT NULL,
  `leave_message` varchar(150) NOT NULL,
  `leave_added_date` datetime NOT NULL,
  `leave_modified_date` datetime NOT NULL,
  `leave_modifed_by` int(11) NOT NULL,
  `leave_delete` varchar(1) NOT NULL DEFAULT 'N'
) ENGINE=InnoDB DEFAULT CHARSET=latin1;

--
-- Dumping data for table `leave_data`
--

INSERT INTO `leave_data` (`leave_id`, `leave_tid`, `leave_aid`, `leave_utype`, `leave_fdate`, `leave_tdate`, `leave_count`, `leave_status`, `leave_comments`, `leave_message`, `leave_added_date`, `leave_modified_date`, `leave_modifed_by`, `leave_delete`) VALUES
(6, 5, 33, 'teacher', '1970-01-01', '1970-01-01', 1, 0, 'Test', '0', '2015-01-19 12:35:43', '2015-01-19 12:35:43', 0, 'N'),
(7, 4, 19, 'teacher', '2015-01-25', '2015-01-28', 4, 0, 'kh ll', '0', '2015-01-19 12:44:30', '2015-01-19 12:44:30', 0, 'N'),
(8, 4, 19, 'teacher', '1970-01-01', '1970-01-01', 1, 1, 'Sick leave', 'Test', '2015-01-19 12:47:27', '2015-01-21 12:56:02', 1, 'N'),
(9, 4, 33, 'teacher', '1970-01-01', '1970-01-01', 1, 0, 'dfdsf', '', '2015-02-17 10:49:57', '2015-02-17 10:49:57', 0, 'N'),
(10, 4, 53, 'teacher', '2015-02-24', '2015-02-25', 2, 1, 'I am Suffering from fiver ', 'S', '2015-02-23 22:37:38', '2015-06-29 04:01:52', 1, 'N'),
(11, 13, 45, 'teacher', '1969-12-31', '1969-12-31', 1, 1, 'I want leave', 'I am rejectng', '2015-04-18 20:52:40', '2015-06-29 04:02:06', 1, 'N'),
(12, 4, 5, 'teacher', '1970-01-01', '1970-01-01', 1, 1, 'Request foe leave', 'He can avail leave for 1 day.', '2016-02-19 01:16:33', '2017-02-18 16:21:50', 5, 'Y'),
(13, 4, 5, 'teacher', '1970-01-01', '1970-01-01', 1, 0, 'Need to go rest', '', '2016-02-23 06:33:35', '2016-02-23 06:33:35', 0, 'N');

-- --------------------------------------------------------

--
-- Table structure for table `leave_types`
--

CREATE TABLE `leave_types` (
  `leave_type_id` int(11) NOT NULL,
  `leave_type_title` varchar(100) NOT NULL,
  `leave_type_code` varchar(10) NOT NULL,
  `leave_type_max_days` int(11) NOT NULL,
  `leave_type_status` varchar(10) NOT NULL,
  `leave_type_half_allow` varchar(10) NOT NULL,
  `leave_type_added_date` datetime NOT NULL,
  `leave_type_modified_date` datetime NOT NULL,
  `leave_type_delete` varchar(10) NOT NULL
) ENGINE=InnoDB DEFAULT CHARSET=latin1;

--
-- Dumping data for table `leave_types`
--

INSERT INTO `leave_types` (`leave_type_id`, `leave_type_title`, `leave_type_code`, `leave_type_max_days`, `leave_type_status`, `leave_type_half_allow`, `leave_type_added_date`, `leave_type_modified_date`, `leave_type_delete`) VALUES
(1, 'Test Leave Type', 'TLY00023', 1, 'active', 'N', '2014-09-02 09:08:01', '2014-09-02 09:39:48', 'Y'),
(2, 'Test Leave Type', 'TLY00023', 1, 'active', 'N', '2014-09-02 09:09:26', '2014-09-02 09:09:26', 'Y'),
(3, 'Test Leave Type Another', 'TLYA00047', 6, 'active', 'Y', '2014-09-02 09:28:16', '2014-09-27 05:47:31', 'Y'),
(4, 'Casual Leave', '02', 5, 'active', 'Y', '2014-09-02 10:17:59', '2015-01-19 06:50:44', 'N'),
(5, 'Sick Leave', '01', 10, 'active', 'Y', '2014-09-13 04:26:25', '2015-06-29 00:17:43', 'N'),
(6, '6', '6', 1, 'active', 'N', '2014-10-03 17:06:41', '2014-10-03 17:06:41', 'N'),
(7, 'Casual', '02', 2, 'active', 'Y', '2014-11-26 15:09:04', '2014-11-26 15:09:04', 'N'),
(8, 'cash', '123', 7, 'active', 'N', '2014-12-06 10:27:24', '2014-12-06 10:27:24', 'N'),
(9, 'Marriage', '123', 2, 'active', 'N', '2015-01-21 10:20:44', '2015-01-21 10:20:44', 'N'),
(10, 'Marriage', '123', 2, 'active', 'N', '2015-01-21 10:21:45', '2015-01-21 10:21:45', 'N'),
(11, 'SHADI', '007', 5, 'active', 'N', '2015-04-04 11:35:13', '2015-04-04 11:35:13', 'N'),
(12, 'Holi', '08', 4, 'active', 'N', '2015-04-11 01:49:16', '2015-04-11 01:49:16', 'N'),
(13, 'Sick1', '1', 3, 'active', 'N', '2015-04-18 20:51:02', '2015-04-18 20:51:02', 'N'),
(14, 'Casual Leave', '02', 1, 'active', 'N', '2015-06-29 00:24:42', '2015-06-29 00:26:27', 'Y'),
(15, 'sick leave', '1234', 2, 'active', 'Y', '2015-06-29 04:00:02', '2015-06-29 04:00:36', 'N'),
(16, 'Emergency Leave', '03', 1, 'inactive', 'Y', '2015-06-29 04:37:02', '2015-06-29 04:38:39', 'Y'),
(17, 'half day', '1', 1, 'active', 'N', '2017-02-13 14:43:39', '2017-02-13 14:43:39', 'N');

-- --------------------------------------------------------

--
-- Table structure for table `librarian`
--

CREATE TABLE `librarian` (
  `librarian_id` int(11) NOT NULL,
  `name` varchar(128) NOT NULL,
  `email` varchar(64) NOT NULL,
  `password` varchar(64) NOT NULL,
  `phone` longtext NOT NULL,
  `address` longtext NOT NULL
) ENGINE=InnoDB DEFAULT CHARSET=latin1;

--
-- Dumping data for table `librarian`
--

INSERT INTO `librarian` (`librarian_id`, `name`, `email`, `password`, `phone`, `address`) VALUES
(1, 'Tam.Admin', 'one@tam.com', '1234', '879686759', 'hyderabad\r\n');

-- --------------------------------------------------------

--
-- Table structure for table `librarian_login`
--

CREATE TABLE `librarian_login` (
  `uid` int(10) NOT NULL,
  `bookname` varchar(255) NOT NULL,
  `author` varchar(255) NOT NULL,
  `description` varchar(255) NOT NULL,
  `price` varchar(255) NOT NULL,
  `class` varchar(255) NOT NULL,
  `bookcategory` varchar(255) NOT NULL,
  `status` varchar(255) NOT NULL,
  `no_of_copies` varchar(255) NOT NULL
) ENGINE=InnoDB DEFAULT CHARSET=latin1;

-- --------------------------------------------------------

--
-- Table structure for table `library`
--

CREATE TABLE `library` (
  `rec_id` int(11) NOT NULL,
  `class_id` int(11) NOT NULL,
  `student_id` int(11) NOT NULL,
  `amount` int(11) NOT NULL,
  `created_at` timestamp NOT NULL DEFAULT CURRENT_TIMESTAMP
) ENGINE=InnoDB DEFAULT CHARSET=latin1;

-- --------------------------------------------------------

--
-- Table structure for table `mark`
--

CREATE TABLE `mark` (
  `mark_id` int(11) NOT NULL,
  `student_id` int(11) NOT NULL,
  `subject_id` int(11) NOT NULL,
  `class_id` int(11) NOT NULL,
  `exam_id` int(11) NOT NULL,
  `mark_obtained` int(11) NOT NULL DEFAULT '0',
  `mark_total` int(11) NOT NULL DEFAULT '100',
  `comment` longtext COLLATE utf8_unicode_ci NOT NULL
) ENGINE=InnoDB DEFAULT CHARSET=utf8 COLLATE=utf8_unicode_ci;

--
-- Dumping data for table `mark`
--

INSERT INTO `mark` (`mark_id`, `student_id`, `subject_id`, `class_id`, `exam_id`, `mark_obtained`, `mark_total`, `comment`) VALUES
(1, 1, 1, 1, 1, 24, 100, 'GOOD'),
(2, 2, 1, 1, 1, 20, 100, 'GOOD'),
(3, 1, 2, 1, 1, 0, 100, ''),
(4, 2, 2, 1, 1, 0, 100, ''),
(5, 1, 3, 1, 1, 21, 100, 'GOOD'),
(6, 2, 3, 1, 1, 22, 100, 'GOOD'),
(7, 1, 1, 1, 2, 25, 100, ''),
(8, 2, 1, 1, 2, 23, 100, ''),
(9, 1, 3, 1, 2, 0, 100, ''),
(10, 2, 3, 1, 2, 0, 100, ''),
(11, 3, 1, 1, 1, 0, 100, ''),
(12, 4, 1, 1, 1, 0, 100, ''),
(13, 5, 1, 1, 1, 0, 100, ''),
(14, 6, 1, 1, 1, 0, 100, ''),
(15, 7, 1, 1, 1, 0, 100, ''),
(16, 8, 1, 1, 1, 0, 100, ''),
(17, 9, 1, 1, 1, 0, 100, '');

-- --------------------------------------------------------

--
-- Table structure for table `noticeboard`
--

CREATE TABLE `noticeboard` (
  `notice_id` int(11) NOT NULL,
  `notice_title` longtext COLLATE utf8_unicode_ci NOT NULL,
  `notice` longtext COLLATE utf8_unicode_ci NOT NULL,
  `create_timestamp` int(11) NOT NULL
) ENGINE=MyISAM DEFAULT CHARSET=utf8 COLLATE=utf8_unicode_ci;

--
-- Dumping data for table `noticeboard`
--

INSERT INTO `noticeboard` (`notice_id`, `notice_title`, `notice`, `create_timestamp`) VALUES
(1, 'Holiday Notice', 'Dear Parent,<br><br>Today (24/10/2016) is holiday for I-V classes.<br><br>Thanks,<br>Principal', 1477247400);

-- --------------------------------------------------------

--
-- Table structure for table `office`
--

CREATE TABLE `office` (
  `admin_id` int(11) NOT NULL,
  `name` longtext COLLATE utf8_unicode_ci NOT NULL,
  `email` longtext COLLATE utf8_unicode_ci NOT NULL,
  `password` longtext COLLATE utf8_unicode_ci NOT NULL,
  `level` longtext COLLATE utf8_unicode_ci NOT NULL
) ENGINE=InnoDB DEFAULT CHARSET=utf8 COLLATE=utf8_unicode_ci;

--
-- Dumping data for table `office`
--

INSERT INTO `office` (`admin_id`, `name`, `email`, `password`, `level`) VALUES
(1, 'Office', 'office@gmail.com', '1234', '1');

-- --------------------------------------------------------

--
-- Table structure for table `onlinetest`
--

CREATE TABLE `onlinetest` (
  `onlinetest_id` int(11) NOT NULL,
  `classname` varchar(200) NOT NULL,
  `subject` varchar(200) NOT NULL,
  `question` varchar(200) NOT NULL,
  `option1` varchar(200) NOT NULL,
  `option2` varchar(200) NOT NULL,
  `option3` varchar(200) NOT NULL,
  `option4` varchar(200) NOT NULL,
  `ans` varchar(200) NOT NULL,
  `createdby` datetime NOT NULL,
  `updatedby` datetime NOT NULL
) ENGINE=InnoDB DEFAULT CHARSET=latin1;

--
-- Dumping data for table `onlinetest`
--

INSERT INTO `onlinetest` (`onlinetest_id`, `classname`, `subject`, `question`, `option1`, `option2`, `option3`, `option4`, `ans`, `createdby`, `updatedby`) VALUES
(13, '5', 'maths', 'The sum of the roots of x2 - 3x + 7 = 0 is ', '233', 'KCR', 'VARUN', '4543', '1', '2015-01-26 16:26:38', '2017-01-21 21:20:22'),
(14, '7', 'science', 'Input, Output, CPU are  of the computer.', 'charan', '45645645', '4543', '801', '2', '2015-01-26 16:29:05', '2015-01-26 16:29:05'),
(15, '1', 'telugu', 'which is the storage device in the computer', 'ram', 'Harddrive ', 'Processor', 'arra', '2', '2015-02-18 21:54:37', '2015-02-18 21:54:37'),
(16, '1', 'english', 'test question?', '14', '12', '44', '211', '1', '2017-02-03 13:07:44', '2017-02-03 13:07:44'),
(17, '4', 'english', 'dvslj', 'lkjsfkl', 'jklkj', 'jlkjl', 'jkljk', '4', '2017-02-08 00:24:15', '2017-02-08 00:24:43');

-- --------------------------------------------------------

--
-- Table structure for table `parent`
--

CREATE TABLE `parent` (
  `parent_id` int(11) NOT NULL,
  `name` longtext COLLATE utf8_unicode_ci NOT NULL,
  `email` longtext COLLATE utf8_unicode_ci NOT NULL,
  `password` longtext COLLATE utf8_unicode_ci NOT NULL,
  `student_id` int(11) NOT NULL,
  `relation_with_student` longtext COLLATE utf8_unicode_ci NOT NULL,
  `phone` longtext COLLATE utf8_unicode_ci NOT NULL,
  `address` longtext COLLATE utf8_unicode_ci NOT NULL,
  `profession` longtext COLLATE utf8_unicode_ci NOT NULL
) ENGINE=MyISAM DEFAULT CHARSET=utf8 COLLATE=utf8_unicode_ci;

--
-- Dumping data for table `parent`
--

INSERT INTO `parent` (`parent_id`, `name`, `email`, `password`, `student_id`, `relation_with_student`, `phone`, `address`, `profession`) VALUES
(1, 'parent', 'varun7king@gmail.com', 'killer1234', 1, 'mother', '8790074116', '', ''),
(2, 'ravi', 'varun@carbonsoftsolutions.com', 'moneysr123', 3, 'facther', '8790074116', 'weweqwd', ''),
(3, 'jagadish', 'jagadish@tam.com', '1234', 12, 'father', '+912123123123', 'shailis royal pavillion ', 'software employee'),
(4, 'jagadish', 'jagadish@tam.com', '1234', 12, 'father', '+912123123123', 'shailis royal pavillion ', 'software employee'),
(5, 'mahender', 'mahender@tam.com', '1234', 11, 'father', '9985922778', 'near omega hospitals , ameerpet ', 'farmer'),
(6, 'parent', 'parent@tam.com', '1234', 16, 'father ', '0123456789', 'opp bigbazar , ameerpet , flat no 511', 'business '),
(7, 'varun remella', 'parent@tam.com', '1234', 55, 'father ', '919985922778', 'opp bigbazar , ameerpet , flat no 511', ''),
(8, 'rao', 'rao@gmail.com', '1234', 61, 'father ', '919985922778', 'opp bigbazar , ameerpet , flat no 511', 'business '),
(9, 'rajiv', 'rajiv@gmail.com', '1234', 20, 'father', '23232', 'MS', 'SE'),
(10, 'gt', 'rajuresh@tam.com', '1234', 80, 'father ', '919985922778', 'opp bigbazar , ameerpet , flat no 511', 'business ');

-- --------------------------------------------------------

--
-- Table structure for table `parent_enquiry`
--

CREATE TABLE `parent_enquiry` (
  `id` int(11) NOT NULL,
  `user_id` int(11) NOT NULL,
  `class_id` int(11) NOT NULL,
  `enquiry` varchar(255) NOT NULL,
  `subject_id` int(11) NOT NULL,
  `status` int(11) NOT NULL COMMENT 'read=0,unread=1',
  `user_inbox_id` int(11) NOT NULL,
  `time` varchar(255) NOT NULL
) ENGINE=InnoDB DEFAULT CHARSET=latin1;

--
-- Dumping data for table `parent_enquiry`
--

INSERT INTO `parent_enquiry` (`id`, `user_id`, `class_id`, `enquiry`, `subject_id`, `status`, `user_inbox_id`, `time`) VALUES
(12, 4, 23, 'hi this is testing message .<br>', 93, 0, 2, '0000-00-00 00:00:00'),
(13, 2, 0, 'hi', 0, 0, 4, '1407294795'),
(14, 2, 0, 'hi\n', 0, 0, 4, '1407294804'),
(15, 2, 0, 'hi\n', 0, 1, 0, '1407294934'),
(16, 2, 0, 'hi', 0, 0, 4, '1407295974'),
(17, 2, 0, 'hi', 0, 0, 4, '1407295977'),
(18, 2, 0, 'hi', 0, 0, 4, '1407296035'),
(19, 2, 0, 'hi', 0, 0, 4, '1407296060'),
(20, 2, 0, 'hi', 0, 0, 4, '1407296258'),
(21, 2, 0, 'hi', 0, 0, 4, '1407296329'),
(26, 2, 0, 'from here you can send replay\n', 0, 0, 4, '1407342679'),
(27, 2, 0, 'hi', 0, 0, 4, '1407347857'),
(28, 4, 0, 'hi', 0, 0, 2, '1407349140'),
(29, 2, 0, 'hi', 0, 0, 4, '1407355190'),
(30, 2, 0, 'hi\n', 0, 0, 4, '1407355204'),
(31, 2, 0, 'hi', 0, 0, 4, '1407355226'),
(32, 2, 0, 'hi', 0, 0, 4, '1407381257'),
(33, 4, 10, 'hi<br>', 21, 0, 4, '1407383953'),
(34, 7, 28, 'ghghgh<br>', 126, 0, 7, '1407387579'),
(35, 4, 28, 'hello mam,<br>&nbsp; &nbsp; &nbsp; &nbsp; my son is not performing well in your subject. kindly put an effort for him.', 124, 0, 4, '1407395547'),
(36, 4, 0, 'i  will take care of your son', 0, 0, 2, '1407398147'),
(37, 4, 28, 'asdasddasdsadsdsdsdsdsd', 124, 0, 4, '1407421378'),
(38, 3, 28, 'hello sir&nbsp;', 129, 0, 3, '1407421543'),
(39, 3, 0, 'hello sir tell me ', 0, 0, 3, '1407421583'),
(40, 3, 0, '', 0, 0, 3, '1407421586'),
(41, 4, 24, 'hello<br>my student performance is good', 99, 0, 4, '1407471620'),
(42, 2, 0, 'hi this is testing message', 0, 1, 4, '1407553144'),
(43, 2, 0, 'hi this is testing message', 0, 1, 4, '1407553144'),
(44, 3, 0, 'Write a reply...', 0, 0, 3, '1407557475');

-- --------------------------------------------------------

--
-- Table structure for table `payment`
--

CREATE TABLE `payment` (
  `payment_id` int(11) NOT NULL,
  `payment_type` longtext COLLATE utf8_unicode_ci NOT NULL,
  `transaction_id` longtext COLLATE utf8_unicode_ci NOT NULL,
  `invoice_id` int(11) NOT NULL,
  `student_id` int(11) NOT NULL,
  `method` longtext COLLATE utf8_unicode_ci NOT NULL,
  `description` longtext COLLATE utf8_unicode_ci NOT NULL,
  `amount` int(11) NOT NULL,
  `timestamp` int(11) NOT NULL
) ENGINE=MyISAM DEFAULT CHARSET=utf8 COLLATE=utf8_unicode_ci;

-- --------------------------------------------------------

--
-- Table structure for table `placement`
--

CREATE TABLE `placement` (
  `placement_id` int(11) NOT NULL,
  `placement_title` varchar(100) NOT NULL,
  `placement_date` varchar(100) NOT NULL,
  `placement_company` varchar(100) NOT NULL,
  `placement_description` varchar(225) NOT NULL,
  `placement_status` varchar(10) NOT NULL,
  `placement_added_date` datetime NOT NULL,
  `placement_modified_date` datetime NOT NULL,
  `placement_delete` varchar(10) NOT NULL
) ENGINE=InnoDB DEFAULT CHARSET=latin1;

--
-- Dumping data for table `placement`
--

INSERT INTO `placement` (`placement_id`, `placement_title`, `placement_date`, `placement_company`, `placement_description`, `placement_status`, `placement_added_date`, `placement_modified_date`, `placement_delete`) VALUES
(1, 'TCS Drive 2014', '09/02/2014', 'TCS', 'Test', 'active', '2014-09-02 14:01:22', '2015-02-17 10:48:20', 'N'),
(2, 'TCS Drive 2014', '09/02/2014', 'TCS India', '0', 'inactive', '2014-09-02 14:13:53', '2014-09-03 05:04:24', 'Y'),
(3, 'TCS Drive 2014', '09/02/2014', 'TCS India', 'retrtrtr me', 'active', '2014-09-02 14:17:49', '2014-09-02 14:21:13', 'Y'),
(4, 'TCS Placements', '09/18/2014', 'TCS', '60% cut off\n3 months training\nno salary', 'active', '2014-09-04 07:03:48', '2014-09-27 05:33:36', 'N'),
(5, 'Tech Mahindra Drive', '09/15/2014', 'Tech Mahindra', 'Freshers', 'active', '2014-09-04 07:03:48', '2014-09-27 05:34:09', 'N'),
(6, 'My JOb', '11/27/2014', 'AgreeYa', 'New Job', 'active', '2014-11-26 13:32:14', '2014-11-26 13:32:14', 'N'),
(7, 'WIPRO', '05/01/2015', 'WIPRO', 'Only for Xth Standard', 'active', '2015-01-21 10:10:05', '2015-01-21 10:10:05', 'N'),
(8, 'WIPRO', '05/01/2015', 'WIPRO', 'Only for Xth Standard', 'active', '2015-01-21 10:11:20', '2015-01-21 10:11:48', 'N'),
(9, 'CTS', '15/09/2015', 'CTS', 'Only 1st year Candiates', 'active', '2015-01-26 16:30:21', '2015-01-26 16:30:21', 'N');

-- --------------------------------------------------------

--
-- Table structure for table `poll`
--

CREATE TABLE `poll` (
  `poll_id` int(11) NOT NULL,
  `poll_class` int(11) NOT NULL,
  `poll_question` varchar(256) NOT NULL,
  `status` int(11) NOT NULL
) ENGINE=InnoDB DEFAULT CHARSET=latin1;

--
-- Dumping data for table `poll`
--

INSERT INTO `poll` (`poll_id`, `poll_class`, `poll_question`, `status`) VALUES
(1, 3, 'poll your class leader', 1),
(2, 10, 'poll your class leader', 1),
(3, 2, 'Top ranker', 1),
(4, 2, 'wkjqW', 1),
(5, 10, 'hello', 1);

-- --------------------------------------------------------

--
-- Table structure for table `polling_list`
--

CREATE TABLE `polling_list` (
  `polling_id` int(11) NOT NULL,
  `pollanswer_id` int(11) NOT NULL,
  `polling_count` int(11) NOT NULL,
  `student_id` int(11) NOT NULL,
  `status` int(11) NOT NULL
) ENGINE=InnoDB DEFAULT CHARSET=latin1;

--
-- Dumping data for table `polling_list`
--

INSERT INTO `polling_list` (`polling_id`, `pollanswer_id`, `polling_count`, `student_id`, `status`) VALUES
(1, 3, 1, 0, 1),
(2, 3, 1, 0, 1),
(3, 4, 1, 0, 1),
(4, 3, 1, 0, 1),
(5, 3, 1, 0, 1),
(6, 3, 1, 0, 1),
(7, 3, 1, 0, 1),
(8, 4, 1, 104, 0);

-- --------------------------------------------------------

--
-- Table structure for table `poll_answer`
--

CREATE TABLE `poll_answer` (
  `pollanswer_id` int(11) NOT NULL,
  `poll_answer` varchar(256) NOT NULL,
  `poll_id` int(11) NOT NULL,
  `status` int(11) NOT NULL
) ENGINE=InnoDB DEFAULT CHARSET=latin1;

--
-- Dumping data for table `poll_answer`
--

INSERT INTO `poll_answer` (`pollanswer_id`, `poll_answer`, `poll_id`, `status`) VALUES
(1, 'Mukesh', 1, 1),
(2, 'Rajesh', 1, 1),
(3, 'Praveen', 2, 1),
(4, 'Sureah', 2, 1),
(5, 'Rajesh', 2, 1),
(6, 'Mukesh', 2, 1),
(7, 'Rajesh', 3, 1),
(8, 'Mahesh', 3, 1),
(9, 'Suresh', 3, 1),
(10, 'KLLK`KLLK`', 4, 1),
(11, 'kllkj', 4, 1),
(12, '1', 5, 1),
(13, '2', 5, 1);

-- --------------------------------------------------------

--
-- Table structure for table `previousquestionpapers`
--

CREATE TABLE `previousquestionpapers` (
  `paperid` int(11) NOT NULL,
  `title` varchar(200) NOT NULL,
  `classname` varchar(200) NOT NULL,
  `subject` varchar(200) NOT NULL,
  `book_file` varchar(200) NOT NULL
) ENGINE=InnoDB DEFAULT CHARSET=latin1;

--
-- Dumping data for table `previousquestionpapers`
--

INSERT INTO `previousquestionpapers` (`paperid`, `title`, `classname`, `subject`, `book_file`) VALUES
(28, '10th question papers', '3', 'maths', '1421753601_adarsh kosaraju.pdf'),
(29, 'mathes', '3', 'social', '1421752240_Tam Manager.docx'),
(34, 'Tam Manager', '3', 'telugu', '1421753578_Tam Manager Agreement for client.docx'),
(35, 'CSE', '24', 'maths', '2340-1118-placement-paper-of-polaris-1.pdf'),
(36, 'CSE', '24', 'english', 'Invoice OD40812151160 (1).pdf'),
(37, 'CSE', '24', 'maths', '2340-1118-placement-paper-of-polaris-1.pdf'),
(41, 'MECH', '24', 'telugu', 'bus fee.pdf');

-- --------------------------------------------------------

--
-- Table structure for table `principal`
--

CREATE TABLE `principal` (
  `admin_id` int(11) NOT NULL,
  `name` longtext COLLATE utf8_unicode_ci NOT NULL,
  `email` longtext COLLATE utf8_unicode_ci NOT NULL,
  `password` longtext COLLATE utf8_unicode_ci NOT NULL,
  `level` longtext COLLATE utf8_unicode_ci NOT NULL
) ENGINE=InnoDB DEFAULT CHARSET=utf8 COLLATE=utf8_unicode_ci;

--
-- Dumping data for table `principal`
--

INSERT INTO `principal` (`admin_id`, `name`, `email`, `password`, `level`) VALUES
(1, 'PPrincipal', 'principal@gmail.com', '1234', '1');

-- --------------------------------------------------------

--
-- Table structure for table `room`
--

CREATE TABLE `room` (
  `room_id` int(11) NOT NULL,
  `name` varchar(512) NOT NULL,
  `max_students` int(11) NOT NULL,
  `description` text NOT NULL,
  `dormitory_id` int(11) NOT NULL
) ENGINE=InnoDB DEFAULT CHARSET=latin1;

--
-- Dumping data for table `room`
--

INSERT INTO `room` (`room_id`, `name`, `max_students`, `description`, `dormitory_id`) VALUES
(4, '104', 20, '1st class', 5),
(7, '104', 0, '4th class', 5),
(8, '105', 0, '5th class', 5),
(9, '106', 0, '6th class', 5),
(10, '107', 0, '7th class', 5),
(11, '108', 0, '8th class', 5),
(12, '109', 0, '9th class', 5),
(13, '110', 0, '10th class', 5),
(14, '101', 0, '1st class', 4),
(15, '102', 0, '2nd class', 4),
(16, '103', 0, '3rd class', 4),
(17, '104', 0, '4th class', 4),
(18, '105', 0, '5th class', 4),
(19, '106', 0, '6th class', 4),
(20, '107', 0, '7th class', 4),
(21, '108', 0, '8th class', 4),
(22, '109', 0, '9th class', 4),
(23, '110', 0, '10th class', 4),
(26, 'DNH0023', 60, 'Dormitory Description Here', 7),
(27, 's block', 3, 'keep clean', 8),
(28, '101', 20, 'All Classes', 7),
(29, 'Boys', 2, 'single bed room', 9),
(30, 'G1', 2, 'single bed room', 9),
(31, '102', 4, '', 5),
(32, '104', 20, '1st class', 5),
(33, '1000', 20, 'Grade 1', 1);

-- --------------------------------------------------------

--
-- Table structure for table `room_bkp`
--

CREATE TABLE `room_bkp` (
  `room_id` int(11) NOT NULL,
  `name` varchar(512) NOT NULL,
  `description` text NOT NULL,
  `dormitory_id` int(11) NOT NULL
) ENGINE=InnoDB DEFAULT CHARSET=latin1;

--
-- Dumping data for table `room_bkp`
--

INSERT INTO `room_bkp` (`room_id`, `name`, `description`, `dormitory_id`) VALUES
(4, '101', '1st class', 5),
(5, '102', '2nd class', 5),
(6, '103', '3rd class', 5),
(7, '104', '4th class', 5),
(8, '105', '5th class', 5),
(9, '106', '6th class', 5),
(10, '107', '7th class', 5),
(11, '108', '8th class', 5),
(12, '109', '9th class', 5),
(13, '110', '10th class', 5),
(14, '101', '1st class', 4),
(15, '102', '2nd class', 4),
(16, '103', '3rd class', 4),
(17, '104', '4th class', 4),
(18, '105', '5th class', 4),
(19, '106', '6th class', 4),
(20, '107', '7th class', 4),
(21, '108', '8th class', 4),
(22, '109', '9th class', 4),
(23, '110', '10th class', 4),
(24, 'DNH002', 'Test', 6);

-- --------------------------------------------------------

--
-- Table structure for table `sent_sms`
--

CREATE TABLE `sent_sms` (
  `1` int(11) NOT NULL,
  `from_number` varchar(13) NOT NULL,
  `sms_content` text NOT NULL,
  `delievery_status` varchar(150) NOT NULL
) ENGINE=MyISAM DEFAULT CHARSET=latin1;

-- --------------------------------------------------------

--
-- Table structure for table `settings`
--

CREATE TABLE `settings` (
  `settings_id` int(11) NOT NULL,
  `type` longtext CHARACTER SET utf8 COLLATE utf8_unicode_ci NOT NULL,
  `description` longtext CHARACTER SET utf8 COLLATE utf8_unicode_ci NOT NULL
) ENGINE=MyISAM DEFAULT CHARSET=latin1;

--
-- Dumping data for table `settings`
--

INSERT INTO `settings` (`settings_id`, `type`, `description`) VALUES
(1, 'system_name', 'Mombasa Academy'),
(2, 'system_title', 'SMS'),
(3, 'address', 'P.O Box 1234 - 80100'),
(4, 'phone', '0722000000'),
(5, 'paypal_email', ''),
(6, 'currency', 'KSh'),
(7, 'system_email', '');

-- --------------------------------------------------------

--
-- Table structure for table `sms_template`
--

CREATE TABLE `sms_template` (
  `sms_template_id` int(11) NOT NULL,
  `sms_template_content` text NOT NULL
) ENGINE=MyISAM DEFAULT CHARSET=latin1;

--
-- Dumping data for table `sms_template`
--

INSERT INTO `sms_template` (`sms_template_id`, `sms_template_content`) VALUES
(1, '?name? has not attended college today,so please let us know the reason'),
(2, '%name%'),
(3, 'vvvvvvvvvvvvvvvvvvvvvvvvvvvvvvvvv');

-- --------------------------------------------------------

--
-- Table structure for table `sports`
--

CREATE TABLE `sports` (
  `rec_id` int(11) NOT NULL,
  `class_id` int(11) NOT NULL,
  `student_id` int(11) NOT NULL,
  `amount` int(11) NOT NULL,
  `created_at` timestamp NOT NULL DEFAULT CURRENT_TIMESTAMP
) ENGINE=InnoDB DEFAULT CHARSET=latin1;

-- --------------------------------------------------------

--
-- Table structure for table `staffnotice`
--

CREATE TABLE `staffnotice` (
  `notice_id` int(11) NOT NULL,
  `notice_department` int(11) NOT NULL,
  `notice_title` longtext NOT NULL,
  `notice` longtext NOT NULL,
  `create_timestamp` int(11) NOT NULL
) ENGINE=InnoDB DEFAULT CHARSET=latin1;

--
-- Dumping data for table `staffnotice`
--

INSERT INTO `staffnotice` (`notice_id`, `notice_department`, `notice_title`, `notice`, `create_timestamp`) VALUES
(2, 20, 'assignmnet 1 ', 'Tesat', 1422921600),
(3, 24, 'assignmnet 1 ', 'Tesat', 1422921900),
(10, 0, 'dd', 'dd', 0),
(11, 0, 'ddd', 'kll', 0),
(12, 0, '', '', 0),
(13, 0, 'cc', 'cc', 0),
(14, 0, 'ff', 'llll', 0),
(15, 0, '', '', 0),
(22, 0, '', '', 0),
(25, 23, 'dgdfgdfg', 'fdgdfgdfgdfg', 0),
(26, 27, 'fgdgdfgf', 'ddfgbvcxhrurfhghfgh', 0),
(27, 32, 'ABC', 'ABC', 1436598000);

-- --------------------------------------------------------

--
-- Table structure for table `staff_attendence`
--

CREATE TABLE `staff_attendence` (
  `attendence_id` int(11) NOT NULL,
  `user_id` int(11) NOT NULL,
  `department_id` int(11) NOT NULL,
  `present` int(11) NOT NULL,
  `month` int(11) NOT NULL
) ENGINE=InnoDB DEFAULT CHARSET=latin1;

--
-- Dumping data for table `staff_attendence`
--

INSERT INTO `staff_attendence` (`attendence_id`, `user_id`, `department_id`, `present`, `month`) VALUES
(782, 11, 4, 10, 2),
(783, 12, 4, 22, 2),
(784, 13, 4, 15, 2),
(785, 14, 4, 16, 2),
(786, 15, 4, 17, 2),
(787, 16, 4, 18, 2),
(788, 10, 5, 10, 2),
(789, 17, 5, 12, 2),
(790, 11, 4, 10, 3),
(791, 12, 4, 25, 3),
(792, 13, 4, 0, 3),
(793, 14, 4, 0, 3),
(794, 15, 4, 0, 3),
(795, 16, 4, 0, 3),
(796, 10, 5, 10, 1),
(797, 17, 5, 15, 1),
(798, 15, 4, 0, 1),
(799, 15, 4, 0, 8),
(800, 10, 5, 0, 8),
(801, 11, 5, 0, 8),
(802, 12, 5, 0, 8),
(803, 13, 5, 0, 8),
(804, 14, 5, 0, 8),
(805, 12, 4, 0, 1),
(806, 21, 7, 23, 2),
(807, 18, 4, 23, 1),
(808, 18, 4, 22, 2),
(809, 18, 4, 25, 3),
(810, 18, 4, 11, 4),
(811, 18, 4, 0, 5),
(812, 18, 4, 15, 6),
(813, 18, 4, 25, 7),
(814, 18, 4, 26, 8),
(815, 18, 4, 18, 9),
(816, 18, 4, 24, 10),
(817, 18, 4, 24, 11),
(818, 18, 4, 26, 12),
(819, 16, 5, 24, 1),
(820, 16, 5, 22, 2),
(821, 16, 5, 24, 3),
(822, 16, 5, 12, 4),
(823, 16, 5, 0, 5),
(824, 16, 5, 14, 6),
(825, 16, 5, 26, 7),
(826, 16, 5, 26, 8),
(827, 16, 5, 18, 9),
(828, 16, 5, 24, 10),
(829, 16, 5, 24, 11),
(830, 16, 5, 26, 12),
(831, 17, 6, 24, 1),
(832, 17, 6, 23, 2),
(833, 17, 6, 27, 3),
(834, 17, 6, 12, 4),
(835, 17, 6, 0, 5),
(836, 17, 6, 15, 6),
(837, 17, 6, 26, 7),
(838, 17, 6, 26, 8),
(839, 17, 6, 16, 9),
(840, 17, 6, 25, 10),
(841, 17, 6, 24, 11),
(842, 17, 6, 26, 12),
(843, 21, 7, 23, 1),
(844, 21, 7, 27, 3),
(845, 21, 7, 12, 4),
(846, 21, 7, 0, 5),
(847, 21, 7, 15, 6),
(848, 21, 7, 26, 7),
(849, 21, 7, 27, 8),
(850, 21, 7, 18, 9),
(851, 21, 7, 25, 10),
(852, 21, 7, 24, 11),
(853, 21, 7, 27, 12),
(854, 19, 8, 24, 1),
(855, 19, 8, 23, 2),
(856, 19, 8, 27, 3),
(857, 19, 8, 12, 4),
(858, 19, 8, 0, 5),
(859, 19, 8, 14, 6),
(860, 19, 8, 26, 7),
(861, 19, 8, 27, 8),
(862, 19, 8, 18, 9),
(863, 19, 8, 24, 10),
(864, 19, 8, 24, 11),
(865, 19, 8, 27, 12),
(866, 20, 9, 24, 1),
(867, 20, 9, 23, 2),
(868, 20, 9, 27, 3),
(869, 20, 9, 12, 4),
(870, 20, 9, 0, 5),
(871, 20, 9, 15, 6),
(872, 20, 9, 27, 7),
(873, 20, 9, 27, 8),
(874, 20, 9, 18, 9),
(875, 20, 9, 25, 10),
(876, 20, 9, 24, 11),
(877, 20, 9, 27, 12),
(878, 23, 5, 0, 1),
(879, 23, 11, 0, 12),
(880, 23, 11, 0, 11),
(881, 24, 4, 0, 1),
(882, 24, 4, 0, 2),
(883, 26, 4, 0, 1),
(884, 38, 17, 22, 1),
(885, 44, 17, 9, 1),
(886, 38, 17, 0, 2),
(887, 44, 17, 0, 2),
(888, 38, 17, 1222, 3),
(889, 44, 17, 1575, 3),
(890, 38, 17, 6, 4),
(891, 44, 17, 4, 4),
(892, 38, 17, 22, 5),
(893, 44, 17, 0, 5),
(894, 38, 17, 14, 6),
(895, 44, 17, 1, 6),
(896, 38, 17, 12, 7),
(897, 44, 17, 32, 7),
(898, 33, 16, 0, 2),
(899, 49, 23, 1, 1),
(900, 50, 23, 1, 1),
(901, 53, 23, 1, 1),
(902, 49, 23, 0, 6),
(903, 50, 23, 0, 6),
(904, 53, 23, 0, 6),
(905, 55, 26, 0, 7),
(906, 4, 37, 0, 7),
(907, 5, 37, 0, 7);

-- --------------------------------------------------------

--
-- Table structure for table `staff_data`
--

CREATE TABLE `staff_data` (
  `staff_id` int(11) NOT NULL,
  `name` longtext COLLATE utf8_unicode_ci NOT NULL,
  `employee_code` varchar(100) COLLATE utf8_unicode_ci NOT NULL,
  `employee_academicyear_id` int(11) NOT NULL,
  `employee_department_id` int(11) NOT NULL,
  `birthday` longtext COLLATE utf8_unicode_ci NOT NULL,
  `sex` longtext COLLATE utf8_unicode_ci NOT NULL,
  `religion` longtext COLLATE utf8_unicode_ci NOT NULL,
  `cast` varchar(256) COLLATE utf8_unicode_ci NOT NULL,
  `blood_group` longtext COLLATE utf8_unicode_ci NOT NULL,
  `address` longtext COLLATE utf8_unicode_ci NOT NULL,
  `permanent_address` text COLLATE utf8_unicode_ci NOT NULL,
  `previous_school_name` text COLLATE utf8_unicode_ci NOT NULL,
  `subject` text COLLATE utf8_unicode_ci NOT NULL,
  `father_name` varchar(512) COLLATE utf8_unicode_ci NOT NULL,
  `father_mobile_number` varchar(512) COLLATE utf8_unicode_ci NOT NULL,
  `staff_email` varchar(512) COLLATE utf8_unicode_ci NOT NULL,
  `phone` longtext COLLATE utf8_unicode_ci NOT NULL,
  `email` longtext COLLATE utf8_unicode_ci NOT NULL,
  `password` longtext COLLATE utf8_unicode_ci NOT NULL,
  `academic_year` varchar(20) COLLATE utf8_unicode_ci DEFAULT NULL
) ENGINE=InnoDB DEFAULT CHARSET=utf8 COLLATE=utf8_unicode_ci;

--
-- Dumping data for table `staff_data`
--

INSERT INTO `staff_data` (`staff_id`, `name`, `employee_code`, `employee_academicyear_id`, `employee_department_id`, `birthday`, `sex`, `religion`, `cast`, `blood_group`, `address`, `permanent_address`, `previous_school_name`, `subject`, `father_name`, `father_mobile_number`, `staff_email`, `phone`, `email`, `password`, `academic_year`) VALUES
(3, 'PRABHU A', 'NT1001', 0, 38, '14/07/2015', 'male', 'NA', 'NA', 'o+ve', 'NA', 'NA', 'NA', '', 'NA NA', 'NA', 'prabhu@gmail.com', '9989027424', 'prabhu@gmail.com', '1234', NULL);

-- --------------------------------------------------------

--
-- Table structure for table `standard`
--

CREATE TABLE `standard` (
  `standard_id` int(11) NOT NULL,
  `standard_name` varchar(100) NOT NULL,
  `standard_status` varchar(10) NOT NULL,
  `standard_added_date` datetime NOT NULL,
  `standard_modified_date` datetime NOT NULL
) ENGINE=InnoDB DEFAULT CHARSET=latin1;

--
-- Dumping data for table `standard`
--

INSERT INTO `standard` (`standard_id`, `standard_name`, `standard_status`, `standard_added_date`, `standard_modified_date`) VALUES
(19, 'MBA', 'active', '2014-12-09 14:21:24', '2014-12-09 14:21:24'),
(20, 'BSC', 'active', '2014-12-09 14:23:00', '2014-12-09 14:23:00'),
(21, 'mechanical', 'active', '2015-01-14 07:30:26', '2015-01-14 07:30:26'),
(22, 'xtar', 'active', '2015-01-15 09:37:59', '2015-01-15 09:37:59'),
(23, 'MBA', 'active', '2015-01-21 10:08:10', '2015-01-21 10:08:10'),
(24, 'SSC', 'inactive', '2015-01-21 10:08:38', '2015-01-21 10:08:38');

-- --------------------------------------------------------

--
-- Table structure for table `student`
--

CREATE TABLE `student` (
  `student_id` int(11) NOT NULL,
  `name` longtext COLLATE utf8_unicode_ci NOT NULL,
  `birthday` longtext COLLATE utf8_unicode_ci NOT NULL,
  `birth_place` varchar(512) COLLATE utf8_unicode_ci NOT NULL,
  `sex` longtext COLLATE utf8_unicode_ci NOT NULL,
  `student_academicyear_id` int(11) NOT NULL,
  `religion` longtext COLLATE utf8_unicode_ci NOT NULL,
  `cast` varchar(512) COLLATE utf8_unicode_ci NOT NULL,
  `blood_group` longtext COLLATE utf8_unicode_ci NOT NULL,
  `nationality` varchar(512) COLLATE utf8_unicode_ci NOT NULL,
  `address` longtext COLLATE utf8_unicode_ci NOT NULL,
  `permanent_address` text COLLATE utf8_unicode_ci NOT NULL,
  `phone` longtext COLLATE utf8_unicode_ci NOT NULL,
  `email` longtext COLLATE utf8_unicode_ci NOT NULL,
  `password` longtext COLLATE utf8_unicode_ci NOT NULL,
  `father_name` longtext COLLATE utf8_unicode_ci NOT NULL,
  `mother_name` longtext COLLATE utf8_unicode_ci NOT NULL,
  `parent_phone1` varchar(30) COLLATE utf8_unicode_ci NOT NULL,
  `parent_phone2` varchar(30) COLLATE utf8_unicode_ci NOT NULL,
  `student_parent_email` varchar(512) COLLATE utf8_unicode_ci NOT NULL,
  `class_id` longtext COLLATE utf8_unicode_ci NOT NULL,
  `class_section` varchar(32) COLLATE utf8_unicode_ci NOT NULL,
  `previous_school_name` text COLLATE utf8_unicode_ci NOT NULL,
  `roll` longtext COLLATE utf8_unicode_ci NOT NULL,
  `occupation` varchar(512) COLLATE utf8_unicode_ci NOT NULL,
  `income_per_annum` int(11) NOT NULL,
  `transport_id` int(11) NOT NULL,
  `ppoint_id` int(11) NOT NULL,
  `dormitory_id` int(11) NOT NULL,
  `dormitory_room_number` longtext COLLATE utf8_unicode_ci NOT NULL,
  `hostel_number` int(11) NOT NULL,
  `hostel_fees` int(11) NOT NULL,
  `parent_email` varchar(255) COLLATE utf8_unicode_ci NOT NULL,
  `parent_password` varchar(255) COLLATE utf8_unicode_ci NOT NULL,
  `academic_year` varchar(20) COLLATE utf8_unicode_ci DEFAULT NULL,
  `admission_number` varchar(225) COLLATE utf8_unicode_ci NOT NULL,
  `doj` varchar(100) COLLATE utf8_unicode_ci NOT NULL,
  `height` varchar(225) COLLATE utf8_unicode_ci NOT NULL,
  `weight` varchar(225) COLLATE utf8_unicode_ci NOT NULL,
  `passport_number` varchar(225) COLLATE utf8_unicode_ci NOT NULL,
  `date_of_issue` varchar(100) COLLATE utf8_unicode_ci NOT NULL,
  `date_of_expiry` varchar(100) COLLATE utf8_unicode_ci NOT NULL,
  `student_cid` int(11) NOT NULL,
  `father_cid` int(11) NOT NULL,
  `mother_cid` int(11) NOT NULL,
  `student_qatar_id` varchar(225) COLLATE utf8_unicode_ci NOT NULL,
  `father_qatar_id` varchar(225) COLLATE utf8_unicode_ci NOT NULL,
  `mother_qatar_id` varchar(225) COLLATE utf8_unicode_ci NOT NULL
) ENGINE=InnoDB DEFAULT CHARSET=utf8 COLLATE=utf8_unicode_ci;

--
-- Dumping data for table `student`
--

INSERT INTO `student` (`student_id`, `name`, `birthday`, `birth_place`, `sex`, `student_academicyear_id`, `religion`, `cast`, `blood_group`, `nationality`, `address`, `permanent_address`, `phone`, `email`, `password`, `father_name`, `mother_name`, `parent_phone1`, `parent_phone2`, `student_parent_email`, `class_id`, `class_section`, `previous_school_name`, `roll`, `occupation`, `income_per_annum`, `transport_id`, `ppoint_id`, `dormitory_id`, `dormitory_room_number`, `hostel_number`, `hostel_fees`, `parent_email`, `parent_password`, `academic_year`, `admission_number`, `doj`, `height`, `weight`, `passport_number`, `date_of_issue`, `date_of_expiry`, `student_cid`, `father_cid`, `mother_cid`, `student_qatar_id`, `father_qatar_id`, `mother_qatar_id`) VALUES
(1, 'PAVAN K', '1997-02-02', 'NA', 'male', 0, '0', '0', 'NA', 'NAN', 'NA', 'NA', '', '0', '0', 'RAGHU K', 'NA NA', '7904041541', '9898989898', 'raghu@gmail.com', '3', '', 'NA', '1001', 'Farmer', 0, 1, 35, 0, '', 0, 0, 'parent@gmail.com', '1234', NULL, '1001', '02/07/2015', 'NA', 'NA', 'NA', '05/12/2016', '07/14/2016', 0, 0, 0, 'NA', 'NA', 'NA'),
(2, 'ABHI K', '1966-10-07', 'NA', 'male', 0, '0', '0', 'NA', 'NAN', 'NA', 'NA', '', '0', '0', 'HEMANTH K', 'NA NA', '9989027424', 'NA', 'hemanth@gmail.com', '3', '', 'NA', '1002', 'NA', 0, 0, 0, 1, '33', 0, 0, 'hemanth@gmail.com', '1234', NULL, '1002', '01/07/2015', 'NAN', 'NA', 'NA', '02/07/2015', '03/07/2015', 0, 0, 0, 'ANAN', 'NA', 'NA'),
(3, 'Almas Patvi', '1993-08-02', 'STafdt', 'female', 0, '0', '0', 'JNHKSHNAD', 'KJNDKJ', 'dsdsdf', 'dfgr', '', '0', '0', 'janskq jksdksdkjc', 'kjdnsnadka KJNSALKFDJASLFD', 'kjkljlk', 'klkklk', 'mageshmark88@gmail.com', '2', '', 'egrw', '011', 'lklk', 0, 0, 0, 0, '', 0, 0, 'WS', 'rainbow', NULL, '011', '06/02/2016', 'KJNSDAKSJ', 'KJDKQSJ', '012466', '04/02/2016', '10/02/2016', 0, 0, 0, 'KJKJ', 'lklk', 'ss');

-- --------------------------------------------------------

--
-- Table structure for table `subject`
--

CREATE TABLE `subject` (
  `subject_id` int(11) NOT NULL,
  `name` longtext COLLATE utf8_unicode_ci NOT NULL,
  `class_id` int(11) NOT NULL,
  `teacher_id` int(11) DEFAULT NULL
) ENGINE=InnoDB DEFAULT CHARSET=utf8 COLLATE=utf8_unicode_ci;

--
-- Dumping data for table `subject`
--

INSERT INTO `subject` (`subject_id`, `name`, `class_id`, `teacher_id`) VALUES
(1, 'ENGLISH', 1, 1),
(2, 'HINDI', 1, 2),
(3, 'MATHS', 1, 1),
(4, 'GEO', 1, 4);

-- --------------------------------------------------------

--
-- Table structure for table `tam_country`
--

CREATE TABLE `tam_country` (
  `country_id` int(11) NOT NULL,
  `name` varchar(128) NOT NULL,
  `iso_code_2` varchar(2) NOT NULL,
  `iso_code_3` varchar(3) NOT NULL,
  `address_format` text NOT NULL,
  `postcode_required` tinyint(1) NOT NULL,
  `status` tinyint(1) NOT NULL DEFAULT '1'
) ENGINE=MyISAM DEFAULT CHARSET=utf8;

--
-- Dumping data for table `tam_country`
--

INSERT INTO `tam_country` (`country_id`, `name`, `iso_code_2`, `iso_code_3`, `address_format`, `postcode_required`, `status`) VALUES
(1, 'Afghanistan', 'AF', '', '', 0, 1),
(2, 'Albania', 'AL', '', '', 0, 1),
(3, 'Algeria', 'DZ', '', '', 0, 1),
(4, 'American Samoa', 'AS', '', '', 0, 1),
(5, 'Andorra', 'AD', '', '', 0, 1),
(6, 'Angola', 'AO', '', '', 0, 1),
(7, 'Anguilla', 'AI', '', '', 0, 1),
(8, 'Antarctica', 'AQ', '', '', 0, 1),
(9, 'Antigua and Barbuda', 'AG', '', '', 0, 1),
(10, 'Argentina', 'AR', '', '', 0, 1),
(11, 'Armenia', 'AM', '', '', 0, 1),
(12, 'Aruba', 'AW', '', '', 0, 1),
(13, 'Australia', 'AU', '', '', 0, 1),
(14, 'Austria', 'AT', '', '', 0, 1),
(15, 'Azerbaijan', 'AZ', '', '', 0, 1),
(16, 'Bahamas', 'BS', '', '', 0, 1),
(17, 'Bahrain', 'BH', '', '', 0, 1),
(18, 'Bangladesh', 'BD', '', '', 0, 1),
(19, 'Barbados', 'BB', '', '', 0, 1),
(20, 'Belarus', 'BY', '', '', 0, 1),
(21, 'Belgium', 'BE', '', '', 0, 1),
(22, 'Belize', 'BZ', '', '', 0, 1),
(23, 'Benin', 'BJ', '', '', 0, 1),
(24, 'Bermuda', 'BM', '', '', 0, 1),
(25, 'Bhutan', 'BT', '', '', 0, 1),
(26, 'Bolivia', 'BO', '', '', 0, 1),
(27, 'Bosnia and Herzegovina', 'BA', '', '', 0, 1),
(28, 'Botswana', 'BW', '', '', 0, 1),
(29, 'Bouvet Island', 'BV', '', '', 0, 1),
(30, 'Brazil', 'BR', '', '', 0, 1),
(31, 'British Indian Ocean Territory', 'IO', '', '', 0, 1),
(32, 'Brunei Darussalam', 'BN', '', '', 0, 1),
(33, 'Bulgaria', 'BG', '', '', 0, 1),
(34, 'Burkina Faso', 'BF', '', '', 0, 1),
(35, 'Burundi', 'BI', '', '', 0, 1),
(36, 'Cambodia', 'KH', '', '', 0, 1),
(37, 'Cameroon', 'CM', '', '', 0, 1),
(38, 'Canada', 'CA', '', '', 0, 1),
(39, 'Cape Verde', 'CV', '', '', 0, 1),
(40, 'Cayman Islands', 'KY', '', '', 0, 1),
(41, 'Central African Republic', 'CF', '', '', 0, 1),
(42, 'Chad', 'TD', '', '', 0, 1),
(43, 'Chile', 'CL', '', '', 0, 1),
(44, 'China', 'CN', '', '', 0, 1),
(45, 'Christmas Island', 'CX', '', '', 0, 1),
(46, 'Cocos (Keeling) Islands', 'CC', '', '', 0, 1),
(47, 'Colombia', 'CO', '', '', 0, 1),
(48, 'Comoros', 'KM', '', '', 0, 1),
(49, 'Congo', 'CG', '', '', 0, 1),
(50, 'Cook Islands', 'CK', '', '', 0, 1),
(51, 'Costa Rica', 'CR', '', '', 0, 1),
(52, 'Cote D\'Ivoire', 'CI', '', '', 0, 1),
(53, 'Croatia', 'HR', '', '', 0, 1),
(54, 'Cuba', 'CU', '', '', 0, 1),
(55, 'Cyprus', 'CY', '', '', 0, 1),
(56, 'Czech Republic', 'CZ', '', '', 0, 1),
(57, 'Denmark', 'DK', '', '', 0, 1),
(58, 'Djibouti', 'DJ', '', '', 0, 1),
(59, 'Dominica', 'DM', '', '', 0, 1),
(60, 'Dominican Republic', 'DO', '', '', 0, 1),
(61, 'East Timor', 'TL', '', '', 0, 1),
(62, 'Ecuador', 'EC', '', '', 0, 1),
(63, 'Egypt', 'EG', '', '', 0, 1),
(64, 'El Salvador', 'SV', '', '', 0, 1),
(65, 'Equatorial Guinea', 'GQ', '', '', 0, 1),
(66, 'Eritrea', 'ER', '', '', 0, 1),
(67, 'Estonia', 'EE', '', '', 0, 1),
(68, 'Ethiopia', 'ET', '', '', 0, 1),
(69, 'Falkland Islands (Malvinas)', 'FK', '', '', 0, 1),
(70, 'Faroe Islands', 'FO', '', '', 0, 1),
(71, 'Fiji', 'FJ', '', '', 0, 1),
(72, 'Finland', 'FI', '', '', 0, 1),
(74, 'France, Metropolitan', 'FR', '', '', 0, 1),
(75, 'French Guiana', 'GF', '', '', 0, 1),
(76, 'French Polynesia', 'PF', '', '', 0, 1),
(77, 'French Southern Territories', 'TF', '', '', 0, 1),
(78, 'Gabon', 'GA', '', '', 0, 1),
(79, 'Gambia', 'GM', '', '', 0, 1),
(80, 'Georgia', 'GE', '', '', 0, 1),
(81, 'Germany', 'DE', '', '', 0, 1),
(82, 'Ghana', 'GH', '', '', 0, 1),
(83, 'Gibraltar', 'GI', '', '', 0, 1),
(84, 'Greece', 'GR', '', '', 0, 1),
(85, 'Greenland', 'GL', '', '', 0, 1),
(86, 'Grenada', 'GD', '', '', 0, 1),
(87, 'Guadeloupe', 'GP', '', '', 0, 1),
(88, 'Guam', 'GU', '', '', 0, 1),
(89, 'Guatemala', 'GT', '', '', 0, 1),
(90, 'Guinea', 'GN', '', '', 0, 1),
(91, 'Guinea-Bissau', 'GW', '', '', 0, 1),
(92, 'Guyana', 'GY', '', '', 0, 1),
(93, 'Haiti', 'HT', '', '', 0, 1),
(94, 'Heard and Mc Donald Islands', 'HM', '', '', 0, 1),
(95, 'Honduras', 'HN', '', '', 0, 1),
(96, 'Hong Kong', 'HK', '', '', 0, 1),
(97, 'Hungary', 'HU', '', '', 0, 1),
(98, 'Iceland', 'IS', '', '', 0, 1),
(99, 'India', 'IN', '', '', 0, 1),
(100, 'Indonesia', 'ID', '', '', 0, 1),
(101, 'Iran (Islamic Republic of)', 'IR', '', '', 0, 1),
(102, 'Iraq', 'IQ', '', '', 0, 1),
(103, 'Ireland', 'IE', '', '', 0, 1),
(104, 'Israel', 'IL', '', '', 0, 1),
(105, 'Italy', 'IT', '', '', 0, 1),
(106, 'Jamaica', 'JM', '', '', 0, 1),
(107, 'Japan', 'JP', '', '', 0, 1),
(108, 'Jordan', 'JO', '', '', 0, 1),
(109, 'Kazakhstan', 'KZ', '', '', 0, 1),
(110, 'Kenya', 'KE', '', '', 0, 1),
(111, 'Kiribati', 'KI', '', '', 0, 1),
(112, 'North Korea', 'KP', '', '', 0, 1),
(113, 'Korea, Republic of', 'KR', '', '', 0, 1),
(114, 'Kuwait', 'KW', '', '', 0, 1),
(115, 'Kyrgyzstan', 'KG', '', '', 0, 1),
(116, 'Lao People\'s Democratic Republic', 'LA', '', '', 0, 1),
(117, 'Latvia', 'LV', '', '', 0, 1),
(118, 'Lebanon', 'LB', '', '', 0, 1),
(119, 'Lesotho', 'LS', '', '', 0, 1),
(120, 'Liberia', 'LR', '', '', 0, 1),
(121, 'Libyan Arab Jamahiriya', 'LY', '', '', 0, 1),
(122, 'Liechtenstein', 'LI', '', '', 0, 1),
(123, 'Lithuania', 'LT', '', '', 0, 1),
(124, 'Luxembourg', 'LU', '', '', 0, 1),
(125, 'Macau', 'MO', '', '', 0, 1),
(126, 'FYROM', 'MK', '', '', 0, 1),
(127, 'Madagascar', 'MG', '', '', 0, 1),
(128, 'Malawi', 'MW', '', '', 0, 1),
(129, 'Malaysia', 'MY', '', '', 0, 1),
(130, 'Maldives', 'MV', '', '', 0, 1),
(131, 'Mali', 'ML', '', '', 0, 1),
(132, 'Malta', 'MT', '', '', 0, 1),
(133, 'Marshall Islands', 'MH', '', '', 0, 1),
(134, 'Martinique', 'MQ', '', '', 0, 1),
(135, 'Mauritania', 'MR', '', '', 0, 1),
(136, 'Mauritius', 'MU', '', '', 0, 1),
(137, 'Mayotte', 'YT', '', '', 0, 1),
(138, 'Mexico', 'MX', '', '', 0, 1),
(139, 'Micronesia, Federated States of', 'FM', '', '', 0, 1),
(140, 'Moldova, Republic of', 'MD', '', '', 0, 1),
(141, 'Monaco', 'MC', '', '', 0, 1),
(142, 'Mongolia', 'MN', '', '', 0, 1),
(143, 'Montserrat', 'MS', '', '', 0, 1),
(144, 'Morocco', 'MA', '', '', 0, 1),
(145, 'Mozambique', 'MZ', '', '', 0, 1),
(146, 'Myanmar', 'MM', '', '', 0, 1),
(147, 'Namibia', 'NA', '', '', 0, 1),
(148, 'Nauru', 'NR', '', '', 0, 1),
(149, 'Nepal', 'NP', '', '', 0, 1),
(150, 'Netherlands', 'NL', '', '', 0, 1),
(151, 'Netherlands Antilles', 'AN', '', '', 0, 1),
(152, 'New Caledonia', 'NC', '', '', 0, 1),
(153, 'New Zealand', 'NZ', '', '', 0, 1),
(154, 'Nicaragua', 'NI', '', '', 0, 1),
(155, 'Niger', 'NE', '', '', 0, 1),
(156, 'Nigeria', 'NG', '', '', 0, 1),
(157, 'Niue', 'NU', '', '', 0, 1),
(158, 'Norfolk Island', 'NF', '', '', 0, 1),
(159, 'Northern Mariana Islands', 'MP', '', '', 0, 1),
(160, 'Norway', 'NO', '', '', 0, 1),
(161, 'Oman', 'OM', '', '', 0, 1),
(162, 'Pakistan', 'PK', '', '', 0, 1),
(163, 'Palau', 'PW', '', '', 0, 1),
(164, 'Panama', 'PA', '', '', 0, 1),
(165, 'Papua New Guinea', 'PG', '', '', 0, 1),
(166, 'Paraguay', 'PY', '', '', 0, 1),
(167, 'Peru', 'PE', '', '', 0, 1),
(168, 'Philippines', 'PH', '', '', 0, 1),
(169, 'Pitcairn', 'PN', '', '', 0, 1),
(170, 'Poland', 'PL', '', '', 0, 1),
(171, 'Portugal', 'PT', '', '', 0, 1),
(172, 'Puerto Rico', 'PR', '', '', 0, 1),
(173, 'Qatar', 'QA', '', '', 0, 1),
(174, 'Reunion', 'RE', '', '', 0, 1),
(175, 'Romania', 'RO', '', '', 0, 1),
(176, 'Russian Federation', 'RU', '', '', 0, 1),
(177, 'Rwanda', 'RW', '', '', 0, 1),
(178, 'Saint Kitts and Nevis', 'KN', '', '', 0, 1),
(179, 'Saint Lucia', 'LC', '', '', 0, 1),
(180, 'Saint Vincent and the Grenadines', 'VC', '', '', 0, 1),
(181, 'Samoa', 'WS', '', '', 0, 1),
(182, 'San Marino', 'SM', '', '', 0, 1),
(183, 'Sao Tome and Principe', 'ST', '', '', 0, 1),
(184, 'Saudi Arabia', 'SA', '', '', 0, 1),
(185, 'Senegal', 'SN', '', '', 0, 1),
(186, 'Seychelles', 'SC', '', '', 0, 1),
(187, 'Sierra Leone', 'SL', '', '', 0, 1),
(188, 'Singapore', 'SG', '', '', 0, 1),
(189, 'Slovak Republic', 'SK', '', '', 0, 1),
(190, 'Slovenia', 'SI', '', '', 0, 1),
(191, 'Solomon Islands', 'SB', '', '', 0, 1),
(192, 'Somalia', 'SO', '', '', 0, 1),
(193, 'South Africa', 'ZA', '', '', 0, 1),
(194, 'South Georgia &amp; South Sandwich Islands', 'GS', '', '', 0, 1),
(195, 'Spain', 'ES', '', '', 0, 1),
(196, 'Sri Lanka', 'LK', '', '', 0, 1),
(197, 'St. Helena', 'SH', '', '', 0, 1),
(198, 'St. Pierre and Miquelon', 'PM', '', '', 0, 1),
(199, 'Sudan', 'SD', '', '', 0, 1),
(200, 'Suriname', 'SR', '', '', 0, 1),
(201, 'Svalbard and Jan Mayen Islands', 'SJ', '', '', 0, 1),
(202, 'Swaziland', 'SZ', '', '', 0, 1),
(203, 'Sweden', 'SE', '', '', 0, 1),
(204, 'Switzerland', 'CH', '', '', 0, 1),
(205, 'Syrian Arab Republic', 'SY', '', '', 0, 1),
(206, 'Taiwan', 'TW', '', '', 0, 1),
(207, 'Tajikistan', 'TJ', '', '', 0, 1),
(208, 'Tanzania, United Republic of', 'TZ', '', '', 0, 1),
(209, 'Thailand', 'TH', '', '', 0, 1),
(210, 'Togo', 'TG', '', '', 0, 1),
(211, 'Tokelau', 'TK', '', '', 0, 1),
(212, 'Tonga', 'TO', '', '', 0, 1),
(213, 'Trinidad and Tobago', 'TT', '', '', 0, 1),
(214, 'Tunisia', 'TN', '', '', 0, 1),
(215, 'Turkey', 'TR', '', '', 0, 1),
(216, 'Turkmenistan', 'TM', '', '', 0, 1),
(217, 'Turks and Caicos Islands', 'TC', '', '', 0, 1),
(218, 'Tuvalu', 'TV', '', '', 0, 1),
(219, 'Uganda', 'UG', '', '', 0, 1),
(220, 'Ukraine', 'UA', '', '', 0, 1),
(221, 'United Arab Emirates', 'AE', '', '', 0, 1),
(222, 'United Kingdom', 'GB', '', '', 0, 1),
(223, 'United States', 'US', '', '', 0, 1),
(224, 'United States Minor Outlying Islands', 'UM', '', '', 0, 1),
(225, 'Uruguay', 'UY', '', '', 0, 1),
(226, 'Uzbekistan', 'UZ', '', '', 0, 1),
(227, 'Vanuatu', 'VU', '', '', 0, 1),
(228, 'Vatican City State (Holy See)', 'VA', '', '', 0, 1),
(229, 'Venezuela', 'VE', '', '', 0, 1),
(230, 'Viet Nam', 'VN', '', '', 0, 1),
(231, 'Virgin Islands (British)', 'VG', '', '', 0, 1),
(232, 'Virgin Islands (U.S.)', 'VI', '', '', 0, 1),
(233, 'Wallis and Futuna Islands', 'WF', '', '', 0, 1),
(234, 'Western Sahara', 'EH', '', '', 0, 1),
(235, 'Yemen', 'YE', '', '', 0, 1),
(237, 'Democratic Republic of Congo', 'CD', '', '', 0, 1),
(238, 'Zambia', 'ZM', '', '', 0, 1),
(239, 'Zimbabwe', 'ZW', '', '', 0, 1),
(240, 'Jersey', 'JE', '', '', 0, 1),
(241, 'Guernsey', 'GG', '', '', 0, 1),
(242, 'Montenegro', 'ME', '', '', 0, 1),
(243, 'Serbia', 'RS', '', '', 0, 1),
(244, 'Aaland Islands', 'AX', '', '', 0, 1),
(245, 'Bonaire, Sint Eustatius and Saba', 'BQ', '', '', 0, 1),
(246, 'Curacao', 'CW', '', '', 0, 1),
(247, 'Palestinian Territory, Occupied', 'PS', '', '', 0, 1),
(248, 'South Sudan', 'SS', '', '', 0, 1),
(249, 'St. Barthelemy', 'BL', '', '', 0, 1),
(250, 'St. Martin (French part)', 'MF', '', '', 0, 1),
(251, 'Canary Islands', 'IC', '', '', 0, 1);

-- --------------------------------------------------------

--
-- Table structure for table `tasks`
--

CREATE TABLE `tasks` (
  `task_id` int(11) NOT NULL,
  `task_title` varchar(100) NOT NULL,
  `task_description` varchar(225) NOT NULL,
  `task_start_date` date NOT NULL,
  `task_end_date` date NOT NULL,
  `task_status` varchar(10) NOT NULL,
  `task_user_type` varchar(100) NOT NULL,
  `task_user_id` int(11) NOT NULL,
  `task_added_date` datetime NOT NULL,
  `task_modified_date` datetime NOT NULL
) ENGINE=InnoDB DEFAULT CHARSET=latin1;

--
-- Dumping data for table `tasks`
--

INSERT INTO `tasks` (`task_id`, `task_title`, `task_description`, `task_start_date`, `task_end_date`, `task_status`, `task_user_type`, `task_user_id`, `task_added_date`, `task_modified_date`) VALUES
(9, 'Me at go', '', '2014-08-29', '2014-08-30', 'completed', 'student', 104, '2014-08-28 13:42:06', '2014-08-28 14:50:03'),
(10, 'Me at go another', '', '2014-08-20', '2014-08-28', 'upcoming', 'student', 105, '2014-08-28 14:29:01', '2014-08-28 14:29:01'),
(12, 'book category', 'check the module of books category by evening', '2014-08-29', '2014-08-29', 'ongoing', 'student', 104, '2014-08-28 14:32:27', '2014-08-28 23:45:41'),
(14, '11', '1111', '2014-08-02', '2014-08-09', 'upcoming', 'student', 104, '2014-08-28 23:46:19', '2014-09-03 07:48:58'),
(15, 'szdfszdf', 'xdgxgxdg', '2014-09-06', '2014-09-08', 'ongoing', 'student', 104, '2014-09-06 08:39:08', '2014-09-06 08:39:08'),
(16, 'kil bill', 'knknnjn', '2014-10-15', '2014-10-16', 'ongoing', 'student', 187, '2014-10-15 14:34:01', '2014-10-15 14:34:01'),
(17, 'slip test preperation', 'prepation', '2014-12-13', '2014-12-15', 'ongoing', 'student', 105, '2014-12-13 06:06:22', '2014-12-13 06:06:22'),
(18, 'Test', 'Test', '2014-12-30', '2014-12-31', 'completed', 'student', 41, '2014-12-30 09:48:58', '2014-12-30 09:49:14'),
(19, 'Test', 'Test 123', '2014-12-01', '2015-01-21', 'ongoing', 'admin', 1, '2014-12-30 12:41:36', '2015-01-07 09:36:57'),
(20, 'swachh bharat', 'CAMP', '2015-02-02', '2015-12-01', 'upcoming', 'admin', 1, '2015-01-22 16:00:19', '2015-01-22 16:00:19'),
(21, 'Games', 'king stop', '1970-01-01', '1970-01-01', 'ongoing', 'admin', 1, '2015-01-22 16:15:55', '2015-01-22 16:15:55'),
(22, 'Annual Function', 'Event', '2015-03-02', '2015-05-02', 'upcoming', 'admin', 1, '2015-01-26 13:54:21', '2015-01-26 13:54:21'),
(24, 'Test', 'Test', '1970-01-01', '1970-01-01', 'upcoming', 'admin', 1, '2015-02-19 06:11:13', '2015-02-19 06:11:13'),
(25, 'Test', 'Test', '2015-07-16', '2015-08-07', 'upcoming', 'admin', 1, '2015-02-19 06:22:10', '2015-02-19 07:08:13'),
(26, 'Test', 'Test', '2015-02-19', '2015-02-27', 'ongoing', 'admin', 1, '2015-02-19 06:32:58', '2015-02-19 07:07:28');

-- --------------------------------------------------------

--
-- Table structure for table `tbl_examname`
--

CREATE TABLE `tbl_examname` (
  `exam_id` int(11) NOT NULL,
  `exam_name` varchar(256) NOT NULL,
  `exam_time` timestamp NOT NULL DEFAULT CURRENT_TIMESTAMP ON UPDATE CURRENT_TIMESTAMP,
  `exam_status` int(11) NOT NULL
) ENGINE=MyISAM DEFAULT CHARSET=latin1;

--
-- Dumping data for table `tbl_examname`
--

INSERT INTO `tbl_examname` (`exam_id`, `exam_name`, `exam_time`, `exam_status`) VALUES
(6, 'Unit Test', '2015-05-02 10:16:58', 0),
(3, 'Half yearly Exams', '2015-05-02 09:42:38', 0),
(4, 'Quarterly Exam', '2015-05-02 09:42:56', 0),
(5, 'Annual Exams', '2015-05-02 10:15:24', 0);

-- --------------------------------------------------------

--
-- Table structure for table `tbl_exam_timetable`
--

CREATE TABLE `tbl_exam_timetable` (
  `exam_timetable_id` int(11) NOT NULL,
  `exam_timetable_class_id` int(11) NOT NULL,
  `exam_timetable_exam_id` int(11) NOT NULL,
  `exam_timetable_duration` varchar(256) NOT NULL,
  `exam_timetable_date` date NOT NULL,
  `exam_timetable_subject_id` int(11) NOT NULL,
  `exam_timetable_status` int(11) NOT NULL
) ENGINE=InnoDB DEFAULT CHARSET=latin1;

--
-- Dumping data for table `tbl_exam_timetable`
--

INSERT INTO `tbl_exam_timetable` (`exam_timetable_id`, `exam_timetable_class_id`, `exam_timetable_exam_id`, `exam_timetable_duration`, `exam_timetable_date`, `exam_timetable_subject_id`, `exam_timetable_status`) VALUES
(1, 0, 0, '', '0000-00-00', 0, 1),
(2, 0, 0, '', '0000-00-00', 0, 1),
(3, 22, 6, '12:00 PM-2:00 PM', '2015-12-05', 238, 1),
(4, 22, 6, '12:00 PM-2:00 PM', '2015-12-05', 240, 1),
(5, 22, 6, '12:00 PM-2:00 PM', '2015-12-05', 232, 1),
(6, 22, 6, '6:00 PM-6:00 PM', '2015-11-12', 241, 1),
(7, 24, 3, '6:15 PM-6:15 PM', '2015-12-05', 233, 1),
(8, 0, 0, '11:00 PM-11:00 PM', '2015-12-12', 233, 1),
(9, 22, 5, '11:00 PM-11:00 PM', '2015-12-12', 232, 1),
(10, 22, 6, '11:00 PM-11:00 PM', '2015-12-12', 241, 1),
(11, 22, 6, '11:00 PM-11:00 PM', '2015-12-12', 240, 1),
(12, 22, 5, '9:15 PM-9:15 PM', '2015-12-02', 233, 1),
(13, 22, 5, '9:15 PM-9:15 PM', '2015-12-12', 240, 1),
(14, 32, 5, '9:45 PM-12:45 PM', '2015-12-12', 248, 1),
(15, 32, 5, '9:45 AM-12:45 PM', '2015-12-12', 273, 1),
(16, 22, 5, '9:15 AM-12:15 AM', '2015-12-12', 238, 1),
(17, 0, 0, '1:30 AM-1:30 AM', '2015-12-12', 233, 1),
(18, 0, 0, '1:30 AM-1:30 AM', '2015-12-12', 238, 1),
(19, 30, 5, '1:30 AM-1:30 AM', '2015-12-12', 233, 1),
(20, 30, 5, '1:30 AM-1:30 AM', '2015-12-12', 235, 1);

-- --------------------------------------------------------

--
-- Table structure for table `tbl_periods`
--

CREATE TABLE `tbl_periods` (
  `period_id` int(11) NOT NULL,
  `period_name` varchar(256) NOT NULL,
  `period_time` varchar(256) NOT NULL,
  `periods_sort` int(11) NOT NULL,
  `period_status` int(11) NOT NULL
) ENGINE=InnoDB DEFAULT CHARSET=latin1;

--
-- Dumping data for table `tbl_periods`
--

INSERT INTO `tbl_periods` (`period_id`, `period_name`, `period_time`, `periods_sort`, `period_status`) VALUES
(2, 'I', '9:00 AM-9:50 AM', 1, 0),
(3, 'II', '9:50 AM-10:40 AM', 2, 0),
(4, 'Interval', '10:40 AM-10:50 AM', 3, 0),
(5, 'III', '10:50 AM-11:40 AM', 4, 0),
(6, 'IV', '11:40 AM-12:30 PM', 5, 0),
(7, 'Lunch', '12:30 PM-1:30 PM', 6, 0),
(8, 'V', '1:30 PM-2:20 PM', 7, 0),
(9, 'VI', '2:20 PM-3:10 PM', 8, 0),
(10, 'Interval', '3:10 PM-4:00 PM', 9, 0),
(11, 'VII', '4:00 PM-4:40 PM', 10, 0),
(12, 'VIII', '4:40 PM-5:30 PM', 11, 0),
(15, '', '8:00 PM-8:00 PM', 0, 0);

-- --------------------------------------------------------

--
-- Table structure for table `tbl_time_table`
--

CREATE TABLE `tbl_time_table` (
  `time_table_id` int(11) NOT NULL,
  `teacher_id` int(11) NOT NULL,
  `class_id` int(11) NOT NULL,
  `subject` int(11) NOT NULL,
  `time_duration` varchar(256) NOT NULL,
  `time_table_day` int(11) NOT NULL,
  `time_table_period` varchar(256) NOT NULL,
  `time_table_order` int(11) NOT NULL,
  `status` int(11) NOT NULL
) ENGINE=InnoDB DEFAULT CHARSET=latin1;

--
-- Dumping data for table `tbl_time_table`
--

INSERT INTO `tbl_time_table` (`time_table_id`, `teacher_id`, `class_id`, `subject`, `time_duration`, `time_table_day`, `time_table_period`, `time_table_order`, `status`) VALUES
(3, 45, 22, 236, '-', 1, '2', 1, 1),
(4, 60, 22, 233, '-', 1, '', 2, 1),
(5, 0, 22, 0, '10:30am-10:50am', 1, 'Interval', 3, 1),
(6, 60, 22, 240, '-', 1, '3', 2, 1),
(7, 60, 22, 244, '11:40am-12:30pm', 1, 'IV', 5, 1),
(8, 0, 22, 0, '12:30pm-01:30pm', 1, 'Lunch', 6, 1),
(9, 60, 22, 245, '01:30pm-02:20pm', 1, 'V', 7, 1),
(11, 60, 22, 233, '02:20pm-03:10pm', 1, 'VI', 8, 1),
(12, 60, 22, 246, '03:10pm-03:20pm', 1, 'Interval', 9, 1),
(13, 60, 22, 246, '03:20pm-04:10pm', 1, 'VII', 10, 1),
(14, 60, 22, 246, '04:10pm-05:00pm', 1, 'VIII', 11, 1),
(15, 60, 22, 241, '9:00am-9:45am', 2, 'I', 1, 1),
(16, 60, 22, 232, '9:45am-10:30am', 2, 'II', 2, 1),
(17, 0, 22, 0, '10:30am-10:50am', 2, 'Interval', 3, 1),
(18, 60, 22, 243, '10:50am-11:40am', 2, 'III', 4, 1),
(19, 60, 22, 244, '11:40am-12:30pm', 2, 'IV', 5, 1),
(20, 60, 22, 245, '01:30pm-02:20pm', 2, 'V', 7, 1),
(21, 0, 22, 0, '12:30pm-01:30pm', 2, 'Lunch', 6, 1),
(22, 60, 22, 233, '02:20pm-03:10pm', 2, 'VI', 8, 1),
(23, 60, 22, 246, '03:10pm-03:20pm', 2, 'Interval', 9, 1),
(24, 60, 22, 246, '03:20pm-04:10pm', 2, 'VII', 10, 1),
(25, 60, 22, 246, '04:10pm-05:00pm', 2, 'VIII', 11, 1),
(26, 59, 24, 0, '-', 1, '4', 3, 1),
(27, 60, 0, 240, '-', 1, '5', 4, 1),
(28, 61, 22, 233, '-', 1, '5', 4, 1);

-- --------------------------------------------------------

--
-- Table structure for table `teacher`
--

CREATE TABLE `teacher` (
  `teacher_id` int(11) NOT NULL,
  `name` longtext COLLATE utf8_unicode_ci NOT NULL,
  `employee_code` varchar(100) COLLATE utf8_unicode_ci NOT NULL,
  `employee_academicyear_id` int(11) NOT NULL,
  `employee_department_id` int(11) NOT NULL,
  `birthday` longtext COLLATE utf8_unicode_ci NOT NULL,
  `sex` longtext COLLATE utf8_unicode_ci NOT NULL,
  `religion` longtext COLLATE utf8_unicode_ci NOT NULL,
  `cast` varchar(256) COLLATE utf8_unicode_ci NOT NULL,
  `blood_group` longtext COLLATE utf8_unicode_ci NOT NULL,
  `address` longtext COLLATE utf8_unicode_ci NOT NULL,
  `permanent_address` text COLLATE utf8_unicode_ci NOT NULL,
  `previous_school_name` text COLLATE utf8_unicode_ci NOT NULL,
  `subject` text COLLATE utf8_unicode_ci NOT NULL,
  `father_name` varchar(512) COLLATE utf8_unicode_ci NOT NULL,
  `father_mobile_number` varchar(512) COLLATE utf8_unicode_ci NOT NULL,
  `teacher_email` varchar(512) COLLATE utf8_unicode_ci NOT NULL,
  `phone` longtext COLLATE utf8_unicode_ci NOT NULL,
  `email` longtext COLLATE utf8_unicode_ci NOT NULL,
  `password` longtext COLLATE utf8_unicode_ci NOT NULL,
  `academic_year` varchar(20) COLLATE utf8_unicode_ci DEFAULT NULL
) ENGINE=InnoDB DEFAULT CHARSET=utf8 COLLATE=utf8_unicode_ci;

--
-- Dumping data for table `teacher`
--

INSERT INTO `teacher` (`teacher_id`, `name`, `employee_code`, `employee_academicyear_id`, `employee_department_id`, `birthday`, `sex`, `religion`, `cast`, `blood_group`, `address`, `permanent_address`, `previous_school_name`, `subject`, `father_name`, `father_mobile_number`, `teacher_email`, `phone`, `email`, `password`, `academic_year`) VALUES
(4, 'SHYAM V', 'T1002', 11, 37, '04/07/2015', 'male', '--', '--', '--', '--', '--', '--', '---', '-- --', '--', 'shyam@gmail.com', '--', 'shyam@gmail.com', '1234', NULL),
(5, 'PAVAN K', 'T1001', 2, 37, '09/07/2015', 'male', '--', '--', '--', '--', '--', '--', '--', '-- --', '--', 'teacher@gmail.com', '9989027424', 'teacher@gmail.com', '1234', NULL);

-- --------------------------------------------------------

--
-- Table structure for table `timetables`
--

CREATE TABLE `timetables` (
  `timetable_id` int(11) NOT NULL,
  `timetable_cid` int(11) NOT NULL,
  `timetable_title` varchar(100) NOT NULL,
  `timetable_content` text NOT NULL,
  `timetable_status` varchar(10) NOT NULL,
  `timetable_added_date` datetime NOT NULL,
  `timetable_modified_date` datetime NOT NULL,
  `timetable_delete` varchar(10) NOT NULL
) ENGINE=InnoDB DEFAULT CHARSET=latin1;

--
-- Dumping data for table `timetables`
--

INSERT INTO `timetables` (`timetable_id`, `timetable_cid`, `timetable_title`, `timetable_content`, `timetable_status`, `timetable_added_date`, `timetable_modified_date`, `timetable_delete`) VALUES
(1, 4, 'Exam Time 0111', '<table class=\"table table-bordered\">\n    <thead>\n        <tr>\n            <th>#</th>\n            <th>First Name</th>\n            <th>Last Name</th>\n            <th>Username</th>\n        </tr>\n    </thead>\n    <tbody>\n        <tr>\n            <td rowspan=\"2\">1</td>\n            <td>Mark</td>\n            <td>Otto</td>\n            <td>@mdo</td>\n        </tr>\n        <tr>\n            <td>Mark</td>\n            <td>Otto</td>\n            <td>@TwBootstrap</td>\n        </tr>\n        <tr>\n            <td>2</td>\n            <td>Jacob</td>\n            <td>Thornton</td>\n            <td>@fat</td>\n        </tr>\n        <tr>\n            <td>3</td>\n            <td colspan=\"2\">Larry the Bird</td>\n            <td>@twitter123</td>\n        </tr>\n    </tbody>\n</table>', 'active', '2014-09-03 12:55:26', '2014-09-26 08:18:59', 'Y'),
(2, 5, 'Exam Time 023', '<table class=\"table\">\r\n    <thead>\r\n        <tr>\r\n            <th>#</th>\r\n            <th>Product</th>\r\n            <th>Payment Taken</th>\r\n            <th>Status</th>\r\n        </tr>\r\n    </thead>\r\n    <tbody>\r\n        <tr class=\"success\">\r\n            <td>1</td>\r\n            <td>TB - Monthly</td>\r\n            <td>01/04/2012</td>\r\n            <td>Approved</td>\r\n        </tr>\r\n        <tr class=\"error\">\r\n            <td>2</td>\r\n            <td>TB - Monthly</td>\r\n            <td>02/04/2012</td>\r\n            <td>Declined</td>\r\n        </tr>\r\n        <tr class=\"warning\">\r\n            <td>3</td>\r\n            <td>TB - Monthly</td>\r\n            <td>03/04/2012</td>\r\n            <td>Pending</td>\r\n        </tr>\r\n        <tr class=\"info\">\r\n            <td>4</td>\r\n            <td>TB - Monthly</td>\r\n            <td>04/04/2012</td>\r\n            <td>Call in to confirm</td>\r\n        </tr>\r\n    </tbody>\r\n</table>', 'active', '2014-09-03 13:10:58', '2014-09-03 13:15:06', 'Y'),
(3, 4, 'Unit Test11111', '<table class=\"table\">\n    <thead>\n        <tr>\n            <th>#</th>\n            <th>Exam</th>\n            <th>Date</th>\n            <th>Time</th>\n        </tr>\n    </thead>\n    <tbody>\n        <tr class=\"success\">\n            <td>1</td>\n            <td>English</td>\n            <td>06/09/2014</td>\n            <td>&nbsp;10:00 AM</td>\n        </tr>\n        <tr class=\"error\">\n            <td>2</td>\n            <td>Telugu</td>\n            <td>07/09/2014</td>\n            <td>&nbsp;10:00 AM</td>\n        </tr>\n        <tr class=\"warning\">\n            <td>3</td>\n            <td>Hindi</td>\n            <td>08/09/2014</td>\n            <td>&nbsp;10:00 AM</td>\n        </tr>\n        <tr class=\"info\">\n            <td>\n            <p>4</p>\n            </td>\n            <td>Maths</td>\n            <td>09/09/2014</td>\n            <td>&nbsp;10:00 AM</td>\n        </tr>\n        <tr class=\"info\">\n            <td>5</td>\n            <td>Science</td>\n            <td>10/09/2014</td>\n            <td>&nbsp;10:00 AM</td>\n        </tr>\n        <tr class=\"info\">\n            <td>6</td>\n            <td>Social</td>\n            <td>11/09/2014</td>\n            <td>&nbsp;10:00 AM</td>\n        </tr>\n    </tbody>\n</table>\n<p>&nbsp;</p>', 'active', '2014-09-03 11:54:13', '2015-01-26 11:49:08', 'N'),
(4, 4, 'Exam Time 00023', '<table class=\"table\">\n    <thead>\n        <tr>\n            <th>#</th>\n            <th>Product</th>\n            <th>Payment Taken</th>\n            <th>Status</th>\n        </tr>\n    </thead>\n    <tbody>\n        <tr class=\"success\">\n            <td>1</td>\n            <td>TB - Monthly</td>\n            <td>01/04/2012</td>\n            <td>Approved</td>\n        </tr>\n        <tr class=\"error\">\n            <td>2</td>\n            <td>TB - Monthly</td>\n            <td>02/04/2012</td>\n            <td>Declined</td>\n        </tr>\n        <tr class=\"warning\">\n            <td>3</td>\n            <td>TB - Monthly</td>\n            <td>03/04/2012</td>\n            <td>Pending</td>\n        </tr>\n        <tr class=\"info\">\n            <td>4</td>\n            <td>TB - Monthly</td>\n            <td>04/04/2012</td>\n            <td>Call in to confirm</td>\n        </tr>\n    </tbody>\n</table>', 'active', '2014-09-03 11:55:42', '2014-09-26 08:22:50', 'Y'),
(5, 5, 'Sports Time Table To All Classes', '<table class=\"table\">\r\n    <thead>\r\n        <tr>\r\n            <th>#</th>\r\n            <th>1st Class</th>\r\n            <th>2nd Class&nbsp;</th>\r\n            <th>3rd Class</th>\r\n            <th>4th Class</th>\r\n            <th>5th Class</th>\r\n            <th>6th Class</th>\r\n        </tr>\r\n    </thead>\r\n    <tbody>\r\n        <tr class=\"info\">\r\n            <td>1</td>\r\n            <td>6,7 th Hours</td>\r\n            <td>7,8 Hours</td>\r\n            <td>8 th hour</td>\r\n            <td>7th Hour</td>\r\n            <td>7 th hour&nbsp;</td>\r\n            <td>8 th hour</td>\r\n        </tr>\r\n    </tbody>\r\n</table>\r\n<p>&nbsp;</p>', 'active', '2014-09-03 11:56:25', '2016-05-12 11:51:19', 'N'),
(6, 5, 'Sport 00025', '<p class=\"MsoNormal\">Features in Tam 2.0 <o:p></o:p></p>\n<p class=\"MsoListParagraphCxSpFirst\"  level1 lfo1\">&lt;!--[if !supportLists]--&gt;1)<span  7pt;\">&nbsp;&nbsp;&nbsp;&nbsp;&nbsp; </span>&lt;!--[endif]--&gt;Admission<o:p></o:p></p>\n<p class=\"MsoListParagraphCxSpMiddle\">Add a student<o:p></o:p></p>\n<p class=\"MsoListParagraphCxSpMiddle\">Add a teacher.<o:p></o:p></p>\n<p class=\"MsoListParagraphCxSpMiddle\">View student list <o:p></o:p></p>\n<p class=\"MsoListParagraphCxSpLast\">View teacher list&nbsp;<o:p></o:p></p>', 'active', '2014-09-03 11:57:40', '2014-09-26 08:30:09', 'Y'),
(7, 4, 'Unit Test 2', '<p>6 th Class&nbsp;</p>\n<p>English &nbsp; &nbsp; &nbsp; 06/10/2014 &nbsp; &nbsp; &nbsp;10:00 AM</p>\n<p>Telugu &nbsp; &nbsp; &nbsp; &nbsp;07/10/2014 &nbsp; &nbsp; &nbsp;10:00 AM</p>\n<p>Hindi &nbsp; &nbsp; &nbsp; &nbsp; &nbsp; 08/10/2014 &nbsp; &nbsp; &nbsp;10:00 AM</p>\n<p>Maths &nbsp; &nbsp; &nbsp; &nbsp; &nbsp;09/10/2014 &nbsp; &nbsp; &nbsp;10:00 AM</p>\n<p>Science &nbsp; &nbsp; &nbsp; 10/10/2014 &nbsp; &nbsp; &nbsp;10:00 AM</p>\n<p>Social &nbsp; &nbsp; &nbsp; &nbsp; &nbsp; 11/10/2014 &nbsp; &nbsp; &nbsp;10:00 AM &nbsp;</p>', 'active', '2014-09-26 08:17:28', '2014-09-26 08:22:40', 'Y'),
(8, 6, '10 th Class Time Table', '<p>&nbsp;</p>\r\n<table width=\"200\" cellspacing=\"1\" cellpadding=\"1\" border=\"1\">\r\n    <caption>10 th Class Time Table</caption>\r\n    <tbody>\r\n        <tr>\r\n            <td>&nbsp;</td>\r\n            <td>10:00 to 11:00</td>\r\n            <td>11:00 to 12:00</td>\r\n            <td>12:00 to 1:00</td>\r\n            <td>Lunch Break(01:00 to 01:30)</td>\r\n            <td>01:30 to 02:15</td>\r\n            <td>02:15to 03:00</td>\r\n            <td>03:00 to 04:00</td>\r\n            <td>04:00 to 05:00</td>\r\n        </tr>\r\n        <tr>\r\n            <td>Monday</td>\r\n            <td>English</td>\r\n            <td>Maths</td>\r\n            <td>Telugu</td>\r\n            <td>&nbsp;</td>\r\n            <td>Science</td>\r\n            <td>Social</td>\r\n            <td>Hindi</td>\r\n            <td>Sports</td>\r\n        </tr>\r\n        <tr>\r\n            <td>Tuesday</td>\r\n            <td>Telugu</td>\r\n            <td>Science</td>\r\n            <td>Maths</td>\r\n            <td>&nbsp;</td>\r\n            <td>English&nbsp;</td>\r\n            <td>Telugu</td>\r\n            <td>Hindi</td>\r\n            <td>Sports</td>\r\n        </tr>\r\n        <tr>\r\n            <td>Wednesday</td>\r\n            <td>Maths</td>\r\n            <td>Telugu</td>\r\n            <td>Science</td>\r\n            <td>&nbsp;</td>\r\n            <td>Hindi</td>\r\n            <td>English</td>\r\n            <td>Social</td>\r\n            <td>Sports</td>\r\n        </tr>\r\n        <tr>\r\n            <td>Thursday</td>\r\n            <td>Science</td>\r\n            <td>English</td>\r\n            <td>Social</td>\r\n            <td>&nbsp;</td>\r\n            <td>Maths</td>\r\n            <td>Hindi</td>\r\n            <td>Telugu</td>\r\n            <td>Sports</td>\r\n        </tr>\r\n        <tr>\r\n            <td>Friday</td>\r\n            <td>Social</td>\r\n            <td>Hindi</td>\r\n            <td>?English<a id=\"fck_paste_padding\">?</a></td>\r\n            <td>&nbsp;</td>\r\n            <td>Science</td>\r\n            <td>Telugu</td>\r\n            <td>Maths</td>\r\n            <td>Sports</td>\r\n        </tr>\r\n        <tr>\r\n            <td>Saturday</td>\r\n            <td>Hindi</td>\r\n            <td>Social</td>\r\n            <td>Science</td>\r\n            <td>&nbsp;</td>\r\n            <td>Maths</td>\r\n            <td>English</td>\r\n            <td>Telugu</td>\r\n            <td>Sports</td>\r\n        </tr>\r\n    </tbody>\r\n</table>\r\n<p>&nbsp;</p>', 'inactive', '2014-09-26 08:45:45', '2015-01-08 10:42:24', 'N'),
(10, 9, '7th time', '<p>xsedtf</p>', 'active', '2014-12-15 16:45:03', '2015-01-08 10:41:58', 'Y'),
(11, 4, 'Mahesh', '<p>asdflkj lasdjf l</p>\r\n<p>&nbsp;</p>', 'active', '2015-01-08 10:22:11', '2015-01-08 10:22:11', 'N'),
(12, 4, 'Mahesh', '<p>l lasdjf lasdjflasdf jl jasldf </p>', 'active', '2015-01-08 11:06:19', '2015-01-08 11:06:19', 'N'),
(13, 4, 'Mahesh', '<p>asdf lasdfj lasdf j</p>', 'active', '2015-01-08 11:07:34', '2015-01-08 11:08:32', 'Y'),
(14, 4, 'Testing0101', '<p>mahesh is my best friend...</p>', 'active', '2015-01-08 11:15:23', '2015-01-08 11:15:23', 'N'),
(15, 6, 'ff', '<p>f</p>', 'active', '2015-01-21 06:58:41', '2016-02-23 06:27:57', 'N'),
(16, 0, '', '', '', '2015-01-23 15:15:51', '2015-01-23 15:15:51', 'N'),
(17, 15, 'Btech CSE', '<p>&nbsp;nov 1</p>\n<p>nov 3&nbsp;</p>\n<p>nov 5</p>', 'active', '2015-02-12 07:59:01', '2015-02-12 07:59:01', 'N'),
(18, 4, '7TH CLASS EXAM QUARTERLY ', '<p>&nbsp;</p>\n<table width=\"200\" border=\"1\" cellpadding=\"1\" cellspacing=\"1\">\n    <tbody>\n        <tr>\n            <td>DATE 12/04.2015&nbsp;</td>\n            <td>EXAM TIME&nbsp;</td>\n            <td>EXAM HALL&nbsp;</td>\n        </tr>\n        <tr>\n            <td>ENGLISH&nbsp;</td>\n            <td>10.AM TO 12.PM&nbsp;</td>\n            <td>SGSGGSGSG</td>\n        </tr>\n        <tr>\n            <td>FSGSG</td>\n            <td>SGSGSG</td>\n            <td>GSGSG</td>\n        </tr>\n        <tr>\n            <td>&nbsp;</td>\n            <td>&nbsp;</td>\n            <td>&nbsp;</td>\n        </tr>\n    </tbody>\n</table>\n<p>&nbsp;</p>', 'active', '2015-02-14 09:41:10', '2015-04-04 11:31:26', 'Y'),
(19, 4, 'TimeTable', '<p>Tuesday : Maths</p>\n<p>Wednesday : science&nbsp;</p>\n<p>thursday : Social&nbsp;</p>\n<p>Friday : Biology</p>', 'active', '2015-02-18 19:20:33', '2015-02-18 19:20:33', 'N'),
(20, 6, 'DANCE', '<p>DANCE MUST</p>', 'active', '2015-04-04 11:30:52', '2015-04-04 11:30:52', 'N'),
(21, 6, 'LKG', '<p>&nbsp;Time table for class</p>', 'active', '2015-10-24 04:44:50', '2015-10-24 04:44:50', 'N'),
(22, 5, 'Sports Routine', '', 'active', '2016-02-18 06:05:31', '2016-02-18 06:05:31', 'N'),
(23, 6, 'Change', '<p>&nbsp;English</p>\r\n<p>Maths</p>\r\n<p>Geography</p>', 'active', '2016-02-23 06:28:42', '2016-02-23 06:28:42', 'N'),
(24, 6, 'LKG', '', 'active', '2016-05-09 11:51:42', '2016-05-09 11:51:42', 'N');

-- --------------------------------------------------------

--
-- Table structure for table `timetable_categories`
--

CREATE TABLE `timetable_categories` (
  `timetable_category_id` int(11) NOT NULL,
  `timetable_category_name` varchar(100) NOT NULL,
  `timetable_category_status` varchar(10) NOT NULL,
  `timetable_category_added_date` datetime NOT NULL,
  `timetable_category_modified_date` datetime NOT NULL
) ENGINE=InnoDB DEFAULT CHARSET=latin1;

--
-- Dumping data for table `timetable_categories`
--

INSERT INTO `timetable_categories` (`timetable_category_id`, `timetable_category_name`, `timetable_category_status`, `timetable_category_added_date`, `timetable_category_modified_date`) VALUES
(4, 'Examinations Time Table', 'active', '2014-08-30 13:58:11', '2015-06-29 01:13:02'),
(5, 'Sports Time Table', 'active', '2014-09-03 11:56:05', '2016-02-18 06:06:04'),
(6, 'Class Time Table', 'active', '2014-09-26 08:30:44', '2014-11-06 12:46:34'),
(7, 'Summer Time Table', 'inactive', '2014-11-26 14:02:41', '2015-01-08 11:13:39'),
(11, 'Mahesh0910', 'inactive', '2015-01-08 11:10:40', '2015-01-17 02:45:19'),
(13, 'Holidays', 'active', '2015-01-20 14:37:51', '2015-01-20 14:37:51'),
(14, 'Holidays', 'active', '2015-01-20 14:38:00', '2015-01-20 14:38:00'),
(15, 'MID EXAM TIME TABLE', 'active', '2015-01-21 10:05:33', '2015-01-21 10:05:33'),
(16, 'Holidays', 'active', '2015-01-30 11:00:07', '2015-01-30 11:00:07'),
(17, 'DANCE', 'active', '2015-04-04 11:32:12', '2015-04-04 11:32:12');

-- --------------------------------------------------------

--
-- Table structure for table `transport`
--

CREATE TABLE `transport` (
  `transport_id` int(11) NOT NULL,
  `route_name` longtext COLLATE utf8_unicode_ci NOT NULL,
  `number_of_vehicle` longtext COLLATE utf8_unicode_ci NOT NULL,
  `start_point` varchar(100) COLLATE utf8_unicode_ci NOT NULL,
  `start_time` varchar(100) COLLATE utf8_unicode_ci NOT NULL,
  `seating_capacity` int(11) NOT NULL,
  `description` longtext COLLATE utf8_unicode_ci NOT NULL,
  `route_fare` longtext COLLATE utf8_unicode_ci NOT NULL,
  `driver_name` varchar(100) COLLATE utf8_unicode_ci NOT NULL,
  `driver_phone_no` varchar(100) COLLATE utf8_unicode_ci NOT NULL,
  `driver_address` text COLLATE utf8_unicode_ci NOT NULL
) ENGINE=MyISAM DEFAULT CHARSET=utf8 COLLATE=utf8_unicode_ci;

--
-- Dumping data for table `transport`
--

INSERT INTO `transport` (`transport_id`, `route_name`, `number_of_vehicle`, `start_point`, `start_time`, `seating_capacity`, `description`, `route_fare`, `driver_name`, `driver_phone_no`, `driver_address`) VALUES
(1, 'H.O TO AN', '9500', 'H.O', 'AN', 30, '', '', 'Hanumant', '9874563210', 'Thane'),
(2, 'Velachery', 'TN22AW1034', 'Adambakkam', '8.15 a.m', 25, '', '', 'Kasinathan', '8525085119', 'Chennai');

-- --------------------------------------------------------

--
-- Table structure for table `transport_points`
--

CREATE TABLE `transport_points` (
  `pid` int(11) NOT NULL,
  `ppoint` varchar(100) NOT NULL,
  `plmark` varchar(100) NOT NULL,
  `ptime` varchar(10) NOT NULL,
  `prid` int(11) NOT NULL
) ENGINE=InnoDB DEFAULT CHARSET=latin1;

--
-- Dumping data for table `transport_points`
--

INSERT INTO `transport_points` (`pid`, `ppoint`, `plmark`, `ptime`, `prid`) VALUES
(8, 'Ammerpet', 'Big Bazar', '08:45 Am', 4),
(11, 'Ammerpet', 'Big Bazar', '08:45 Am', 6),
(12, 'mamaldf jalsdf ', 'alfd asdlfja slf', 'aldfj alsd', 8),
(13, 'UPPAL', 'RING ROAD', '8:30', 10),
(14, 'Tarnaka', 'hero honda shoroom', '8:45', 10),
(15, 'UPPAL', 'RING ROAD', '8:30', 10),
(16, 'Tarnaka', 'RING ROAD', '8:45', 9),
(17, 'ECIL', 'BUS STOP', '8:30', 12),
(18, 'ESI', 'hospital', '8:45', 12),
(19, 'UPPAL', 'BUS STOP', '8:30', 12),
(20, 'pune', 'pune bustop ', '7.30', 10),
(21, 'ram1 juntion ', 'ram theratere', '8.30 ', 13),
(22, 'Saptagiri', 'SBH ', '8.10 am', 14),
(23, 'NN', 'JJJJ', '12', 15),
(24, 'XC', 'CC', 'CCC', 15),
(25, 'Plot No 919, Ushodaya Signature', 'Andhra Pradesh', '7:45AM', 10),
(26, 'balaji colony', 'india', '7.00', 10),
(27, 'RANIGUNTA', 'OPP SRINIVASAM', '10:45 am', 10),
(28, 'ABC', 'OPP SRINIVASAM', '10:50 AM', 10),
(29, 'SR NAGAR', 'OPP BUS STOP', '9:00 AM', 6),
(30, 'khairatabad', 'near icici bank', '9.00', 6),
(33, 'STOP 1', 'BUS STOP', '8:15 AM', 2),
(34, 'STOP 2', 'BUS STOP', '8:30 AM', 2),
(35, 'STOP 1', 'BUS STOP', '8:15 AM', 1),
(36, 'STOP 2', 'BUS STOP', '8:30 AM', 1);

-- --------------------------------------------------------

--
-- Table structure for table `tuition_fee`
--

CREATE TABLE `tuition_fee` (
  `rec_id` int(11) NOT NULL,
  `class_id` int(11) NOT NULL,
  `student_id` int(11) NOT NULL,
  `amount` int(11) NOT NULL,
  `created_at` timestamp NOT NULL DEFAULT CURRENT_TIMESTAMP
) ENGINE=InnoDB DEFAULT CHARSET=latin1;

-- --------------------------------------------------------

--
-- Table structure for table `tution`
--

CREATE TABLE `tution` (
  `rec_id` int(11) NOT NULL,
  `class_id` int(11) NOT NULL,
  `student_id` int(11) NOT NULL,
  `amount` int(11) NOT NULL,
  `created_at` timestamp NOT NULL DEFAULT CURRENT_TIMESTAMP
) ENGINE=InnoDB DEFAULT CHARSET=latin1;

-- --------------------------------------------------------

--
-- Table structure for table `workingdays`
--

CREATE TABLE `workingdays` (
  `work_id` int(11) NOT NULL,
  `total_days` int(11) NOT NULL,
  `month` varchar(255) NOT NULL
) ENGINE=InnoDB DEFAULT CHARSET=latin1;

--
-- Dumping data for table `workingdays`
--

INSERT INTO `workingdays` (`work_id`, `total_days`, `month`) VALUES
(1, 25, 'JAN'),
(2, 20, 'FEB'),
(3, 256, 'MAR'),
(4, 24, 'APR'),
(5, 23, 'MAY'),
(6, 15, 'JUN'),
(7, 24, 'JUL'),
(8, 27, 'AUG'),
(9, 18, 'SEP'),
(10, 25, 'OCT'),
(11, 23, 'NOV'),
(12, 27, 'DEC');

--
-- Indexes for dumped tables
--

--
-- Indexes for table `academicyear`
--
ALTER TABLE `academicyear`
  ADD PRIMARY KEY (`academic_id`);

--
-- Indexes for table `accountant`
--
ALTER TABLE `accountant`
  ADD PRIMARY KEY (`accountant_id`);

--
-- Indexes for table `admin`
--
ALTER TABLE `admin`
  ADD PRIMARY KEY (`admin_id`);

--
-- Indexes for table `assignments`
--
ALTER TABLE `assignments`
  ADD PRIMARY KEY (`assignment_id`);

--
-- Indexes for table `attendence`
--
ALTER TABLE `attendence`
  ADD PRIMARY KEY (`attendence_id`);

--
-- Indexes for table `book`
--
ALTER TABLE `book`
  ADD PRIMARY KEY (`book_id`);

--
-- Indexes for table `books_category`
--
ALTER TABLE `books_category`
  ADD PRIMARY KEY (`books_category_id`),
  ADD KEY `books_category_id` (`books_category_id`);

--
-- Indexes for table `calendar`
--
ALTER TABLE `calendar`
  ADD PRIMARY KEY (`date`);

--
-- Indexes for table `cce_assessment`
--
ALTER TABLE `cce_assessment`
  ADD PRIMARY KEY (`term_id`);

--
-- Indexes for table `cce_assessment_assign`
--
ALTER TABLE `cce_assessment_assign`
  ADD PRIMARY KEY (`assessement_id`);

--
-- Indexes for table `cce_attendance`
--
ALTER TABLE `cce_attendance`
  ADD PRIMARY KEY (`attendance_id`);

--
-- Indexes for table `cce_category`
--
ALTER TABLE `cce_category`
  ADD PRIMARY KEY (`cce_id`);

--
-- Indexes for table `cce_class_indicator`
--
ALTER TABLE `cce_class_indicator`
  ADD PRIMARY KEY (`ci_id`);

--
-- Indexes for table `cce_grades`
--
ALTER TABLE `cce_grades`
  ADD PRIMARY KEY (`grade_id`);

--
-- Indexes for table `cce_gradesets`
--
ALTER TABLE `cce_gradesets`
  ADD PRIMARY KEY (`set_id`);

--
-- Indexes for table `cce_grade_skills`
--
ALTER TABLE `cce_grade_skills`
  ADD PRIMARY KEY (`grade_skill_id`);

--
-- Indexes for table `cce_indicators`
--
ALTER TABLE `cce_indicators`
  ADD PRIMARY KEY (`indicator_id`);

--
-- Indexes for table `cce_max_attendance`
--
ALTER TABLE `cce_max_attendance`
  ADD PRIMARY KEY (`max_attendance_id`);

--
-- Indexes for table `cce_skills`
--
ALTER TABLE `cce_skills`
  ADD PRIMARY KEY (`skill_id`);

--
-- Indexes for table `cce_tests`
--
ALTER TABLE `cce_tests`
  ADD PRIMARY KEY (`test_id`);

--
-- Indexes for table `class`
--
ALTER TABLE `class`
  ADD PRIMARY KEY (`class_id`);

--
-- Indexes for table `classnotice`
--
ALTER TABLE `classnotice`
  ADD PRIMARY KEY (`notice_id`);

--
-- Indexes for table `class_routine`
--
ALTER TABLE `class_routine`
  ADD PRIMARY KEY (`class_routine_id`);

--
-- Indexes for table `class_wise_fees`
--
ALTER TABLE `class_wise_fees`
  ADD PRIMARY KEY (`fee_amount_id`);

--
-- Indexes for table `daily_attendence`
--
ALTER TABLE `daily_attendence`
  ADD PRIMARY KEY (`daily_attendence_id`);

--
-- Indexes for table `daily_staffattendence`
--
ALTER TABLE `daily_staffattendence`
  ADD PRIMARY KEY (`daily_attendence_id`);

--
-- Indexes for table `data`
--
ALTER TABLE `data`
  ADD PRIMARY KEY (`id`);

--
-- Indexes for table `departments`
--
ALTER TABLE `departments`
  ADD PRIMARY KEY (`department_id`);

--
-- Indexes for table `dormitory`
--
ALTER TABLE `dormitory`
  ADD PRIMARY KEY (`dormitory_id`);

--
-- Indexes for table `ebooks`
--
ALTER TABLE `ebooks`
  ADD PRIMARY KEY (`ebooks_id`);

--
-- Indexes for table `ebooks_cat`
--
ALTER TABLE `ebooks_cat`
  ADD PRIMARY KEY (`ebooks_category_id`);

--
-- Indexes for table `email`
--
ALTER TABLE `email`
  ADD PRIMARY KEY (`id`);

--
-- Indexes for table `email_template`
--
ALTER TABLE `email_template`
  ADD PRIMARY KEY (`email_template_id`);

--
-- Indexes for table `employee_categories`
--
ALTER TABLE `employee_categories`
  ADD PRIMARY KEY (`employee_category_id`);

--
-- Indexes for table `event_category`
--
ALTER TABLE `event_category`
  ADD PRIMARY KEY (`eventcategory_id`);

--
-- Indexes for table `exam`
--
ALTER TABLE `exam`
  ADD PRIMARY KEY (`exam_id`);

--
-- Indexes for table `fees_category`
--
ALTER TABLE `fees_category`
  ADD PRIMARY KEY (`fees_category_id`),
  ADD UNIQUE KEY `fees_category_name` (`fees_category_name`),
  ADD KEY `fees_category_id` (`fees_category_id`);

--
-- Indexes for table `fee_categories`
--
ALTER TABLE `fee_categories`
  ADD PRIMARY KEY (`fee_category_id`);

--
-- Indexes for table `fee_categories_bkp`
--
ALTER TABLE `fee_categories_bkp`
  ADD PRIMARY KEY (`fee_category_id`);

--
-- Indexes for table `fee_collections`
--
ALTER TABLE `fee_collections`
  ADD PRIMARY KEY (`fee_collection_receipt`),
  ADD UNIQUE KEY `fee_collection_id` (`fee_collection_id`);

--
-- Indexes for table `fee_collections_bkp`
--
ALTER TABLE `fee_collections_bkp`
  ADD PRIMARY KEY (`fee_collection_receipt`),
  ADD UNIQUE KEY `fee_collection_id` (`fee_collection_id`);

--
-- Indexes for table `fee_particulars`
--
ALTER TABLE `fee_particulars`
  ADD PRIMARY KEY (`fee_particular_id`);

--
-- Indexes for table `fee_particulars_bkp`
--
ALTER TABLE `fee_particulars_bkp`
  ADD PRIMARY KEY (`fee_particular_id`);

--
-- Indexes for table `fee_periods`
--
ALTER TABLE `fee_periods`
  ADD PRIMARY KEY (`fee_period_id`);

--
-- Indexes for table `fee_periods_bkp`
--
ALTER TABLE `fee_periods_bkp`
  ADD PRIMARY KEY (`fee_period_id`);

--
-- Indexes for table `frontdeskenquiry_data`
--
ALTER TABLE `frontdeskenquiry_data`
  ADD PRIMARY KEY (`vid`),
  ADD UNIQUE KEY `visit_id` (`visit_id`);

--
-- Indexes for table `grade`
--
ALTER TABLE `grade`
  ADD PRIMARY KEY (`grade_id`);

--
-- Indexes for table `invoice`
--
ALTER TABLE `invoice`
  ADD PRIMARY KEY (`invoice_id`);

--
-- Indexes for table `language`
--
ALTER TABLE `language`
  ADD PRIMARY KEY (`phrase_id`);

--
-- Indexes for table `late_fee`
--
ALTER TABLE `late_fee`
  ADD PRIMARY KEY (`rec_id`);

--
-- Indexes for table `leave_data`
--
ALTER TABLE `leave_data`
  ADD PRIMARY KEY (`leave_id`);

--
-- Indexes for table `leave_types`
--
ALTER TABLE `leave_types`
  ADD PRIMARY KEY (`leave_type_id`);

--
-- Indexes for table `librarian`
--
ALTER TABLE `librarian`
  ADD PRIMARY KEY (`librarian_id`);

--
-- Indexes for table `librarian_login`
--
ALTER TABLE `librarian_login`
  ADD PRIMARY KEY (`uid`);

--
-- Indexes for table `library`
--
ALTER TABLE `library`
  ADD PRIMARY KEY (`rec_id`);

--
-- Indexes for table `mark`
--
ALTER TABLE `mark`
  ADD PRIMARY KEY (`mark_id`);

--
-- Indexes for table `noticeboard`
--
ALTER TABLE `noticeboard`
  ADD PRIMARY KEY (`notice_id`);

--
-- Indexes for table `office`
--
ALTER TABLE `office`
  ADD PRIMARY KEY (`admin_id`);

--
-- Indexes for table `onlinetest`
--
ALTER TABLE `onlinetest`
  ADD PRIMARY KEY (`onlinetest_id`);

--
-- Indexes for table `parent`
--
ALTER TABLE `parent`
  ADD PRIMARY KEY (`parent_id`);

--
-- Indexes for table `parent_enquiry`
--
ALTER TABLE `parent_enquiry`
  ADD PRIMARY KEY (`id`);

--
-- Indexes for table `payment`
--
ALTER TABLE `payment`
  ADD PRIMARY KEY (`payment_id`);

--
-- Indexes for table `placement`
--
ALTER TABLE `placement`
  ADD PRIMARY KEY (`placement_id`);

--
-- Indexes for table `poll`
--
ALTER TABLE `poll`
  ADD PRIMARY KEY (`poll_id`);

--
-- Indexes for table `polling_list`
--
ALTER TABLE `polling_list`
  ADD PRIMARY KEY (`polling_id`);

--
-- Indexes for table `poll_answer`
--
ALTER TABLE `poll_answer`
  ADD PRIMARY KEY (`pollanswer_id`);

--
-- Indexes for table `previousquestionpapers`
--
ALTER TABLE `previousquestionpapers`
  ADD PRIMARY KEY (`paperid`);

--
-- Indexes for table `principal`
--
ALTER TABLE `principal`
  ADD PRIMARY KEY (`admin_id`);

--
-- Indexes for table `room`
--
ALTER TABLE `room`
  ADD PRIMARY KEY (`room_id`);

--
-- Indexes for table `room_bkp`
--
ALTER TABLE `room_bkp`
  ADD PRIMARY KEY (`room_id`);

--
-- Indexes for table `sent_sms`
--
ALTER TABLE `sent_sms`
  ADD PRIMARY KEY (`1`);

--
-- Indexes for table `settings`
--
ALTER TABLE `settings`
  ADD PRIMARY KEY (`settings_id`);

--
-- Indexes for table `sms_template`
--
ALTER TABLE `sms_template`
  ADD PRIMARY KEY (`sms_template_id`);

--
-- Indexes for table `sports`
--
ALTER TABLE `sports`
  ADD PRIMARY KEY (`rec_id`);

--
-- Indexes for table `staffnotice`
--
ALTER TABLE `staffnotice`
  ADD PRIMARY KEY (`notice_id`);

--
-- Indexes for table `staff_attendence`
--
ALTER TABLE `staff_attendence`
  ADD PRIMARY KEY (`attendence_id`);

--
-- Indexes for table `staff_data`
--
ALTER TABLE `staff_data`
  ADD PRIMARY KEY (`staff_id`);

--
-- Indexes for table `standard`
--
ALTER TABLE `standard`
  ADD PRIMARY KEY (`standard_id`),
  ADD KEY `standard_id` (`standard_id`);

--
-- Indexes for table `student`
--
ALTER TABLE `student`
  ADD PRIMARY KEY (`student_id`);

--
-- Indexes for table `subject`
--
ALTER TABLE `subject`
  ADD PRIMARY KEY (`subject_id`);

--
-- Indexes for table `tam_country`
--
ALTER TABLE `tam_country`
  ADD PRIMARY KEY (`country_id`);

--
-- Indexes for table `tasks`
--
ALTER TABLE `tasks`
  ADD PRIMARY KEY (`task_id`);

--
-- Indexes for table `tbl_examname`
--
ALTER TABLE `tbl_examname`
  ADD PRIMARY KEY (`exam_id`);

--
-- Indexes for table `tbl_exam_timetable`
--
ALTER TABLE `tbl_exam_timetable`
  ADD PRIMARY KEY (`exam_timetable_id`);

--
-- Indexes for table `tbl_periods`
--
ALTER TABLE `tbl_periods`
  ADD PRIMARY KEY (`period_id`);

--
-- Indexes for table `tbl_time_table`
--
ALTER TABLE `tbl_time_table`
  ADD PRIMARY KEY (`time_table_id`);

--
-- Indexes for table `teacher`
--
ALTER TABLE `teacher`
  ADD PRIMARY KEY (`teacher_id`);

--
-- Indexes for table `timetables`
--
ALTER TABLE `timetables`
  ADD PRIMARY KEY (`timetable_id`);

--
-- Indexes for table `timetable_categories`
--
ALTER TABLE `timetable_categories`
  ADD PRIMARY KEY (`timetable_category_id`);

--
-- Indexes for table `transport`
--
ALTER TABLE `transport`
  ADD PRIMARY KEY (`transport_id`);

--
-- Indexes for table `transport_points`
--
ALTER TABLE `transport_points`
  ADD PRIMARY KEY (`pid`);

--
-- Indexes for table `tuition_fee`
--
ALTER TABLE `tuition_fee`
  ADD PRIMARY KEY (`rec_id`);

--
-- Indexes for table `tution`
--
ALTER TABLE `tution`
  ADD PRIMARY KEY (`rec_id`);

--
-- Indexes for table `workingdays`
--
ALTER TABLE `workingdays`
  ADD PRIMARY KEY (`work_id`);

--
-- AUTO_INCREMENT for dumped tables
--

--
-- AUTO_INCREMENT for table `academicyear`
--
ALTER TABLE `academicyear`
  MODIFY `academic_id` int(11) NOT NULL AUTO_INCREMENT, AUTO_INCREMENT=14;
--
-- AUTO_INCREMENT for table `accountant`
--
ALTER TABLE `accountant`
  MODIFY `accountant_id` int(11) NOT NULL AUTO_INCREMENT, AUTO_INCREMENT=2;
--
-- AUTO_INCREMENT for table `admin`
--
ALTER TABLE `admin`
  MODIFY `admin_id` int(11) NOT NULL AUTO_INCREMENT, AUTO_INCREMENT=2;
--
-- AUTO_INCREMENT for table `assignments`
--
ALTER TABLE `assignments`
  MODIFY `assignment_id` int(11) NOT NULL AUTO_INCREMENT;
--
-- AUTO_INCREMENT for table `attendence`
--
ALTER TABLE `attendence`
  MODIFY `attendence_id` int(11) NOT NULL AUTO_INCREMENT, AUTO_INCREMENT=207;
--
-- AUTO_INCREMENT for table `book`
--
ALTER TABLE `book`
  MODIFY `book_id` int(11) NOT NULL AUTO_INCREMENT;
--
-- AUTO_INCREMENT for table `books_category`
--
ALTER TABLE `books_category`
  MODIFY `books_category_id` int(11) NOT NULL AUTO_INCREMENT, AUTO_INCREMENT=21;
--
-- AUTO_INCREMENT for table `cce_assessment`
--
ALTER TABLE `cce_assessment`
  MODIFY `term_id` int(11) NOT NULL AUTO_INCREMENT, AUTO_INCREMENT=4;
--
-- AUTO_INCREMENT for table `cce_assessment_assign`
--
ALTER TABLE `cce_assessment_assign`
  MODIFY `assessement_id` int(11) NOT NULL AUTO_INCREMENT, AUTO_INCREMENT=5;
--
-- AUTO_INCREMENT for table `cce_attendance`
--
ALTER TABLE `cce_attendance`
  MODIFY `attendance_id` int(11) NOT NULL AUTO_INCREMENT, AUTO_INCREMENT=6;
--
-- AUTO_INCREMENT for table `cce_category`
--
ALTER TABLE `cce_category`
  MODIFY `cce_id` int(11) NOT NULL AUTO_INCREMENT, AUTO_INCREMENT=4;
--
-- AUTO_INCREMENT for table `cce_class_indicator`
--
ALTER TABLE `cce_class_indicator`
  MODIFY `ci_id` int(11) NOT NULL AUTO_INCREMENT, AUTO_INCREMENT=31;
--
-- AUTO_INCREMENT for table `cce_grades`
--
ALTER TABLE `cce_grades`
  MODIFY `grade_id` int(11) NOT NULL AUTO_INCREMENT, AUTO_INCREMENT=5;
--
-- AUTO_INCREMENT for table `cce_gradesets`
--
ALTER TABLE `cce_gradesets`
  MODIFY `set_id` int(11) NOT NULL AUTO_INCREMENT, AUTO_INCREMENT=3;
--
-- AUTO_INCREMENT for table `cce_grade_skills`
--
ALTER TABLE `cce_grade_skills`
  MODIFY `grade_skill_id` int(11) NOT NULL AUTO_INCREMENT, AUTO_INCREMENT=3;
--
-- AUTO_INCREMENT for table `cce_indicators`
--
ALTER TABLE `cce_indicators`
  MODIFY `indicator_id` int(11) NOT NULL AUTO_INCREMENT, AUTO_INCREMENT=5;
--
-- AUTO_INCREMENT for table `cce_max_attendance`
--
ALTER TABLE `cce_max_attendance`
  MODIFY `max_attendance_id` int(11) NOT NULL AUTO_INCREMENT, AUTO_INCREMENT=2;
--
-- AUTO_INCREMENT for table `cce_skills`
--
ALTER TABLE `cce_skills`
  MODIFY `skill_id` int(11) NOT NULL AUTO_INCREMENT, AUTO_INCREMENT=8;
--
-- AUTO_INCREMENT for table `cce_tests`
--
ALTER TABLE `cce_tests`
  MODIFY `test_id` int(11) NOT NULL AUTO_INCREMENT, AUTO_INCREMENT=4;
--
-- AUTO_INCREMENT for table `class`
--
ALTER TABLE `class`
  MODIFY `class_id` int(11) NOT NULL AUTO_INCREMENT, AUTO_INCREMENT=5;
--
-- AUTO_INCREMENT for table `classnotice`
--
ALTER TABLE `classnotice`
  MODIFY `notice_id` int(11) NOT NULL AUTO_INCREMENT, AUTO_INCREMENT=33;
--
-- AUTO_INCREMENT for table `class_routine`
--
ALTER TABLE `class_routine`
  MODIFY `class_routine_id` int(11) NOT NULL AUTO_INCREMENT, AUTO_INCREMENT=6;
--
-- AUTO_INCREMENT for table `class_wise_fees`
--
ALTER TABLE `class_wise_fees`
  MODIFY `fee_amount_id` int(11) NOT NULL AUTO_INCREMENT;
--
-- AUTO_INCREMENT for table `daily_attendence`
--
ALTER TABLE `daily_attendence`
  MODIFY `daily_attendence_id` int(11) NOT NULL AUTO_INCREMENT, AUTO_INCREMENT=538;
--
-- AUTO_INCREMENT for table `daily_staffattendence`
--
ALTER TABLE `daily_staffattendence`
  MODIFY `daily_attendence_id` int(11) NOT NULL AUTO_INCREMENT, AUTO_INCREMENT=280;
--
-- AUTO_INCREMENT for table `data`
--
ALTER TABLE `data`
  MODIFY `id` int(11) NOT NULL AUTO_INCREMENT, AUTO_INCREMENT=11;
--
-- AUTO_INCREMENT for table `departments`
--
ALTER TABLE `departments`
  MODIFY `department_id` int(11) NOT NULL AUTO_INCREMENT, AUTO_INCREMENT=39;
--
-- AUTO_INCREMENT for table `dormitory`
--
ALTER TABLE `dormitory`
  MODIFY `dormitory_id` int(11) NOT NULL AUTO_INCREMENT, AUTO_INCREMENT=2;
--
-- AUTO_INCREMENT for table `ebooks`
--
ALTER TABLE `ebooks`
  MODIFY `ebooks_id` int(11) NOT NULL AUTO_INCREMENT, AUTO_INCREMENT=3;
--
-- AUTO_INCREMENT for table `ebooks_cat`
--
ALTER TABLE `ebooks_cat`
  MODIFY `ebooks_category_id` int(11) NOT NULL AUTO_INCREMENT, AUTO_INCREMENT=7;
--
-- AUTO_INCREMENT for table `email`
--
ALTER TABLE `email`
  MODIFY `id` int(11) NOT NULL AUTO_INCREMENT, AUTO_INCREMENT=87;
--
-- AUTO_INCREMENT for table `email_template`
--
ALTER TABLE `email_template`
  MODIFY `email_template_id` int(11) NOT NULL AUTO_INCREMENT;
--
-- AUTO_INCREMENT for table `employee_categories`
--
ALTER TABLE `employee_categories`
  MODIFY `employee_category_id` int(11) NOT NULL AUTO_INCREMENT, AUTO_INCREMENT=15;
--
-- AUTO_INCREMENT for table `event_category`
--
ALTER TABLE `event_category`
  MODIFY `eventcategory_id` int(11) NOT NULL AUTO_INCREMENT, AUTO_INCREMENT=6;
--
-- AUTO_INCREMENT for table `exam`
--
ALTER TABLE `exam`
  MODIFY `exam_id` int(11) NOT NULL AUTO_INCREMENT, AUTO_INCREMENT=5;
--
-- AUTO_INCREMENT for table `fees_category`
--
ALTER TABLE `fees_category`
  MODIFY `fees_category_id` int(11) NOT NULL AUTO_INCREMENT, AUTO_INCREMENT=9;
--
-- AUTO_INCREMENT for table `fee_categories`
--
ALTER TABLE `fee_categories`
  MODIFY `fee_category_id` int(11) NOT NULL AUTO_INCREMENT, AUTO_INCREMENT=18;
--
-- AUTO_INCREMENT for table `fee_categories_bkp`
--
ALTER TABLE `fee_categories_bkp`
  MODIFY `fee_category_id` int(11) NOT NULL AUTO_INCREMENT, AUTO_INCREMENT=36;
--
-- AUTO_INCREMENT for table `fee_collections`
--
ALTER TABLE `fee_collections`
  MODIFY `fee_collection_receipt` bigint(11) NOT NULL AUTO_INCREMENT, AUTO_INCREMENT=67;
--
-- AUTO_INCREMENT for table `fee_collections_bkp`
--
ALTER TABLE `fee_collections_bkp`
  MODIFY `fee_collection_receipt` bigint(11) NOT NULL AUTO_INCREMENT, AUTO_INCREMENT=155;
--
-- AUTO_INCREMENT for table `fee_particulars`
--
ALTER TABLE `fee_particulars`
  MODIFY `fee_particular_id` int(11) NOT NULL AUTO_INCREMENT, AUTO_INCREMENT=24;
--
-- AUTO_INCREMENT for table `fee_particulars_bkp`
--
ALTER TABLE `fee_particulars_bkp`
  MODIFY `fee_particular_id` int(11) NOT NULL AUTO_INCREMENT, AUTO_INCREMENT=51;
--
-- AUTO_INCREMENT for table `fee_periods`
--
ALTER TABLE `fee_periods`
  MODIFY `fee_period_id` int(11) NOT NULL AUTO_INCREMENT, AUTO_INCREMENT=41;
--
-- AUTO_INCREMENT for table `fee_periods_bkp`
--
ALTER TABLE `fee_periods_bkp`
  MODIFY `fee_period_id` int(11) NOT NULL AUTO_INCREMENT, AUTO_INCREMENT=29;
--
-- AUTO_INCREMENT for table `frontdeskenquiry_data`
--
ALTER TABLE `frontdeskenquiry_data`
  MODIFY `vid` int(11) NOT NULL AUTO_INCREMENT, AUTO_INCREMENT=16;
--
-- AUTO_INCREMENT for table `grade`
--
ALTER TABLE `grade`
  MODIFY `grade_id` int(11) NOT NULL AUTO_INCREMENT, AUTO_INCREMENT=2;
--
-- AUTO_INCREMENT for table `invoice`
--
ALTER TABLE `invoice`
  MODIFY `invoice_id` int(11) NOT NULL AUTO_INCREMENT;
--
-- AUTO_INCREMENT for table `language`
--
ALTER TABLE `language`
  MODIFY `phrase_id` int(11) NOT NULL AUTO_INCREMENT, AUTO_INCREMENT=3303;
--
-- AUTO_INCREMENT for table `late_fee`
--
ALTER TABLE `late_fee`
  MODIFY `rec_id` int(11) NOT NULL AUTO_INCREMENT;
--
-- AUTO_INCREMENT for table `leave_data`
--
ALTER TABLE `leave_data`
  MODIFY `leave_id` int(11) NOT NULL AUTO_INCREMENT, AUTO_INCREMENT=14;
--
-- AUTO_INCREMENT for table `leave_types`
--
ALTER TABLE `leave_types`
  MODIFY `leave_type_id` int(11) NOT NULL AUTO_INCREMENT, AUTO_INCREMENT=18;
--
-- AUTO_INCREMENT for table `librarian`
--
ALTER TABLE `librarian`
  MODIFY `librarian_id` int(11) NOT NULL AUTO_INCREMENT, AUTO_INCREMENT=2;
--
-- AUTO_INCREMENT for table `librarian_login`
--
ALTER TABLE `librarian_login`
  MODIFY `uid` int(10) NOT NULL AUTO_INCREMENT;
--
-- AUTO_INCREMENT for table `library`
--
ALTER TABLE `library`
  MODIFY `rec_id` int(11) NOT NULL AUTO_INCREMENT;
--
-- AUTO_INCREMENT for table `mark`
--
ALTER TABLE `mark`
  MODIFY `mark_id` int(11) NOT NULL AUTO_INCREMENT, AUTO_INCREMENT=18;
--
-- AUTO_INCREMENT for table `noticeboard`
--
ALTER TABLE `noticeboard`
  MODIFY `notice_id` int(11) NOT NULL AUTO_INCREMENT, AUTO_INCREMENT=3;
--
-- AUTO_INCREMENT for table `office`
--
ALTER TABLE `office`
  MODIFY `admin_id` int(11) NOT NULL AUTO_INCREMENT, AUTO_INCREMENT=2;
--
-- AUTO_INCREMENT for table `onlinetest`
--
ALTER TABLE `onlinetest`
  MODIFY `onlinetest_id` int(11) NOT NULL AUTO_INCREMENT, AUTO_INCREMENT=18;
--
-- AUTO_INCREMENT for table `parent`
--
ALTER TABLE `parent`
  MODIFY `parent_id` int(11) NOT NULL AUTO_INCREMENT, AUTO_INCREMENT=11;
--
-- AUTO_INCREMENT for table `parent_enquiry`
--
ALTER TABLE `parent_enquiry`
  MODIFY `id` int(11) NOT NULL AUTO_INCREMENT, AUTO_INCREMENT=45;
--
-- AUTO_INCREMENT for table `payment`
--
ALTER TABLE `payment`
  MODIFY `payment_id` int(11) NOT NULL AUTO_INCREMENT;
--
-- AUTO_INCREMENT for table `placement`
--
ALTER TABLE `placement`
  MODIFY `placement_id` int(11) NOT NULL AUTO_INCREMENT, AUTO_INCREMENT=10;
--
-- AUTO_INCREMENT for table `poll`
--
ALTER TABLE `poll`
  MODIFY `poll_id` int(11) NOT NULL AUTO_INCREMENT, AUTO_INCREMENT=6;
--
-- AUTO_INCREMENT for table `polling_list`
--
ALTER TABLE `polling_list`
  MODIFY `polling_id` int(11) NOT NULL AUTO_INCREMENT, AUTO_INCREMENT=9;
--
-- AUTO_INCREMENT for table `poll_answer`
--
ALTER TABLE `poll_answer`
  MODIFY `pollanswer_id` int(11) NOT NULL AUTO_INCREMENT, AUTO_INCREMENT=14;
--
-- AUTO_INCREMENT for table `previousquestionpapers`
--
ALTER TABLE `previousquestionpapers`
  MODIFY `paperid` int(11) NOT NULL AUTO_INCREMENT, AUTO_INCREMENT=42;
--
-- AUTO_INCREMENT for table `principal`
--
ALTER TABLE `principal`
  MODIFY `admin_id` int(11) NOT NULL AUTO_INCREMENT, AUTO_INCREMENT=2;
--
-- AUTO_INCREMENT for table `room`
--
ALTER TABLE `room`
  MODIFY `room_id` int(11) NOT NULL AUTO_INCREMENT, AUTO_INCREMENT=34;
--
-- AUTO_INCREMENT for table `room_bkp`
--
ALTER TABLE `room_bkp`
  MODIFY `room_id` int(11) NOT NULL AUTO_INCREMENT, AUTO_INCREMENT=25;
--
-- AUTO_INCREMENT for table `sent_sms`
--
ALTER TABLE `sent_sms`
  MODIFY `1` int(11) NOT NULL AUTO_INCREMENT;
--
-- AUTO_INCREMENT for table `settings`
--
ALTER TABLE `settings`
  MODIFY `settings_id` int(11) NOT NULL AUTO_INCREMENT, AUTO_INCREMENT=8;
--
-- AUTO_INCREMENT for table `sms_template`
--
ALTER TABLE `sms_template`
  MODIFY `sms_template_id` int(11) NOT NULL AUTO_INCREMENT, AUTO_INCREMENT=4;
--
-- AUTO_INCREMENT for table `sports`
--
ALTER TABLE `sports`
  MODIFY `rec_id` int(11) NOT NULL AUTO_INCREMENT;
--
-- AUTO_INCREMENT for table `staffnotice`
--
ALTER TABLE `staffnotice`
  MODIFY `notice_id` int(11) NOT NULL AUTO_INCREMENT, AUTO_INCREMENT=28;
--
-- AUTO_INCREMENT for table `staff_attendence`
--
ALTER TABLE `staff_attendence`
  MODIFY `attendence_id` int(11) NOT NULL AUTO_INCREMENT, AUTO_INCREMENT=908;
--
-- AUTO_INCREMENT for table `staff_data`
--
ALTER TABLE `staff_data`
  MODIFY `staff_id` int(11) NOT NULL AUTO_INCREMENT, AUTO_INCREMENT=4;
--
-- AUTO_INCREMENT for table `standard`
--
ALTER TABLE `standard`
  MODIFY `standard_id` int(11) NOT NULL AUTO_INCREMENT, AUTO_INCREMENT=25;
--
-- AUTO_INCREMENT for table `student`
--
ALTER TABLE `student`
  MODIFY `student_id` int(11) NOT NULL AUTO_INCREMENT, AUTO_INCREMENT=4;
--
-- AUTO_INCREMENT for table `subject`
--
ALTER TABLE `subject`
  MODIFY `subject_id` int(11) NOT NULL AUTO_INCREMENT, AUTO_INCREMENT=5;
--
-- AUTO_INCREMENT for table `tam_country`
--
ALTER TABLE `tam_country`
  MODIFY `country_id` int(11) NOT NULL AUTO_INCREMENT, AUTO_INCREMENT=252;
--
-- AUTO_INCREMENT for table `tasks`
--
ALTER TABLE `tasks`
  MODIFY `task_id` int(11) NOT NULL AUTO_INCREMENT, AUTO_INCREMENT=27;
--
-- AUTO_INCREMENT for table `tbl_examname`
--
ALTER TABLE `tbl_examname`
  MODIFY `exam_id` int(11) NOT NULL AUTO_INCREMENT, AUTO_INCREMENT=7;
--
-- AUTO_INCREMENT for table `tbl_exam_timetable`
--
ALTER TABLE `tbl_exam_timetable`
  MODIFY `exam_timetable_id` int(11) NOT NULL AUTO_INCREMENT, AUTO_INCREMENT=21;
--
-- AUTO_INCREMENT for table `tbl_periods`
--
ALTER TABLE `tbl_periods`
  MODIFY `period_id` int(11) NOT NULL AUTO_INCREMENT, AUTO_INCREMENT=16;
--
-- AUTO_INCREMENT for table `tbl_time_table`
--
ALTER TABLE `tbl_time_table`
  MODIFY `time_table_id` int(11) NOT NULL AUTO_INCREMENT, AUTO_INCREMENT=29;
--
-- AUTO_INCREMENT for table `teacher`
--
ALTER TABLE `teacher`
  MODIFY `teacher_id` int(11) NOT NULL AUTO_INCREMENT, AUTO_INCREMENT=6;
--
-- AUTO_INCREMENT for table `timetables`
--
ALTER TABLE `timetables`
  MODIFY `timetable_id` int(11) NOT NULL AUTO_INCREMENT, AUTO_INCREMENT=25;
--
-- AUTO_INCREMENT for table `timetable_categories`
--
ALTER TABLE `timetable_categories`
  MODIFY `timetable_category_id` int(11) NOT NULL AUTO_INCREMENT, AUTO_INCREMENT=18;
--
-- AUTO_INCREMENT for table `transport`
--
ALTER TABLE `transport`
  MODIFY `transport_id` int(11) NOT NULL AUTO_INCREMENT, AUTO_INCREMENT=3;
--
-- AUTO_INCREMENT for table `transport_points`
--
ALTER TABLE `transport_points`
  MODIFY `pid` int(11) NOT NULL AUTO_INCREMENT, AUTO_INCREMENT=37;
--
-- AUTO_INCREMENT for table `tuition_fee`
--
ALTER TABLE `tuition_fee`
  MODIFY `rec_id` int(11) NOT NULL AUTO_INCREMENT;
--
-- AUTO_INCREMENT for table `tution`
--
ALTER TABLE `tution`
  MODIFY `rec_id` int(11) NOT NULL AUTO_INCREMENT;
--
-- AUTO_INCREMENT for table `workingdays`
--
ALTER TABLE `workingdays`
  MODIFY `work_id` int(11) NOT NULL AUTO_INCREMENT, AUTO_INCREMENT=13;
/*!40101 SET CHARACTER_SET_CLIENT=@OLD_CHARACTER_SET_CLIENT */;
/*!40101 SET CHARACTER_SET_RESULTS=@OLD_CHARACTER_SET_RESULTS */;
/*!40101 SET COLLATION_CONNECTION=@OLD_COLLATION_CONNECTION */;
